"side","category","vanilla_id","file","reason","observation_type"
"resource","blockstates","minecraft:blockstates/allium.json","assets/minecraft/blockstates/allium.json","observed file is placed in the minecraft namespace","observed"
"resource","blockstates","minecraft:blockstates/bedrock_buster.json","assets/minecraft/blockstates/bedrock_buster.json","observed file is placed in the minecraft namespace","observed"
"resource","blockstates","minecraft:blockstates/brick_slab.json","assets/minecraft/blockstates/brick_slab.json","observed file is placed in the minecraft namespace","observed"
"resource","blockstates","minecraft:blockstates/carrots.json","assets/minecraft/blockstates/carrots.json","observed file is placed in the minecraft namespace","observed"
"resource","blockstates","minecraft:blockstates/coarse_dirt.json","assets/minecraft/blockstates/coarse_dirt.json","observed file is placed in the minecraft namespace","observed"
"resource","blockstates","minecraft:blockstates/dandelion.json","assets/minecraft/blockstates/dandelion.json","observed file is placed in the minecraft namespace","observed"
"resource","blockstates","minecraft:blockstates/dark_oak_slab.json","assets/minecraft/blockstates/dark_oak_slab.json","observed file is placed in the minecraft namespace","observed"
"resource","blockstates","minecraft:blockstates/dead_bush.json","assets/minecraft/blockstates/dead_bush.json","observed file is placed in the minecraft namespace","observed"
"resource","blockstates","minecraft:blockstates/dirt.json","assets/minecraft/blockstates/dirt.json","observed file is placed in the minecraft namespace","observed"
"resource","blockstates","minecraft:blockstates/glow_lichen.json","assets/minecraft/blockstates/glow_lichen.json","observed file is placed in the minecraft namespace","observed"
"resource","blockstates","minecraft:blockstates/golden_dandelion.json","assets/minecraft/blockstates/golden_dandelion.json","observed file is placed in the minecraft namespace","observed"
"resource","blockstates","minecraft:blockstates/granite_slab.json","assets/minecraft/blockstates/granite_slab.json","observed file is placed in the minecraft namespace","observed"
"resource","blockstates","minecraft:blockstates/gravel.json","assets/minecraft/blockstates/gravel.json","observed file is placed in the minecraft namespace","observed"
"resource","blockstates","minecraft:blockstates/lily_of_the_valley.json","assets/minecraft/blockstates/lily_of_the_valley.json","observed file is placed in the minecraft namespace","observed"
"resource","blockstates","minecraft:blockstates/lily_pad.json","assets/minecraft/blockstates/lily_pad.json","observed file is placed in the minecraft namespace","observed"
"resource","blockstates","minecraft:blockstates/oak_trapdoor.json","assets/minecraft/blockstates/oak_trapdoor.json","observed file is placed in the minecraft namespace","observed"
"resource","blockstates","minecraft:blockstates/oxeye_daisy.json","assets/minecraft/blockstates/oxeye_daisy.json","observed file is placed in the minecraft namespace","observed"
"resource","blockstates","minecraft:blockstates/petrified_oak_slab.json","assets/minecraft/blockstates/petrified_oak_slab.json","observed file is placed in the minecraft namespace","observed"
"resource","blockstates","minecraft:blockstates/podzol.json","assets/minecraft/blockstates/podzol.json","observed file is placed in the minecraft namespace","observed"
"resource","blockstates","minecraft:blockstates/polished_diorite_slab.json","assets/minecraft/blockstates/polished_diorite_slab.json","observed file is placed in the minecraft namespace","observed"
"resource","blockstates","minecraft:blockstates/polished_granite_slab.json","assets/minecraft/blockstates/polished_granite_slab.json","observed file is placed in the minecraft namespace","observed"
"resource","blockstates","minecraft:blockstates/potatoes.json","assets/minecraft/blockstates/potatoes.json","observed file is placed in the minecraft namespace","observed"
"resource","blockstates","minecraft:blockstates/potted_allium.json","assets/minecraft/blockstates/potted_allium.json","observed file is placed in the minecraft namespace","observed"
"resource","blockstates","minecraft:blockstates/potted_dandelion.json","assets/minecraft/blockstates/potted_dandelion.json","observed file is placed in the minecraft namespace","observed"
"resource","blockstates","minecraft:blockstates/rooted_dirt.json","assets/minecraft/blockstates/rooted_dirt.json","observed file is placed in the minecraft namespace","observed"
"resource","blockstates","minecraft:blockstates/short_grass.json","assets/minecraft/blockstates/short_grass.json","observed file is placed in the minecraft namespace","observed"
"resource","blockstates","minecraft:blockstates/smooth_red_sandstone_slab.json","assets/minecraft/blockstates/smooth_red_sandstone_slab.json","observed file is placed in the minecraft namespace","observed"
"resource","blockstates","minecraft:blockstates/spruce_slab.json","assets/minecraft/blockstates/spruce_slab.json","observed file is placed in the minecraft namespace","observed"
"resource","blockstates","minecraft:blockstates/warding_stone.json","assets/minecraft/blockstates/warding_stone.json","observed file is placed in the minecraft namespace","observed"
"resource","blockstates","minecraft:blockstates/wheat.json","assets/minecraft/blockstates/wheat.json","observed file is placed in the minecraft namespace","observed"
"resource","equipment","minecraft:equipment/amber_earrings.json","assets/minecraft/equipment/amber_earrings.json","observed file is placed in the minecraft namespace","observed"
"resource","equipment","minecraft:equipment/bronze.json","assets/minecraft/equipment/bronze.json","observed file is placed in the minecraft namespace","observed"
"resource","equipment","minecraft:equipment/bronze_elytra.json","assets/minecraft/equipment/bronze_elytra.json","observed file is placed in the minecraft namespace","observed"
"resource","equipment","minecraft:equipment/bronze_laurel.json","assets/minecraft/equipment/bronze_laurel.json","observed file is placed in the minecraft namespace","observed"
"resource","equipment","minecraft:equipment/electrum.json","assets/minecraft/equipment/electrum.json","observed file is placed in the minecraft namespace","observed"
"resource","equipment","minecraft:equipment/opal_earrings.json","assets/minecraft/equipment/opal_earrings.json","observed file is placed in the minecraft namespace","observed"
"resource","equipment","minecraft:equipment/ruby_circlet.json","assets/minecraft/equipment/ruby_circlet.json","observed file is placed in the minecraft namespace","observed"
"resource","equipment","minecraft:equipment/shakudo.json","assets/minecraft/equipment/shakudo.json","observed file is placed in the minecraft namespace","observed"
"resource","equipment","minecraft:equipment/shakudo_elytra.json","assets/minecraft/equipment/shakudo_elytra.json","observed file is placed in the minecraft namespace","observed"
"resource","equipment","minecraft:equipment/steel.json","assets/minecraft/equipment/steel.json","observed file is placed in the minecraft namespace","observed"
"resource","equipment","minecraft:equipment/sturdy_leather.json","assets/minecraft/equipment/sturdy_leather.json","observed file is placed in the minecraft namespace","observed"
"resource","equipment","minecraft:equipment/topaz_earrings.json","assets/minecraft/equipment/topaz_earrings.json","observed file is placed in the minecraft namespace","observed"
"resource","equipment","minecraft:equipment/vermeil.json","assets/minecraft/equipment/vermeil.json","observed file is placed in the minecraft namespace","observed"
"resource","fonts","minecraft:font/default.json","assets/minecraft/font/default.json","observed file is placed in the minecraft namespace","observed"
"resource","item-definitions","minecraft:items/abbey_map.json","assets/minecraft/items/abbey_map.json","observed file is placed in the minecraft namespace","observed"
"resource","item-definitions","minecraft:items/adamant_claymore.json","assets/minecraft/items/adamant_claymore.json","observed file is placed in the minecraft namespace","observed"
"resource","item-definitions","minecraft:items/adamant_dolabra.json","assets/minecraft/items/adamant_dolabra.json","observed file is placed in the minecraft namespace","observed"
"resource","item-definitions","minecraft:items/adamant_mattock.json","assets/minecraft/items/adamant_mattock.json","observed file is placed in the minecraft namespace","observed"
"resource","item-definitions","minecraft:items/alaska_blackfish.json","assets/minecraft/items/alaska_blackfish.json","observed file is placed in the minecraft namespace","observed"
"resource","item-definitions","minecraft:items/amber.json","assets/minecraft/items/amber.json","observed file is placed in the minecraft namespace","observed"
"resource","item-definitions","minecraft:items/amber_earrings.json","assets/minecraft/items/amber_earrings.json","observed file is placed in the minecraft namespace","observed"
"resource","item-definitions","minecraft:items/amnestic.json","assets/minecraft/items/amnestic.json","observed file is placed in the minecraft namespace","observed"
"resource","item-definitions","minecraft:items/amnestic_wrapped.json","assets/minecraft/items/amnestic_wrapped.json","observed file is placed in the minecraft namespace","observed"
"resource","item-definitions","minecraft:items/anchovy.json","assets/minecraft/items/anchovy.json","observed file is placed in the minecraft namespace","observed"
"resource","item-definitions","minecraft:items/apotropaic_arrow.json","assets/minecraft/items/apotropaic_arrow.json","observed file is placed in the minecraft namespace","observed"
"resource","item-definitions","minecraft:items/apple_empanada.json","assets/minecraft/items/apple_empanada.json","observed file is placed in the minecraft namespace","observed"
"resource","item-definitions","minecraft:items/application.json","assets/minecraft/items/application.json","observed file is placed in the minecraft namespace","observed"
"resource","item-definitions","minecraft:items/arapaima.json","assets/minecraft/items/arapaima.json","observed file is placed in the minecraft namespace","observed"
"resource","item-definitions","minecraft:items/archaeologists_brush.json","assets/minecraft/items/archaeologists_brush.json","observed file is placed in the minecraft namespace","observed"
"resource","item-definitions","minecraft:items/armoured_catfish.json","assets/minecraft/items/armoured_catfish.json","observed file is placed in the minecraft namespace","observed"
"resource","item-definitions","minecraft:items/avesta.json","assets/minecraft/items/avesta.json","observed file is placed in the minecraft namespace","observed"
"resource","item-definitions","minecraft:items/axolotl.json","assets/minecraft/items/axolotl.json","observed file is placed in the minecraft namespace","observed"
"resource","item-definitions","minecraft:items/baked_golden_apple.json","assets/minecraft/items/baked_golden_apple.json","observed file is placed in the minecraft namespace","observed"
"resource","item-definitions","minecraft:items/bass.json","assets/minecraft/items/bass.json","observed file is placed in the minecraft namespace","observed"
"resource","item-definitions","minecraft:items/beacon_kindling.json","assets/minecraft/items/beacon_kindling.json","observed file is placed in the minecraft namespace","observed"
"resource","item-definitions","minecraft:items/bedrock_buster.json","assets/minecraft/items/bedrock_buster.json","observed file is placed in the minecraft namespace","observed"
"resource","item-definitions","minecraft:items/black_seabass.json","assets/minecraft/items/black_seabass.json","observed file is placed in the minecraft namespace","observed"
"resource","item-definitions","minecraft:items/blessing_aeolus.json","assets/minecraft/items/blessing_aeolus.json","observed file is placed in the minecraft namespace","observed"
"resource","item-definitions","minecraft:items/blessing_apollo.json","assets/minecraft/items/blessing_apollo.json","observed file is placed in the minecraft namespace","observed"
"resource","item-definitions","minecraft:items/blessing_arachnae.json","assets/minecraft/items/blessing_arachnae.json","observed file is placed in the minecraft namespace","observed"
"resource","item-definitions","minecraft:items/blessing_ares.json","assets/minecraft/items/blessing_ares.json","observed file is placed in the minecraft namespace","observed"
"resource","item-definitions","minecraft:items/blessing_artemis.json","assets/minecraft/items/blessing_artemis.json","observed file is placed in the minecraft namespace","observed"
"resource","item-definitions","minecraft:items/blessing_clement.json","assets/minecraft/items/blessing_clement.json","observed file is placed in the minecraft namespace","observed"
"resource","item-definitions","minecraft:items/blessing_cronus.json","assets/minecraft/items/blessing_cronus.json","observed file is placed in the minecraft namespace","observed"
"resource","item-definitions","minecraft:items/blessing_daedalus.json","assets/minecraft/items/blessing_daedalus.json","observed file is placed in the minecraft namespace","observed"
"resource","item-definitions","minecraft:items/blessing_demeter.json","assets/minecraft/items/blessing_demeter.json","observed file is placed in the minecraft namespace","observed"
"resource","item-definitions","minecraft:items/blessing_eros.json","assets/minecraft/items/blessing_eros.json","observed file is placed in the minecraft namespace","observed"
"resource","item-definitions","minecraft:items/blessing_glaucus.json","assets/minecraft/items/blessing_glaucus.json","observed file is placed in the minecraft namespace","observed"
"resource","item-definitions","minecraft:items/blessing_god_king.json","assets/minecraft/items/blessing_god_king.json","observed file is placed in the minecraft namespace","observed"
"resource","item-definitions","minecraft:items/blessing_hyacinthus.json","assets/minecraft/items/blessing_hyacinthus.json","observed file is placed in the minecraft namespace","observed"
"resource","item-definitions","minecraft:items/blessing_icarus.json","assets/minecraft/items/blessing_icarus.json","observed file is placed in the minecraft namespace","observed"
"resource","item-definitions","minecraft:items/blessing_lu_ban.json","assets/minecraft/items/blessing_lu_ban.json","observed file is placed in the minecraft namespace","observed"
"resource","item-definitions","minecraft:items/blessing_paris.json","assets/minecraft/items/blessing_paris.json","observed file is placed in the minecraft namespace","observed"
"resource","item-definitions","minecraft:items/blessing_prometheus.json","assets/minecraft/items/blessing_prometheus.json","observed file is placed in the minecraft namespace","observed"
"resource","item-definitions","minecraft:items/blessing_talos.json","assets/minecraft/items/blessing_talos.json","observed file is placed in the minecraft namespace","observed"
"resource","item-definitions","minecraft:items/blessing_warding.json","assets/minecraft/items/blessing_warding.json","observed file is placed in the minecraft namespace","observed"
"resource","item-definitions","minecraft:items/blessing_will.json","assets/minecraft/items/blessing_will.json","observed file is placed in the minecraft namespace","observed"
"resource","item-definitions","minecraft:items/blessing_yama.json","assets/minecraft/items/blessing_yama.json","observed file is placed in the minecraft namespace","observed"
"resource","item-definitions","minecraft:items/blessing_yamm.json","assets/minecraft/items/blessing_yamm.json","observed file is placed in the minecraft namespace","observed"
"resource","item-definitions","minecraft:items/bloodrage_hatchet.json","assets/minecraft/items/bloodrage_hatchet.json","observed file is placed in the minecraft namespace","observed"
"resource","item-definitions","minecraft:items/bluegill.json","assets/minecraft/items/bluegill.json","observed file is placed in the minecraft namespace","observed"
"resource","item-definitions","minecraft:items/bokguk.json","assets/minecraft/items/bokguk.json","observed file is placed in the minecraft namespace","observed"
"resource","item-definitions","minecraft:items/braised_brown_mushroom.json","assets/minecraft/items/braised_brown_mushroom.json","observed file is placed in the minecraft namespace","observed"
"resource","item-definitions","minecraft:items/braised_crimson_fungus.json","assets/minecraft/items/braised_crimson_fungus.json","observed file is placed in the minecraft namespace","observed"
"resource","item-definitions","minecraft:items/braised_red_mushroom.json","assets/minecraft/items/braised_red_mushroom.json","observed file is placed in the minecraft namespace","observed"
"resource","item-definitions","minecraft:items/braised_warped_fungus.json","assets/minecraft/items/braised_warped_fungus.json","observed file is placed in the minecraft namespace","observed"
"resource","item-definitions","minecraft:items/bronze_axe.json","assets/minecraft/items/bronze_axe.json","observed file is placed in the minecraft namespace","observed"
"resource","item-definitions","minecraft:items/bronze_boots.json","assets/minecraft/items/bronze_boots.json","observed file is placed in the minecraft namespace","observed"
"resource","item-definitions","minecraft:items/bronze_chestplate.json","assets/minecraft/items/bronze_chestplate.json","observed file is placed in the minecraft namespace","observed"
"resource","item-definitions","minecraft:items/bronze_dolabra.json","assets/minecraft/items/bronze_dolabra.json","observed file is placed in the minecraft namespace","observed"
"resource","item-definitions","minecraft:items/bronze_elytra.json","assets/minecraft/items/bronze_elytra.json","observed file is placed in the minecraft namespace","observed"
"resource","item-definitions","minecraft:items/bronze_helmet.json","assets/minecraft/items/bronze_helmet.json","observed file is placed in the minecraft namespace","observed"
"resource","item-definitions","minecraft:items/bronze_hoe.json","assets/minecraft/items/bronze_hoe.json","observed file is placed in the minecraft namespace","observed"
"resource","item-definitions","minecraft:items/bronze_laurel.json","assets/minecraft/items/bronze_laurel.json","observed file is placed in the minecraft namespace","observed"
"resource","item-definitions","minecraft:items/bronze_leggings.json","assets/minecraft/items/bronze_leggings.json","observed file is placed in the minecraft namespace","observed"
"resource","item-definitions","minecraft:items/bronze_mattock.json","assets/minecraft/items/bronze_mattock.json","observed file is placed in the minecraft namespace","observed"
"resource","item-definitions","minecraft:items/bronze_pickaxe.json","assets/minecraft/items/bronze_pickaxe.json","observed file is placed in the minecraft namespace","observed"
"resource","item-definitions","minecraft:items/bronze_shears.json","assets/minecraft/items/bronze_shears.json","observed file is placed in the minecraft namespace","observed"
"resource","item-definitions","minecraft:items/bronze_shovel.json","assets/minecraft/items/bronze_shovel.json","observed file is placed in the minecraft namespace","observed"
"resource","item-definitions","minecraft:items/bronze_spear.json","assets/minecraft/items/bronze_spear.json","observed file is placed in the minecraft namespace","observed"
"resource","item-definitions","minecraft:items/bronze_sword.json","assets/minecraft/items/bronze_sword.json","observed file is placed in the minecraft namespace","observed"
"resource","item-definitions","minecraft:items/brownie.json","assets/minecraft/items/brownie.json","observed file is placed in the minecraft namespace","observed"
"resource","item-definitions","minecraft:items/bruschetta.json","assets/minecraft/items/bruschetta.json","observed file is placed in the minecraft namespace","observed"
"resource","item-definitions","minecraft:items/bujurqui.json","assets/minecraft/items/bujurqui.json","observed file is placed in the minecraft namespace","observed"
"resource","item-definitions","minecraft:items/butcher_knife.json","assets/minecraft/items/butcher_knife.json","observed file is placed in the minecraft namespace","observed"
"resource","item-definitions","minecraft:items/buttered_apple.json","assets/minecraft/items/buttered_apple.json","observed file is placed in the minecraft namespace","observed"
"resource","item-definitions","minecraft:items/canned_apples.json","assets/minecraft/items/canned_apples.json","observed file is placed in the minecraft namespace","observed"
"resource","item-definitions","minecraft:items/canned_golden_apples.json","assets/minecraft/items/canned_golden_apples.json","observed file is placed in the minecraft namespace","observed"
"resource","item-definitions","minecraft:items/carp.json","assets/minecraft/items/carp.json","observed file is placed in the minecraft namespace","observed"
"resource","item-definitions","minecraft:items/carrot_cupcake.json","assets/minecraft/items/carrot_cupcake.json","observed file is placed in the minecraft namespace","observed"
"resource","item-definitions","minecraft:items/catfish.json","assets/minecraft/items/catfish.json","observed file is placed in the minecraft namespace","observed"
"resource","item-definitions","minecraft:items/char.json","assets/minecraft/items/char.json","observed file is placed in the minecraft namespace","observed"
"resource","item-definitions","minecraft:items/charred_fish.json","assets/minecraft/items/charred_fish.json","observed file is placed in the minecraft namespace","observed"
"resource","item-definitions","minecraft:items/charred_meat.json","assets/minecraft/items/charred_meat.json","observed file is placed in the minecraft namespace","observed"
"resource","item-definitions","minecraft:items/charred_potato.json","assets/minecraft/items/charred_potato.json","observed file is placed in the minecraft namespace","observed"
"resource","item-definitions","minecraft:items/cheerful_clay_statue.json","assets/minecraft/items/cheerful_clay_statue.json","observed file is placed in the minecraft namespace","observed"
"resource","item-definitions","minecraft:items/cheese_pizza.json","assets/minecraft/items/cheese_pizza.json","observed file is placed in the minecraft namespace","observed"
"resource","item-definitions","minecraft:items/chocolate.json","assets/minecraft/items/chocolate.json","observed file is placed in the minecraft namespace","observed"
"resource","item-definitions","minecraft:items/chocolate_chip_cookie.json","assets/minecraft/items/chocolate_chip_cookie.json","observed file is placed in the minecraft namespace","observed"
"resource","item-definitions","minecraft:items/chorus_mochi.json","assets/minecraft/items/chorus_mochi.json","observed file is placed in the minecraft namespace","observed"
"resource","item-definitions","minecraft:items/chorus_mochi_recipe.json","assets/minecraft/items/chorus_mochi_recipe.json","observed file is placed in the minecraft namespace","observed"
"resource","item-definitions","minecraft:items/compound_bow.json","assets/minecraft/items/compound_bow.json","observed file is placed in the minecraft namespace","observed"
"resource","item-definitions","minecraft:items/cooked_pufferfish.json","assets/minecraft/items/cooked_pufferfish.json","observed file is placed in the minecraft namespace","observed"
"resource","item-definitions","minecraft:items/copper_axe.json","assets/minecraft/items/copper_axe.json","observed file is placed in the minecraft namespace","observed"
"resource","item-definitions","minecraft:items/copper_compass.json","assets/minecraft/items/copper_compass.json","observed file is placed in the minecraft namespace","observed"
"resource","item-definitions","minecraft:items/copper_dolabra.json","assets/minecraft/items/copper_dolabra.json","observed file is placed in the minecraft namespace","observed"
"resource","item-definitions","minecraft:items/copper_hoe.json","assets/minecraft/items/copper_hoe.json","observed file is placed in the minecraft namespace","observed"
"resource","item-definitions","minecraft:items/copper_mattock.json","assets/minecraft/items/copper_mattock.json","observed file is placed in the minecraft namespace","observed"
"resource","item-definitions","minecraft:items/copper_pickaxe.json","assets/minecraft/items/copper_pickaxe.json","observed file is placed in the minecraft namespace","observed"
"resource","item-definitions","minecraft:items/copper_shears.json","assets/minecraft/items/copper_shears.json","observed file is placed in the minecraft namespace","observed"
"resource","item-definitions","minecraft:items/copper_shovel.json","assets/minecraft/items/copper_shovel.json","observed file is placed in the minecraft namespace","observed"
"resource","item-definitions","minecraft:items/copper_sword.json","assets/minecraft/items/copper_sword.json","observed file is placed in the minecraft namespace","observed"
"resource","item-definitions","minecraft:items/crappie.json","assets/minecraft/items/crappie.json","observed file is placed in the minecraft namespace","observed"
"resource","item-definitions","minecraft:items/crate_cold_cow.json","assets/minecraft/items/crate_cold_cow.json","observed file is placed in the minecraft namespace","observed"
"resource","item-definitions","minecraft:items/crate_cold_pig.json","assets/minecraft/items/crate_cold_pig.json","observed file is placed in the minecraft namespace","observed"
"resource","item-definitions","minecraft:items/crate_sheep_black.json","assets/minecraft/items/crate_sheep_black.json","observed file is placed in the minecraft namespace","observed"
"resource","item-definitions","minecraft:items/crate_sheep_brown.json","assets/minecraft/items/crate_sheep_brown.json","observed file is placed in the minecraft namespace","observed"
"resource","item-definitions","minecraft:items/crate_sheep_white.json","assets/minecraft/items/crate_sheep_white.json","observed file is placed in the minecraft namespace","observed"
"resource","item-definitions","minecraft:items/crate_temperate_cow.json","assets/minecraft/items/crate_temperate_cow.json","observed file is placed in the minecraft namespace","observed"
"resource","item-definitions","minecraft:items/crate_temperate_pig.json","assets/minecraft/items/crate_temperate_pig.json","observed file is placed in the minecraft namespace","observed"
"resource","item-definitions","minecraft:items/crate_warm_cow.json","assets/minecraft/items/crate_warm_cow.json","observed file is placed in the minecraft namespace","observed"
"resource","item-definitions","minecraft:items/crate_warm_pig.json","assets/minecraft/items/crate_warm_pig.json","observed file is placed in the minecraft namespace","observed"
"resource","item-definitions","minecraft:items/crimson_stroganoff.json","assets/minecraft/items/crimson_stroganoff.json","observed file is placed in the minecraft namespace","observed"
"resource","item-definitions","minecraft:items/crook.json","assets/minecraft/items/crook.json","observed file is placed in the minecraft namespace","observed"
"resource","item-definitions","minecraft:items/cyan_rose_classic.json","assets/minecraft/items/cyan_rose_classic.json","observed file is placed in the minecraft namespace","observed"
"resource","item-definitions","minecraft:items/dandelion_classic.json","assets/minecraft/items/dandelion_classic.json","observed file is placed in the minecraft namespace","observed"
"resource","item-definitions","minecraft:items/diamond_dolabra.json","assets/minecraft/items/diamond_dolabra.json","observed file is placed in the minecraft namespace","observed"
"resource","item-definitions","minecraft:items/diamond_mattock.json","assets/minecraft/items/diamond_mattock.json","observed file is placed in the minecraft namespace","observed"
"resource","item-definitions","minecraft:items/divine_comedy.json","assets/minecraft/items/divine_comedy.json","observed file is placed in the minecraft namespace","observed"
"resource","item-definitions","minecraft:items/echo_fish.json","assets/minecraft/items/echo_fish.json","observed file is placed in the minecraft namespace","observed"
"resource","item-definitions","minecraft:items/electrum_axe.json","assets/minecraft/items/electrum_axe.json","observed file is placed in the minecraft namespace","observed"
"resource","item-definitions","minecraft:items/electrum_boots.json","assets/minecraft/items/electrum_boots.json","observed file is placed in the minecraft namespace","observed"
"resource","item-definitions","minecraft:items/electrum_chestplate.json","assets/minecraft/items/electrum_chestplate.json","observed file is placed in the minecraft namespace","observed"
"resource","item-definitions","minecraft:items/electrum_dolabra.json","assets/minecraft/items/electrum_dolabra.json","observed file is placed in the minecraft namespace","observed"
"resource","item-definitions","minecraft:items/electrum_helmet.json","assets/minecraft/items/electrum_helmet.json","observed file is placed in the minecraft namespace","observed"
"resource","item-definitions","minecraft:items/electrum_hoe.json","assets/minecraft/items/electrum_hoe.json","observed file is placed in the minecraft namespace","observed"
"resource","item-definitions","minecraft:items/electrum_horse_armor.json","assets/minecraft/items/electrum_horse_armor.json","observed file is placed in the minecraft namespace","observed"
"resource","item-definitions","minecraft:items/electrum_leggings.json","assets/minecraft/items/electrum_leggings.json","observed file is placed in the minecraft namespace","observed"
"resource","item-definitions","minecraft:items/electrum_mattock.json","assets/minecraft/items/electrum_mattock.json","observed file is placed in the minecraft namespace","observed"
"resource","item-definitions","minecraft:items/electrum_pickaxe.json","assets/minecraft/items/electrum_pickaxe.json","observed file is placed in the minecraft namespace","observed"
"resource","item-definitions","minecraft:items/electrum_shovel.json","assets/minecraft/items/electrum_shovel.json","observed file is placed in the minecraft namespace","observed"
"resource","item-definitions","minecraft:items/electrum_spear.json","assets/minecraft/items/electrum_spear.json","observed file is placed in the minecraft namespace","observed"
"resource","item-definitions","minecraft:items/electrum_sword.json","assets/minecraft/items/electrum_sword.json","observed file is placed in the minecraft namespace","observed"
"resource","item-definitions","minecraft:items/enoch.json","assets/minecraft/items/enoch.json","observed file is placed in the minecraft namespace","observed"
"resource","item-definitions","minecraft:items/european_eel.json","assets/minecraft/items/european_eel.json","observed file is placed in the minecraft namespace","observed"
"resource","item-definitions","minecraft:items/exotic_seed_bundle.json","assets/minecraft/items/exotic_seed_bundle.json","observed file is placed in the minecraft namespace","observed"
"resource","item-definitions","minecraft:items/fish_bones.json","assets/minecraft/items/fish_bones.json","observed file is placed in the minecraft namespace","observed"
"resource","item-definitions","minecraft:items/floral_bundle.json","assets/minecraft/items/floral_bundle.json","observed file is placed in the minecraft namespace","observed"
"resource","item-definitions","minecraft:items/flounder.json","assets/minecraft/items/flounder.json","observed file is placed in the minecraft namespace","observed"
"resource","item-definitions","minecraft:items/flying_fish.json","assets/minecraft/items/flying_fish.json","observed file is placed in the minecraft namespace","observed"
"resource","item-definitions","minecraft:items/fox_pelt.json","assets/minecraft/items/fox_pelt.json","observed file is placed in the minecraft namespace","observed"
"resource","item-definitions","minecraft:items/french_toast.json","assets/minecraft/items/french_toast.json","observed file is placed in the minecraft namespace","observed"
"resource","item-definitions","minecraft:items/freshwater_pufferfish.json","assets/minecraft/items/freshwater_pufferfish.json","observed file is placed in the minecraft namespace","observed"
"resource","item-definitions","minecraft:items/fried_egg.json","assets/minecraft/items/fried_egg.json","observed file is placed in the minecraft namespace","observed"
"resource","item-definitions","minecraft:items/gar.json","assets/minecraft/items/gar.json","observed file is placed in the minecraft namespace","observed"
"resource","item-definitions","minecraft:items/gay_fish.json","assets/minecraft/items/gay_fish.json","observed file is placed in the minecraft namespace","observed"
"resource","item-definitions","minecraft:items/gimmari.json","assets/minecraft/items/gimmari.json","observed file is placed in the minecraft namespace","observed"
"resource","item-definitions","minecraft:items/glow_berry_crumble.json","assets/minecraft/items/glow_berry_crumble.json","observed file is placed in the minecraft namespace","observed"
"resource","item-definitions","minecraft:items/glow_jam.json","assets/minecraft/items/glow_jam.json","observed file is placed in the minecraft namespace","observed"
"resource","item-definitions","minecraft:items/glow_mash.json","assets/minecraft/items/glow_mash.json","observed file is placed in the minecraft namespace","observed"
"resource","item-definitions","minecraft:items/gnocchi.json","assets/minecraft/items/gnocchi.json","observed file is placed in the minecraft namespace","observed"
"resource","item-definitions","minecraft:items/gnocchi_recipe.json","assets/minecraft/items/gnocchi_recipe.json","observed file is placed in the minecraft namespace","observed"
"resource","item-definitions","minecraft:items/golden_apple_empanada.json","assets/minecraft/items/golden_apple_empanada.json","observed file is placed in the minecraft namespace","observed"
"resource","item-definitions","minecraft:items/golden_carrot_cupcake.json","assets/minecraft/items/golden_carrot_cupcake.json","observed file is placed in the minecraft namespace","observed"
"resource","item-definitions","minecraft:items/golden_compass.json","assets/minecraft/items/golden_compass.json","observed file is placed in the minecraft namespace","observed"
"resource","item-definitions","minecraft:items/golden_pickled_carrots.json","assets/minecraft/items/golden_pickled_carrots.json","observed file is placed in the minecraft namespace","observed"
"resource","item-definitions","minecraft:items/golden_steamed_carrots.json","assets/minecraft/items/golden_steamed_carrots.json","observed file is placed in the minecraft namespace","observed"
"resource","item-definitions","minecraft:items/green_curry.json","assets/minecraft/items/green_curry.json","observed file is placed in the minecraft namespace","observed"
"resource","item-definitions","minecraft:items/grilled_melon.json","assets/minecraft/items/grilled_melon.json","observed file is placed in the minecraft namespace","observed"
"resource","item-definitions","minecraft:items/grilled_tomatoes.json","assets/minecraft/items/grilled_tomatoes.json","observed file is placed in the minecraft namespace","observed"
"resource","item-definitions","minecraft:items/guppy.json","assets/minecraft/items/guppy.json","observed file is placed in the minecraft namespace","observed"
"resource","item-definitions","minecraft:items/gurnard.json","assets/minecraft/items/gurnard.json","observed file is placed in the minecraft namespace","observed"
"resource","item-definitions","minecraft:items/heart.json","assets/minecraft/items/heart.json","observed file is placed in the minecraft namespace","observed"
"resource","item-definitions","minecraft:items/heart_container.json","assets/minecraft/items/heart_container.json","observed file is placed in the minecraft namespace","observed"
"resource","item-definitions","minecraft:items/herring.json","assets/minecraft/items/herring.json","observed file is placed in the minecraft namespace","observed"
"resource","item-definitions","minecraft:items/honey_ginger_tea.json","assets/minecraft/items/honey_ginger_tea.json","observed file is placed in the minecraft namespace","observed"
"resource","item-definitions","minecraft:items/honied_french_toast.json","assets/minecraft/items/honied_french_toast.json","observed file is placed in the minecraft namespace","observed"
"resource","item-definitions","minecraft:items/humpback_whitefish.json","assets/minecraft/items/humpback_whitefish.json","observed file is placed in the minecraft namespace","observed"
"resource","item-definitions","minecraft:items/invisible_item_frame.json","assets/minecraft/items/invisible_item_frame.json","observed file is placed in the minecraft namespace","observed"
"resource","item-definitions","minecraft:items/iron_dolabra.json","assets/minecraft/items/iron_dolabra.json","observed file is placed in the minecraft namespace","observed"
"resource","item-definitions","minecraft:items/iron_mattock.json","assets/minecraft/items/iron_mattock.json","observed file is placed in the minecraft namespace","observed"
"resource","item-definitions","minecraft:items/japanese_curry.json","assets/minecraft/items/japanese_curry.json","observed file is placed in the minecraft namespace","observed"
"resource","item-definitions","minecraft:items/kontomire_stew.json","assets/minecraft/items/kontomire_stew.json","observed file is placed in the minecraft namespace","observed"
"resource","item-definitions","minecraft:items/lamprey.json","assets/minecraft/items/lamprey.json","observed file is placed in the minecraft namespace","observed"
"resource","item-definitions","minecraft:items/latke.json","assets/minecraft/items/latke.json","observed file is placed in the minecraft namespace","observed"
"resource","item-definitions","minecraft:items/leather_boots.json","assets/minecraft/items/leather_boots.json","observed file is placed in the minecraft namespace","observed"
"resource","item-definitions","minecraft:items/leather_chestplate.json","assets/minecraft/items/leather_chestplate.json","observed file is placed in the minecraft namespace","observed"
"resource","item-definitions","minecraft:items/leather_helmet.json","assets/minecraft/items/leather_helmet.json","observed file is placed in the minecraft namespace","observed"
"resource","item-definitions","minecraft:items/leather_leggings.json","assets/minecraft/items/leather_leggings.json","observed file is placed in the minecraft namespace","observed"
"resource","item-definitions","minecraft:items/lyre.json","assets/minecraft/items/lyre.json","observed file is placed in the minecraft namespace","observed"
"resource","item-definitions","minecraft:items/mahi_mahi.json","assets/minecraft/items/mahi_mahi.json","observed file is placed in the minecraft namespace","observed"
"resource","item-definitions","minecraft:items/mead.json","assets/minecraft/items/mead.json","observed file is placed in the minecraft namespace","observed"
"resource","item-definitions","minecraft:items/meat_pizza.json","assets/minecraft/items/meat_pizza.json","observed file is placed in the minecraft namespace","observed"
"resource","item-definitions","minecraft:items/mediterranean_killifish.json","assets/minecraft/items/mediterranean_killifish.json","observed file is placed in the minecraft namespace","observed"
"resource","item-definitions","minecraft:items/melon_sorbet.json","assets/minecraft/items/melon_sorbet.json","observed file is placed in the minecraft namespace","observed"
"resource","item-definitions","minecraft:items/monkfish.json","assets/minecraft/items/monkfish.json","observed file is placed in the minecraft namespace","observed"
"resource","item-definitions","minecraft:items/mournful_clay_statue.json","assets/minecraft/items/mournful_clay_statue.json","observed file is placed in the minecraft namespace","observed"
"resource","item-definitions","minecraft:items/mushroom_pizza.json","assets/minecraft/items/mushroom_pizza.json","observed file is placed in the minecraft namespace","observed"
"resource","item-definitions","minecraft:items/mushy_bundle.json","assets/minecraft/items/mushy_bundle.json","observed file is placed in the minecraft namespace","observed"
"resource","item-definitions","minecraft:items/music_disc_dry_hands.json","assets/minecraft/items/music_disc_dry_hands.json","observed file is placed in the minecraft namespace","observed"
"resource","item-definitions","minecraft:items/music_disc_golden.json","assets/minecraft/items/music_disc_golden.json","observed file is placed in the minecraft namespace","observed"
"resource","item-definitions","minecraft:items/music_disc_labyrinthine.json","assets/minecraft/items/music_disc_labyrinthine.json","observed file is placed in the minecraft namespace","observed"
"resource","item-definitions","minecraft:items/muskellunge.json","assets/minecraft/items/muskellunge.json","observed file is placed in the minecraft namespace","observed"
"resource","item-definitions","minecraft:items/naan.json","assets/minecraft/items/naan.json","observed file is placed in the minecraft namespace","observed"
"resource","item-definitions","minecraft:items/netherite_axe.json","assets/minecraft/items/netherite_axe.json","observed file is placed in the minecraft namespace","observed"
"resource","item-definitions","minecraft:items/netherite_pickaxe.json","assets/minecraft/items/netherite_pickaxe.json","observed file is placed in the minecraft namespace","observed"
"resource","item-definitions","minecraft:items/nightshade_arrow.json","assets/minecraft/items/nightshade_arrow.json","observed file is placed in the minecraft namespace","observed"
"resource","item-definitions","minecraft:items/northern_pike.json","assets/minecraft/items/northern_pike.json","observed file is placed in the minecraft namespace","observed"
"resource","item-definitions","minecraft:items/oarfish.json","assets/minecraft/items/oarfish.json","observed file is placed in the minecraft namespace","observed"
"resource","item-definitions","minecraft:items/ofuda.json","assets/minecraft/items/ofuda.json","observed file is placed in the minecraft namespace","observed"
"resource","item-definitions","minecraft:items/opah.json","assets/minecraft/items/opah.json","observed file is placed in the minecraft namespace","observed"
"resource","item-definitions","minecraft:items/opal.json","assets/minecraft/items/opal.json","observed file is placed in the minecraft namespace","observed"
"resource","item-definitions","minecraft:items/opal_earrings.json","assets/minecraft/items/opal_earrings.json","observed file is placed in the minecraft namespace","observed"
"resource","item-definitions","minecraft:items/pad_thai.json","assets/minecraft/items/pad_thai.json","observed file is placed in the minecraft namespace","observed"
"resource","item-definitions","minecraft:items/painted_moray.json","assets/minecraft/items/painted_moray.json","observed file is placed in the minecraft namespace","observed"
"resource","item-definitions","minecraft:items/palatinate_sword.json","assets/minecraft/items/palatinate_sword.json","observed file is placed in the minecraft namespace","observed"
"resource","item-definitions","minecraft:items/pale_fish.json","assets/minecraft/items/pale_fish.json","observed file is placed in the minecraft namespace","observed"
"resource","item-definitions","minecraft:items/paneer_makhani.json","assets/minecraft/items/paneer_makhani.json","observed file is placed in the minecraft namespace","observed"
"resource","item-definitions","minecraft:items/papal_outpost_map.json","assets/minecraft/items/papal_outpost_map.json","observed file is placed in the minecraft namespace","observed"
"resource","item-definitions","minecraft:items/paradise_lost.json","assets/minecraft/items/paradise_lost.json","observed file is placed in the minecraft namespace","observed"
"resource","item-definitions","minecraft:items/pickle_everything.json","assets/minecraft/items/pickle_everything.json","observed file is placed in the minecraft namespace","observed"
"resource","item-definitions","minecraft:items/pickled_carrots.json","assets/minecraft/items/pickled_carrots.json","observed file is placed in the minecraft namespace","observed"
"resource","item-definitions","minecraft:items/pickled_crimson_fungus.json","assets/minecraft/items/pickled_crimson_fungus.json","observed file is placed in the minecraft namespace","observed"
"resource","item-definitions","minecraft:items/pickled_mushrooms.json","assets/minecraft/items/pickled_mushrooms.json","observed file is placed in the minecraft namespace","observed"
"resource","item-definitions","minecraft:items/pickled_potatoes.json","assets/minecraft/items/pickled_potatoes.json","observed file is placed in the minecraft namespace","observed"
"resource","item-definitions","minecraft:items/pickled_red_mushrooms.json","assets/minecraft/items/pickled_red_mushrooms.json","observed file is placed in the minecraft namespace","observed"
"resource","item-definitions","minecraft:items/pickled_tomatoes.json","assets/minecraft/items/pickled_tomatoes.json","observed file is placed in the minecraft namespace","observed"
"resource","item-definitions","minecraft:items/pickled_warped_fungus.json","assets/minecraft/items/pickled_warped_fungus.json","observed file is placed in the minecraft namespace","observed"
"resource","item-definitions","minecraft:items/piranha.json","assets/minecraft/items/piranha.json","observed file is placed in the minecraft namespace","observed"
"resource","item-definitions","minecraft:items/porkchop_classic.json","assets/minecraft/items/porkchop_classic.json","observed file is placed in the minecraft namespace","observed"
"resource","item-definitions","minecraft:items/puerquito.json","assets/minecraft/items/puerquito.json","observed file is placed in the minecraft namespace","observed"
"resource","item-definitions","minecraft:items/pumpkin_empanada.json","assets/minecraft/items/pumpkin_empanada.json","observed file is placed in the minecraft namespace","observed"
"resource","item-definitions","minecraft:items/pumpkin_jam.json","assets/minecraft/items/pumpkin_jam.json","observed file is placed in the minecraft namespace","observed"
"resource","item-definitions","minecraft:items/pumpkin_pie.json","assets/minecraft/items/pumpkin_pie.json","observed file is placed in the minecraft namespace","observed"
"resource","item-definitions","minecraft:items/pumpkin_slice.json","assets/minecraft/items/pumpkin_slice.json","observed file is placed in the minecraft namespace","observed"
"resource","item-definitions","minecraft:items/pupusa.json","assets/minecraft/items/pupusa.json","observed file is placed in the minecraft namespace","observed"
"resource","item-definitions","minecraft:items/quran.json","assets/minecraft/items/quran.json","observed file is placed in the minecraft namespace","observed"
"resource","item-definitions","minecraft:items/rabbit_hide.json","assets/minecraft/items/rabbit_hide.json","observed file is placed in the minecraft namespace","observed"
"resource","item-definitions","minecraft:items/rabbit_stew.json","assets/minecraft/items/rabbit_stew.json","observed file is placed in the minecraft namespace","observed"
"resource","item-definitions","minecraft:items/rainbow_wrasse.json","assets/minecraft/items/rainbow_wrasse.json","observed file is placed in the minecraft namespace","observed"
"resource","item-definitions","minecraft:items/ramen.json","assets/minecraft/items/ramen.json","observed file is placed in the minecraft namespace","observed"
"resource","item-definitions","minecraft:items/raw_curry.json","assets/minecraft/items/raw_curry.json","observed file is placed in the minecraft namespace","observed"
"resource","item-definitions","minecraft:items/raw_green_curry.json","assets/minecraft/items/raw_green_curry.json","observed file is placed in the minecraft namespace","observed"
"resource","item-definitions","minecraft:items/raw_paneer_makhani.json","assets/minecraft/items/raw_paneer_makhani.json","observed file is placed in the minecraft namespace","observed"
"resource","item-definitions","minecraft:items/raw_ramen.json","assets/minecraft/items/raw_ramen.json","observed file is placed in the minecraft namespace","observed"
"resource","item-definitions","minecraft:items/red_mushroom_stroganoff.json","assets/minecraft/items/red_mushroom_stroganoff.json","observed file is placed in the minecraft namespace","observed"
"resource","item-definitions","minecraft:items/rind_jam.json","assets/minecraft/items/rind_jam.json","observed file is placed in the minecraft namespace","observed"
"resource","item-definitions","minecraft:items/rose_classic.json","assets/minecraft/items/rose_classic.json","observed file is placed in the minecraft namespace","observed"
"resource","item-definitions","minecraft:items/ruby.json","assets/minecraft/items/ruby.json","observed file is placed in the minecraft namespace","observed"
"resource","item-definitions","minecraft:items/ruby_circlet.json","assets/minecraft/items/ruby_circlet.json","observed file is placed in the minecraft namespace","observed"
"resource","item-definitions","minecraft:items/rusty_axe.json","assets/minecraft/items/rusty_axe.json","observed file is placed in the minecraft namespace","observed"
"resource","item-definitions","minecraft:items/secret_ingredient.json","assets/minecraft/items/secret_ingredient.json","observed file is placed in the minecraft namespace","observed"
"resource","item-definitions","minecraft:items/secret_meal.json","assets/minecraft/items/secret_meal.json","observed file is placed in the minecraft namespace","observed"
"resource","item-definitions","minecraft:items/seed_bundle.json","assets/minecraft/items/seed_bundle.json","observed file is placed in the minecraft namespace","observed"
"resource","item-definitions","minecraft:items/shad.json","assets/minecraft/items/shad.json","observed file is placed in the minecraft namespace","observed"
"resource","item-definitions","minecraft:items/shakudo_axe.json","assets/minecraft/items/shakudo_axe.json","observed file is placed in the minecraft namespace","observed"
"resource","item-definitions","minecraft:items/shakudo_boots.json","assets/minecraft/items/shakudo_boots.json","observed file is placed in the minecraft namespace","observed"
"resource","item-definitions","minecraft:items/shakudo_chestplate.json","assets/minecraft/items/shakudo_chestplate.json","observed file is placed in the minecraft namespace","observed"
"resource","item-definitions","minecraft:items/shakudo_dolabra.json","assets/minecraft/items/shakudo_dolabra.json","observed file is placed in the minecraft namespace","observed"
"resource","item-definitions","minecraft:items/shakudo_elytra.json","assets/minecraft/items/shakudo_elytra.json","observed file is placed in the minecraft namespace","observed"
"resource","item-definitions","minecraft:items/shakudo_helmet.json","assets/minecraft/items/shakudo_helmet.json","observed file is placed in the minecraft namespace","observed"
"resource","item-definitions","minecraft:items/shakudo_hoe.json","assets/minecraft/items/shakudo_hoe.json","observed file is placed in the minecraft namespace","observed"
"resource","item-definitions","minecraft:items/shakudo_leggings.json","assets/minecraft/items/shakudo_leggings.json","observed file is placed in the minecraft namespace","observed"
"resource","item-definitions","minecraft:items/shakudo_mattock.json","assets/minecraft/items/shakudo_mattock.json","observed file is placed in the minecraft namespace","observed"
"resource","item-definitions","minecraft:items/shakudo_pickaxe.json","assets/minecraft/items/shakudo_pickaxe.json","observed file is placed in the minecraft namespace","observed"
"resource","item-definitions","minecraft:items/shakudo_shovel.json","assets/minecraft/items/shakudo_shovel.json","observed file is placed in the minecraft namespace","observed"
"resource","item-definitions","minecraft:items/shakudo_spear.json","assets/minecraft/items/shakudo_spear.json","observed file is placed in the minecraft namespace","observed"
"resource","item-definitions","minecraft:items/siberian_sturgeon.json","assets/minecraft/items/siberian_sturgeon.json","observed file is placed in the minecraft namespace","observed"
"resource","item-definitions","minecraft:items/silver_sword.json","assets/minecraft/items/silver_sword.json","observed file is placed in the minecraft namespace","observed"
"resource","item-definitions","minecraft:items/skate.json","assets/minecraft/items/skate.json","observed file is placed in the minecraft namespace","observed"
"resource","item-definitions","minecraft:items/snow_shovel.json","assets/minecraft/items/snow_shovel.json","observed file is placed in the minecraft namespace","observed"
"resource","item-definitions","minecraft:items/solomon.json","assets/minecraft/items/solomon.json","observed file is placed in the minecraft namespace","observed"
"resource","item-definitions","minecraft:items/spoonhead_sculpin.json","assets/minecraft/items/spoonhead_sculpin.json","observed file is placed in the minecraft namespace","observed"
"resource","item-definitions","minecraft:items/steamed_carrots.json","assets/minecraft/items/steamed_carrots.json","observed file is placed in the minecraft namespace","observed"
"resource","item-definitions","minecraft:items/steel_axe.json","assets/minecraft/items/steel_axe.json","observed file is placed in the minecraft namespace","observed"
"resource","item-definitions","minecraft:items/steel_boots.json","assets/minecraft/items/steel_boots.json","observed file is placed in the minecraft namespace","observed"
"resource","item-definitions","minecraft:items/steel_chestplate.json","assets/minecraft/items/steel_chestplate.json","observed file is placed in the minecraft namespace","observed"
"resource","item-definitions","minecraft:items/steel_dolabra.json","assets/minecraft/items/steel_dolabra.json","observed file is placed in the minecraft namespace","observed"
"resource","item-definitions","minecraft:items/steel_helmet.json","assets/minecraft/items/steel_helmet.json","observed file is placed in the minecraft namespace","observed"
"resource","item-definitions","minecraft:items/steel_hoe.json","assets/minecraft/items/steel_hoe.json","observed file is placed in the minecraft namespace","observed"
"resource","item-definitions","minecraft:items/steel_leggings.json","assets/minecraft/items/steel_leggings.json","observed file is placed in the minecraft namespace","observed"
"resource","item-definitions","minecraft:items/steel_mattock.json","assets/minecraft/items/steel_mattock.json","observed file is placed in the minecraft namespace","observed"
"resource","item-definitions","minecraft:items/steel_pickaxe.json","assets/minecraft/items/steel_pickaxe.json","observed file is placed in the minecraft namespace","observed"
"resource","item-definitions","minecraft:items/steel_shears.json","assets/minecraft/items/steel_shears.json","observed file is placed in the minecraft namespace","observed"
"resource","item-definitions","minecraft:items/steel_shovel.json","assets/minecraft/items/steel_shovel.json","observed file is placed in the minecraft namespace","observed"
"resource","item-definitions","minecraft:items/steel_spear.json","assets/minecraft/items/steel_spear.json","observed file is placed in the minecraft namespace","observed"
"resource","item-definitions","minecraft:items/steel_sword.json","assets/minecraft/items/steel_sword.json","observed file is placed in the minecraft namespace","observed"
"resource","item-definitions","minecraft:items/striped_perch.json","assets/minecraft/items/striped_perch.json","observed file is placed in the minecraft namespace","observed"
"resource","item-definitions","minecraft:items/stroganoff.json","assets/minecraft/items/stroganoff.json","observed file is placed in the minecraft namespace","observed"
"resource","item-definitions","minecraft:items/sturdy_leather_boots.json","assets/minecraft/items/sturdy_leather_boots.json","observed file is placed in the minecraft namespace","observed"
"resource","item-definitions","minecraft:items/sturdy_leather_chestplate.json","assets/minecraft/items/sturdy_leather_chestplate.json","observed file is placed in the minecraft namespace","observed"
"resource","item-definitions","minecraft:items/sturdy_leather_helmet.json","assets/minecraft/items/sturdy_leather_helmet.json","observed file is placed in the minecraft namespace","observed"
"resource","item-definitions","minecraft:items/sturdy_leather_leggings.json","assets/minecraft/items/sturdy_leather_leggings.json","observed file is placed in the minecraft namespace","observed"
"resource","item-definitions","minecraft:items/sturgeon.json","assets/minecraft/items/sturgeon.json","observed file is placed in the minecraft namespace","observed"
"resource","item-definitions","minecraft:items/sulfur_goo.json","assets/minecraft/items/sulfur_goo.json","observed file is placed in the minecraft namespace","observed"
"resource","item-definitions","minecraft:items/sweet_berry_danish.json","assets/minecraft/items/sweet_berry_danish.json","observed file is placed in the minecraft namespace","observed"
"resource","item-definitions","minecraft:items/sweet_berry_jam.json","assets/minecraft/items/sweet_berry_jam.json","observed file is placed in the minecraft namespace","observed"
"resource","item-definitions","minecraft:items/sweet_berry_mash.json","assets/minecraft/items/sweet_berry_mash.json","observed file is placed in the minecraft namespace","observed"
"resource","item-definitions","minecraft:items/sweet_berry_toast.json","assets/minecraft/items/sweet_berry_toast.json","observed file is placed in the minecraft namespace","observed"
"resource","item-definitions","minecraft:items/sweet_berry_toast_recipe.json","assets/minecraft/items/sweet_berry_toast_recipe.json","observed file is placed in the minecraft namespace","observed"
"resource","item-definitions","minecraft:items/swordfish.json","assets/minecraft/items/swordfish.json","observed file is placed in the minecraft namespace","observed"
"resource","item-definitions","minecraft:items/tallow.json","assets/minecraft/items/tallow.json","observed file is placed in the minecraft namespace","observed"
"resource","item-definitions","minecraft:items/tanakh.json","assets/minecraft/items/tanakh.json","observed file is placed in the minecraft namespace","observed"
"resource","item-definitions","minecraft:items/tinder.json","assets/minecraft/items/tinder.json","observed file is placed in the minecraft namespace","observed"
"resource","item-definitions","minecraft:items/titanium_compass.json","assets/minecraft/items/titanium_compass.json","observed file is placed in the minecraft namespace","observed"
"resource","item-definitions","minecraft:items/titanium_dolabra.json","assets/minecraft/items/titanium_dolabra.json","observed file is placed in the minecraft namespace","observed"
"resource","item-definitions","minecraft:items/titanium_mattock.json","assets/minecraft/items/titanium_mattock.json","observed file is placed in the minecraft namespace","observed"
"resource","item-definitions","minecraft:items/titanium_reinforced_bow.json","assets/minecraft/items/titanium_reinforced_bow.json","observed file is placed in the minecraft namespace","observed"
"resource","item-definitions","minecraft:items/topaz.json","assets/minecraft/items/topaz.json","observed file is placed in the minecraft namespace","observed"
"resource","item-definitions","minecraft:items/topaz_earrings.json","assets/minecraft/items/topaz_earrings.json","observed file is placed in the minecraft namespace","observed"
"resource","item-definitions","minecraft:items/tunisian_barb.json","assets/minecraft/items/tunisian_barb.json","observed file is placed in the minecraft namespace","observed"
"resource","item-definitions","minecraft:items/walleye.json","assets/minecraft/items/walleye.json","observed file is placed in the minecraft namespace","observed"
"resource","item-definitions","minecraft:items/warding_stone.json","assets/minecraft/items/warding_stone.json","observed file is placed in the minecraft namespace","observed"
"resource","item-definitions","minecraft:items/warding_sword.json","assets/minecraft/items/warding_sword.json","observed file is placed in the minecraft namespace","observed"
"resource","item-definitions","minecraft:items/warped_pizza.json","assets/minecraft/items/warped_pizza.json","observed file is placed in the minecraft namespace","observed"
"resource","item-definitions","minecraft:items/warped_stroganoff.json","assets/minecraft/items/warped_stroganoff.json","observed file is placed in the minecraft namespace","observed"
"resource","item-definitions","minecraft:items/warped_stroganoff_recipe.json","assets/minecraft/items/warped_stroganoff_recipe.json","observed file is placed in the minecraft namespace","observed"
"resource","item-definitions","minecraft:items/waxed_copper_chain.json","assets/minecraft/items/waxed_copper_chain.json","observed file is placed in the minecraft namespace","observed"
"resource","item-definitions","minecraft:items/waxed_exposed_copper_chain.json","assets/minecraft/items/waxed_exposed_copper_chain.json","observed file is placed in the minecraft namespace","observed"
"resource","item-definitions","minecraft:items/waxed_oxidized_copper_chain.json","assets/minecraft/items/waxed_oxidized_copper_chain.json","observed file is placed in the minecraft namespace","observed"
"resource","item-definitions","minecraft:items/waxed_weathered_copper_chain.json","assets/minecraft/items/waxed_weathered_copper_chain.json","observed file is placed in the minecraft namespace","observed"
"resource","item-definitions","minecraft:items/wolffish.json","assets/minecraft/items/wolffish.json","observed file is placed in the minecraft namespace","observed"
"resource","item-definitions","minecraft:items/wooden_cross.json","assets/minecraft/items/wooden_cross.json","observed file is placed in the minecraft namespace","observed"
"resource","language","minecraft:lang/en_au.json","assets/minecraft/lang/en_au.json","observed file is placed in the minecraft namespace","observed"
"resource","language","minecraft:lang/en_ca.json","assets/minecraft/lang/en_ca.json","observed file is placed in the minecraft namespace","observed"
"resource","language","minecraft:lang/en_gb.json","assets/minecraft/lang/en_gb.json","observed file is placed in the minecraft namespace","observed"
"resource","language","minecraft:lang/en_us.json","assets/minecraft/lang/en_us.json","observed file is placed in the minecraft namespace","observed"
"resource","models","minecraft:models/block/acacia_fence_post.json","assets/minecraft/models/block/acacia_fence_post.json","observed file is placed in the minecraft namespace","observed"
"resource","models","minecraft:models/block/acacia_leaves.json","assets/minecraft/models/block/acacia_leaves.json","observed file is placed in the minecraft namespace","observed"
"resource","models","minecraft:models/block/allium.json","assets/minecraft/models/block/allium.json","observed file is placed in the minecraft namespace","observed"
"resource","models","minecraft:models/block/allium_1.json","assets/minecraft/models/block/allium_1.json","observed file is placed in the minecraft namespace","observed"
"resource","models","minecraft:models/block/anvil.json","assets/minecraft/models/block/anvil.json","observed file is placed in the minecraft namespace","observed"
"resource","models","minecraft:models/block/attached_melon_stem.json","assets/minecraft/models/block/attached_melon_stem.json","observed file is placed in the minecraft namespace","observed"
"resource","models","minecraft:models/block/attached_pumpkin_stem.json","assets/minecraft/models/block/attached_pumpkin_stem.json","observed file is placed in the minecraft namespace","observed"
"resource","models","minecraft:models/block/azalea_leaves.json","assets/minecraft/models/block/azalea_leaves.json","observed file is placed in the minecraft namespace","observed"
"resource","models","minecraft:models/block/bedrock_buster.json","assets/minecraft/models/block/bedrock_buster.json","observed file is placed in the minecraft namespace","observed"
"resource","models","minecraft:models/block/bell_floor.json","assets/minecraft/models/block/bell_floor.json","observed file is placed in the minecraft namespace","observed"
"resource","models","minecraft:models/block/birch_fence_post.json","assets/minecraft/models/block/birch_fence_post.json","observed file is placed in the minecraft namespace","observed"
"resource","models","minecraft:models/block/birch_leaves.json","assets/minecraft/models/block/birch_leaves.json","observed file is placed in the minecraft namespace","observed"
"resource","models","minecraft:models/block/bookshelf.json","assets/minecraft/models/block/bookshelf.json","observed file is placed in the minecraft namespace","observed"
"resource","models","minecraft:models/block/brick_slab.json","assets/minecraft/models/block/brick_slab.json","observed file is placed in the minecraft namespace","observed"
"resource","models","minecraft:models/block/brick_slab_double.json","assets/minecraft/models/block/brick_slab_double.json","observed file is placed in the minecraft namespace","observed"
"resource","models","minecraft:models/block/brick_slab_top.json","assets/minecraft/models/block/brick_slab_top.json","observed file is placed in the minecraft namespace","observed"
"resource","models","minecraft:models/block/brown_mushroom.json","assets/minecraft/models/block/brown_mushroom.json","observed file is placed in the minecraft namespace","observed"
"resource","models","minecraft:models/block/carrots_stage4.json","assets/minecraft/models/block/carrots_stage4.json","observed file is placed in the minecraft namespace","observed"
"resource","models","minecraft:models/block/carrots_stage5.json","assets/minecraft/models/block/carrots_stage5.json","observed file is placed in the minecraft namespace","observed"
"resource","models","minecraft:models/block/carrots_stage6.json","assets/minecraft/models/block/carrots_stage6.json","observed file is placed in the minecraft namespace","observed"
"resource","models","minecraft:models/block/carrots_stage7.json","assets/minecraft/models/block/carrots_stage7.json","observed file is placed in the minecraft namespace","observed"
"resource","models","minecraft:models/block/carrots_stage7_1.json","assets/minecraft/models/block/carrots_stage7_1.json","observed file is placed in the minecraft namespace","observed"
"resource","models","minecraft:models/block/carrots_stage7_2.json","assets/minecraft/models/block/carrots_stage7_2.json","observed file is placed in the minecraft namespace","observed"
"resource","models","minecraft:models/block/cherry_fence_post.json","assets/minecraft/models/block/cherry_fence_post.json","observed file is placed in the minecraft namespace","observed"
"resource","models","minecraft:models/block/cherry_leaves.json","assets/minecraft/models/block/cherry_leaves.json","observed file is placed in the minecraft namespace","observed"
"resource","models","minecraft:models/block/chipped_anvil.json","assets/minecraft/models/block/chipped_anvil.json","observed file is placed in the minecraft namespace","observed"
"resource","models","minecraft:models/block/coal_ore.json","assets/minecraft/models/block/coal_ore.json","observed file is placed in the minecraft namespace","observed"
"resource","models","minecraft:models/block/coarse_dirt.json","assets/minecraft/models/block/coarse_dirt.json","observed file is placed in the minecraft namespace","observed"
"resource","models","minecraft:models/block/coarse_dirt_1.json","assets/minecraft/models/block/coarse_dirt_1.json","observed file is placed in the minecraft namespace","observed"
"resource","models","minecraft:models/block/coarse_dirt_2.json","assets/minecraft/models/block/coarse_dirt_2.json","observed file is placed in the minecraft namespace","observed"
"resource","models","minecraft:models/block/coarse_dirt_3.json","assets/minecraft/models/block/coarse_dirt_3.json","observed file is placed in the minecraft namespace","observed"
"resource","models","minecraft:models/block/coarse_dirt_4.json","assets/minecraft/models/block/coarse_dirt_4.json","observed file is placed in the minecraft namespace","observed"
"resource","models","minecraft:models/block/copper_bars_cap.json","assets/minecraft/models/block/copper_bars_cap.json","observed file is placed in the minecraft namespace","observed"
"resource","models","minecraft:models/block/copper_bars_cap_alt.json","assets/minecraft/models/block/copper_bars_cap_alt.json","observed file is placed in the minecraft namespace","observed"
"resource","models","minecraft:models/block/copper_bars_post.json","assets/minecraft/models/block/copper_bars_post.json","observed file is placed in the minecraft namespace","observed"
"resource","models","minecraft:models/block/copper_bars_post_ends.json","assets/minecraft/models/block/copper_bars_post_ends.json","observed file is placed in the minecraft namespace","observed"
"resource","models","minecraft:models/block/copper_bars_side.json","assets/minecraft/models/block/copper_bars_side.json","observed file is placed in the minecraft namespace","observed"
"resource","models","minecraft:models/block/copper_bars_side_alt.json","assets/minecraft/models/block/copper_bars_side_alt.json","observed file is placed in the minecraft namespace","observed"
"resource","models","minecraft:models/block/crafting_table.json","assets/minecraft/models/block/crafting_table.json","observed file is placed in the minecraft namespace","observed"
"resource","models","minecraft:models/block/crimson_fence_post.json","assets/minecraft/models/block/crimson_fence_post.json","observed file is placed in the minecraft namespace","observed"
"resource","models","minecraft:models/block/cross_leaves.json","assets/minecraft/models/block/cross_leaves.json","observed file is placed in the minecraft namespace","observed"
"resource","models","minecraft:models/block/damaged_anvil.json","assets/minecraft/models/block/damaged_anvil.json","observed file is placed in the minecraft namespace","observed"
"resource","models","minecraft:models/block/dandelion.json","assets/minecraft/models/block/dandelion.json","observed file is placed in the minecraft namespace","observed"
"resource","models","minecraft:models/block/dandelion_1.json","assets/minecraft/models/block/dandelion_1.json","observed file is placed in the minecraft namespace","observed"
"resource","models","minecraft:models/block/dandelion_2.json","assets/minecraft/models/block/dandelion_2.json","observed file is placed in the minecraft namespace","observed"
"resource","models","minecraft:models/block/dandelion_3.json","assets/minecraft/models/block/dandelion_3.json","observed file is placed in the minecraft namespace","observed"
"resource","models","minecraft:models/block/dark_oak_fence_post.json","assets/minecraft/models/block/dark_oak_fence_post.json","observed file is placed in the minecraft namespace","observed"
"resource","models","minecraft:models/block/dark_oak_leaves.json","assets/minecraft/models/block/dark_oak_leaves.json","observed file is placed in the minecraft namespace","observed"
"resource","models","minecraft:models/block/dark_oak_slab_double.json","assets/minecraft/models/block/dark_oak_slab_double.json","observed file is placed in the minecraft namespace","observed"
"resource","models","minecraft:models/block/dead_bush.json","assets/minecraft/models/block/dead_bush.json","observed file is placed in the minecraft namespace","observed"
"resource","models","minecraft:models/block/dead_bush_1.json","assets/minecraft/models/block/dead_bush_1.json","observed file is placed in the minecraft namespace","observed"
"resource","models","minecraft:models/block/dead_bush_2.json","assets/minecraft/models/block/dead_bush_2.json","observed file is placed in the minecraft namespace","observed"
"resource","models","minecraft:models/block/dead_bush_3.json","assets/minecraft/models/block/dead_bush_3.json","observed file is placed in the minecraft namespace","observed"
"resource","models","minecraft:models/block/deepslate_coal_ore.json","assets/minecraft/models/block/deepslate_coal_ore.json","observed file is placed in the minecraft namespace","observed"
"resource","models","minecraft:models/block/dirt.json","assets/minecraft/models/block/dirt.json","observed file is placed in the minecraft namespace","observed"
"resource","models","minecraft:models/block/dirt_1.json","assets/minecraft/models/block/dirt_1.json","observed file is placed in the minecraft namespace","observed"
"resource","models","minecraft:models/block/dirt_2.json","assets/minecraft/models/block/dirt_2.json","observed file is placed in the minecraft namespace","observed"
"resource","models","minecraft:models/block/dispenser.json","assets/minecraft/models/block/dispenser.json","observed file is placed in the minecraft namespace","observed"
"resource","models","minecraft:models/block/dispenser_vertical.json","assets/minecraft/models/block/dispenser_vertical.json","observed file is placed in the minecraft namespace","observed"
"resource","models","minecraft:models/block/dropper.json","assets/minecraft/models/block/dropper.json","observed file is placed in the minecraft namespace","observed"
"resource","models","minecraft:models/block/dropper_vertical.json","assets/minecraft/models/block/dropper_vertical.json","observed file is placed in the minecraft namespace","observed"
"resource","models","minecraft:models/block/exposed_copper_bars_cap.json","assets/minecraft/models/block/exposed_copper_bars_cap.json","observed file is placed in the minecraft namespace","observed"
"resource","models","minecraft:models/block/exposed_copper_bars_cap_alt.json","assets/minecraft/models/block/exposed_copper_bars_cap_alt.json","observed file is placed in the minecraft namespace","observed"
"resource","models","minecraft:models/block/exposed_copper_bars_post.json","assets/minecraft/models/block/exposed_copper_bars_post.json","observed file is placed in the minecraft namespace","observed"
"resource","models","minecraft:models/block/exposed_copper_bars_post_ends.json","assets/minecraft/models/block/exposed_copper_bars_post_ends.json","observed file is placed in the minecraft namespace","observed"
"resource","models","minecraft:models/block/exposed_copper_bars_side.json","assets/minecraft/models/block/exposed_copper_bars_side.json","observed file is placed in the minecraft namespace","observed"
"resource","models","minecraft:models/block/exposed_copper_bars_side_alt.json","assets/minecraft/models/block/exposed_copper_bars_side_alt.json","observed file is placed in the minecraft namespace","observed"
"resource","models","minecraft:models/block/flower_pot.json","assets/minecraft/models/block/flower_pot.json","observed file is placed in the minecraft namespace","observed"
"resource","models","minecraft:models/block/flower_pot_cross.json","assets/minecraft/models/block/flower_pot_cross.json","observed file is placed in the minecraft namespace","observed"
"resource","models","minecraft:models/block/flower_pot_cross_brown_mushroom.json","assets/minecraft/models/block/flower_pot_cross_brown_mushroom.json","observed file is placed in the minecraft namespace","observed"
"resource","models","minecraft:models/block/flower_pot_cross_emissive.json","assets/minecraft/models/block/flower_pot_cross_emissive.json","observed file is placed in the minecraft namespace","observed"
"resource","models","minecraft:models/block/flower_pot_cross_red_mushroom.json","assets/minecraft/models/block/flower_pot_cross_red_mushroom.json","observed file is placed in the minecraft namespace","observed"
"resource","models","minecraft:models/block/flowering_azalea_leaves.json","assets/minecraft/models/block/flowering_azalea_leaves.json","observed file is placed in the minecraft namespace","observed"
"resource","models","minecraft:models/block/furnace.json","assets/minecraft/models/block/furnace.json","observed file is placed in the minecraft namespace","observed"
"resource","models","minecraft:models/block/furnace_on.json","assets/minecraft/models/block/furnace_on.json","observed file is placed in the minecraft namespace","observed"
"resource","models","minecraft:models/block/glow_item_frame.json","assets/minecraft/models/block/glow_item_frame.json","observed file is placed in the minecraft namespace","observed"
"resource","models","minecraft:models/block/glow_lichen.json","assets/minecraft/models/block/glow_lichen.json","observed file is placed in the minecraft namespace","observed"
"resource","models","minecraft:models/block/glow_lichen1.json","assets/minecraft/models/block/glow_lichen1.json","observed file is placed in the minecraft namespace","observed"
"resource","models","minecraft:models/block/glow_lichen_ceiling.json","assets/minecraft/models/block/glow_lichen_ceiling.json","observed file is placed in the minecraft namespace","observed"
"resource","models","minecraft:models/block/glow_lichen_ceiling1.json","assets/minecraft/models/block/glow_lichen_ceiling1.json","observed file is placed in the minecraft namespace","observed"
"resource","models","minecraft:models/block/glow_lichen_ceiling2.json","assets/minecraft/models/block/glow_lichen_ceiling2.json","observed file is placed in the minecraft namespace","observed"
"resource","models","minecraft:models/block/glow_lichen_ground.json","assets/minecraft/models/block/glow_lichen_ground.json","observed file is placed in the minecraft namespace","observed"
"resource","models","minecraft:models/block/glow_lichen_ground_1.json","assets/minecraft/models/block/glow_lichen_ground_1.json","observed file is placed in the minecraft namespace","observed"
"resource","models","minecraft:models/block/glow_lichen_ground_2.json","assets/minecraft/models/block/glow_lichen_ground_2.json","observed file is placed in the minecraft namespace","observed"
"resource","models","minecraft:models/block/glow_lichen_ground_3.json","assets/minecraft/models/block/glow_lichen_ground_3.json","observed file is placed in the minecraft namespace","observed"
"resource","models","minecraft:models/block/glow_lichen_ground_4.json","assets/minecraft/models/block/glow_lichen_ground_4.json","observed file is placed in the minecraft namespace","observed"
"resource","models","minecraft:models/block/golden_dandelion.json","assets/minecraft/models/block/golden_dandelion.json","observed file is placed in the minecraft namespace","observed"
"resource","models","minecraft:models/block/golden_dandelion_1.json","assets/minecraft/models/block/golden_dandelion_1.json","observed file is placed in the minecraft namespace","observed"
"resource","models","minecraft:models/block/golden_dandelion_2.json","assets/minecraft/models/block/golden_dandelion_2.json","observed file is placed in the minecraft namespace","observed"
"resource","models","minecraft:models/block/golden_dandelion_3.json","assets/minecraft/models/block/golden_dandelion_3.json","observed file is placed in the minecraft namespace","observed"
"resource","models","minecraft:models/block/granite_slab_double.json","assets/minecraft/models/block/granite_slab_double.json","observed file is placed in the minecraft namespace","observed"
"resource","models","minecraft:models/block/grass_block.json","assets/minecraft/models/block/grass_block.json","observed file is placed in the minecraft namespace","observed"
"resource","models","minecraft:models/block/gravel.json","assets/minecraft/models/block/gravel.json","observed file is placed in the minecraft namespace","observed"
"resource","models","minecraft:models/block/gravel_1.json","assets/minecraft/models/block/gravel_1.json","observed file is placed in the minecraft namespace","observed"
"resource","models","minecraft:models/block/gravel_2.json","assets/minecraft/models/block/gravel_2.json","observed file is placed in the minecraft namespace","observed"
"resource","models","minecraft:models/block/gravel_3.json","assets/minecraft/models/block/gravel_3.json","observed file is placed in the minecraft namespace","observed"
"resource","models","minecraft:models/block/iron_bars_cap.json","assets/minecraft/models/block/iron_bars_cap.json","observed file is placed in the minecraft namespace","observed"
"resource","models","minecraft:models/block/iron_bars_cap_alt.json","assets/minecraft/models/block/iron_bars_cap_alt.json","observed file is placed in the minecraft namespace","observed"
"resource","models","minecraft:models/block/iron_bars_post.json","assets/minecraft/models/block/iron_bars_post.json","observed file is placed in the minecraft namespace","observed"
"resource","models","minecraft:models/block/iron_bars_post_ends.json","assets/minecraft/models/block/iron_bars_post_ends.json","observed file is placed in the minecraft namespace","observed"
"resource","models","minecraft:models/block/iron_bars_side.json","assets/minecraft/models/block/iron_bars_side.json","observed file is placed in the minecraft namespace","observed"
"resource","models","minecraft:models/block/iron_bars_side_alt.json","assets/minecraft/models/block/iron_bars_side_alt.json","observed file is placed in the minecraft namespace","observed"
"resource","models","minecraft:models/block/item_frame.json","assets/minecraft/models/block/item_frame.json","observed file is placed in the minecraft namespace","observed"
"resource","models","minecraft:models/block/jungle_fence_post.json","assets/minecraft/models/block/jungle_fence_post.json","observed file is placed in the minecraft namespace","observed"
"resource","models","minecraft:models/block/jungle_leaves.json","assets/minecraft/models/block/jungle_leaves.json","observed file is placed in the minecraft namespace","observed"
"resource","models","minecraft:models/block/lectern.json","assets/minecraft/models/block/lectern.json","observed file is placed in the minecraft namespace","observed"
"resource","models","minecraft:models/block/lily_of_the_valley.json","assets/minecraft/models/block/lily_of_the_valley.json","observed file is placed in the minecraft namespace","observed"
"resource","models","minecraft:models/block/lily_of_the_valley_1.json","assets/minecraft/models/block/lily_of_the_valley_1.json","observed file is placed in the minecraft namespace","observed"
"resource","models","minecraft:models/block/lily_pad.json","assets/minecraft/models/block/lily_pad.json","observed file is placed in the minecraft namespace","observed"
"resource","models","minecraft:models/block/lily_pad_1.json","assets/minecraft/models/block/lily_pad_1.json","observed file is placed in the minecraft namespace","observed"
"resource","models","minecraft:models/block/lily_pad_2.json","assets/minecraft/models/block/lily_pad_2.json","observed file is placed in the minecraft namespace","observed"
"resource","models","minecraft:models/block/lily_pad_3.json","assets/minecraft/models/block/lily_pad_3.json","observed file is placed in the minecraft namespace","observed"
"resource","models","minecraft:models/block/mangrove_fence_post.json","assets/minecraft/models/block/mangrove_fence_post.json","observed file is placed in the minecraft namespace","observed"
"resource","models","minecraft:models/block/mangrove_leaves.json","assets/minecraft/models/block/mangrove_leaves.json","observed file is placed in the minecraft namespace","observed"
"resource","models","minecraft:models/block/melon_stem_stage0.json","assets/minecraft/models/block/melon_stem_stage0.json","observed file is placed in the minecraft namespace","observed"
"resource","models","minecraft:models/block/melon_stem_stage1.json","assets/minecraft/models/block/melon_stem_stage1.json","observed file is placed in the minecraft namespace","observed"
"resource","models","minecraft:models/block/melon_stem_stage2.json","assets/minecraft/models/block/melon_stem_stage2.json","observed file is placed in the minecraft namespace","observed"
"resource","models","minecraft:models/block/melon_stem_stage3.json","assets/minecraft/models/block/melon_stem_stage3.json","observed file is placed in the minecraft namespace","observed"
"resource","models","minecraft:models/block/melon_stem_stage4.json","assets/minecraft/models/block/melon_stem_stage4.json","observed file is placed in the minecraft namespace","observed"
"resource","models","minecraft:models/block/melon_stem_stage5.json","assets/minecraft/models/block/melon_stem_stage5.json","observed file is placed in the minecraft namespace","observed"
"resource","models","minecraft:models/block/melon_stem_stage6.json","assets/minecraft/models/block/melon_stem_stage6.json","observed file is placed in the minecraft namespace","observed"
"resource","models","minecraft:models/block/melon_stem_stage7.json","assets/minecraft/models/block/melon_stem_stage7.json","observed file is placed in the minecraft namespace","observed"
"resource","models","minecraft:models/block/oak_fence_post.json","assets/minecraft/models/block/oak_fence_post.json","observed file is placed in the minecraft namespace","observed"
"resource","models","minecraft:models/block/oak_leaves.json","assets/minecraft/models/block/oak_leaves.json","observed file is placed in the minecraft namespace","observed"
"resource","models","minecraft:models/block/oak_trapdoor_bottom.json","assets/minecraft/models/block/oak_trapdoor_bottom.json","observed file is placed in the minecraft namespace","observed"
"resource","models","minecraft:models/block/oak_trapdoor_open.json","assets/minecraft/models/block/oak_trapdoor_open.json","observed file is placed in the minecraft namespace","observed"
"resource","models","minecraft:models/block/oak_trapdoor_top.json","assets/minecraft/models/block/oak_trapdoor_top.json","observed file is placed in the minecraft namespace","observed"
"resource","models","minecraft:models/block/orientable_dirt.json","assets/minecraft/models/block/orientable_dirt.json","observed file is placed in the minecraft namespace","observed"
"resource","models","minecraft:models/block/orientable_furnace.json","assets/minecraft/models/block/orientable_furnace.json","observed file is placed in the minecraft namespace","observed"
"resource","models","minecraft:models/block/orientable_vertical_with_bottom.json","assets/minecraft/models/block/orientable_vertical_with_bottom.json","observed file is placed in the minecraft namespace","observed"
"resource","models","minecraft:models/block/orientable_with_all_sides.json","assets/minecraft/models/block/orientable_with_all_sides.json","observed file is placed in the minecraft namespace","observed"
"resource","models","minecraft:models/block/oxeye_daisy.json","assets/minecraft/models/block/oxeye_daisy.json","observed file is placed in the minecraft namespace","observed"
"resource","models","minecraft:models/block/oxeye_daisy_1.json","assets/minecraft/models/block/oxeye_daisy_1.json","observed file is placed in the minecraft namespace","observed"
"resource","models","minecraft:models/block/oxidized_copper_bars_cap.json","assets/minecraft/models/block/oxidized_copper_bars_cap.json","observed file is placed in the minecraft namespace","observed"
"resource","models","minecraft:models/block/oxidized_copper_bars_cap_alt.json","assets/minecraft/models/block/oxidized_copper_bars_cap_alt.json","observed file is placed in the minecraft namespace","observed"
"resource","models","minecraft:models/block/oxidized_copper_bars_post.json","assets/minecraft/models/block/oxidized_copper_bars_post.json","observed file is placed in the minecraft namespace","observed"
"resource","models","minecraft:models/block/oxidized_copper_bars_post_ends.json","assets/minecraft/models/block/oxidized_copper_bars_post_ends.json","observed file is placed in the minecraft namespace","observed"
"resource","models","minecraft:models/block/oxidized_copper_bars_side.json","assets/minecraft/models/block/oxidized_copper_bars_side.json","observed file is placed in the minecraft namespace","observed"
"resource","models","minecraft:models/block/oxidized_copper_bars_side_alt.json","assets/minecraft/models/block/oxidized_copper_bars_side_alt.json","observed file is placed in the minecraft namespace","observed"
"resource","models","minecraft:models/block/pale_oak_fence_post.json","assets/minecraft/models/block/pale_oak_fence_post.json","observed file is placed in the minecraft namespace","observed"
"resource","models","minecraft:models/block/pale_oak_leaves.json","assets/minecraft/models/block/pale_oak_leaves.json","observed file is placed in the minecraft namespace","observed"
"resource","models","minecraft:models/block/petrified_oak_slab.json","assets/minecraft/models/block/petrified_oak_slab.json","observed file is placed in the minecraft namespace","observed"
"resource","models","minecraft:models/block/petrified_oak_slab_1.json","assets/minecraft/models/block/petrified_oak_slab_1.json","observed file is placed in the minecraft namespace","observed"
"resource","models","minecraft:models/block/petrified_oak_slab_2.json","assets/minecraft/models/block/petrified_oak_slab_2.json","observed file is placed in the minecraft namespace","observed"
"resource","models","minecraft:models/block/petrified_oak_slab_3.json","assets/minecraft/models/block/petrified_oak_slab_3.json","observed file is placed in the minecraft namespace","observed"
"resource","models","minecraft:models/block/petrified_oak_slab_top.json","assets/minecraft/models/block/petrified_oak_slab_top.json","observed file is placed in the minecraft namespace","observed"
"resource","models","minecraft:models/block/petrified_oak_slab_top_1.json","assets/minecraft/models/block/petrified_oak_slab_top_1.json","observed file is placed in the minecraft namespace","observed"
"resource","models","minecraft:models/block/petrified_oak_slab_top_2.json","assets/minecraft/models/block/petrified_oak_slab_top_2.json","observed file is placed in the minecraft namespace","observed"
"resource","models","minecraft:models/block/petrified_oak_slab_top_3.json","assets/minecraft/models/block/petrified_oak_slab_top_3.json","observed file is placed in the minecraft namespace","observed"
"resource","models","minecraft:models/block/podzol.json","assets/minecraft/models/block/podzol.json","observed file is placed in the minecraft namespace","observed"
"resource","models","minecraft:models/block/podzol_1.json","assets/minecraft/models/block/podzol_1.json","observed file is placed in the minecraft namespace","observed"
"resource","models","minecraft:models/block/podzol_2.json","assets/minecraft/models/block/podzol_2.json","observed file is placed in the minecraft namespace","observed"
"resource","models","minecraft:models/block/podzol_3.json","assets/minecraft/models/block/podzol_3.json","observed file is placed in the minecraft namespace","observed"
"resource","models","minecraft:models/block/polished_diorite_slab_double.json","assets/minecraft/models/block/polished_diorite_slab_double.json","observed file is placed in the minecraft namespace","observed"
"resource","models","minecraft:models/block/polished_granite_slab_double.json","assets/minecraft/models/block/polished_granite_slab_double.json","observed file is placed in the minecraft namespace","observed"
"resource","models","minecraft:models/block/potatoes_stage0.json","assets/minecraft/models/block/potatoes_stage0.json","observed file is placed in the minecraft namespace","observed"
"resource","models","minecraft:models/block/potatoes_stage1.json","assets/minecraft/models/block/potatoes_stage1.json","observed file is placed in the minecraft namespace","observed"
"resource","models","minecraft:models/block/potatoes_stage2.json","assets/minecraft/models/block/potatoes_stage2.json","observed file is placed in the minecraft namespace","observed"
"resource","models","minecraft:models/block/potatoes_stage3.json","assets/minecraft/models/block/potatoes_stage3.json","observed file is placed in the minecraft namespace","observed"
"resource","models","minecraft:models/block/potatoes_stage4.json","assets/minecraft/models/block/potatoes_stage4.json","observed file is placed in the minecraft namespace","observed"
"resource","models","minecraft:models/block/potatoes_stage5.json","assets/minecraft/models/block/potatoes_stage5.json","observed file is placed in the minecraft namespace","observed"
"resource","models","minecraft:models/block/potatoes_stage6.json","assets/minecraft/models/block/potatoes_stage6.json","observed file is placed in the minecraft namespace","observed"
"resource","models","minecraft:models/block/potatoes_stage7.json","assets/minecraft/models/block/potatoes_stage7.json","observed file is placed in the minecraft namespace","observed"
"resource","models","minecraft:models/block/potatoes_stage7_1.json","assets/minecraft/models/block/potatoes_stage7_1.json","observed file is placed in the minecraft namespace","observed"
"resource","models","minecraft:models/block/potatoes_stage7_2.json","assets/minecraft/models/block/potatoes_stage7_2.json","observed file is placed in the minecraft namespace","observed"
"resource","models","minecraft:models/block/potted_allium.json","assets/minecraft/models/block/potted_allium.json","observed file is placed in the minecraft namespace","observed"
"resource","models","minecraft:models/block/potted_blue_orchid.json","assets/minecraft/models/block/potted_blue_orchid.json","observed file is placed in the minecraft namespace","observed"
"resource","models","minecraft:models/block/potted_brown_mushroom.json","assets/minecraft/models/block/potted_brown_mushroom.json","observed file is placed in the minecraft namespace","observed"
"resource","models","minecraft:models/block/potted_cornflower.json","assets/minecraft/models/block/potted_cornflower.json","observed file is placed in the minecraft namespace","observed"
"resource","models","minecraft:models/block/potted_red_mushroom.json","assets/minecraft/models/block/potted_red_mushroom.json","observed file is placed in the minecraft namespace","observed"
"resource","models","minecraft:models/block/pumpkin_stem_stage0.json","assets/minecraft/models/block/pumpkin_stem_stage0.json","observed file is placed in the minecraft namespace","observed"
"resource","models","minecraft:models/block/pumpkin_stem_stage1.json","assets/minecraft/models/block/pumpkin_stem_stage1.json","observed file is placed in the minecraft namespace","observed"
"resource","models","minecraft:models/block/pumpkin_stem_stage2.json","assets/minecraft/models/block/pumpkin_stem_stage2.json","observed file is placed in the minecraft namespace","observed"
"resource","models","minecraft:models/block/pumpkin_stem_stage3.json","assets/minecraft/models/block/pumpkin_stem_stage3.json","observed file is placed in the minecraft namespace","observed"
"resource","models","minecraft:models/block/pumpkin_stem_stage4.json","assets/minecraft/models/block/pumpkin_stem_stage4.json","observed file is placed in the minecraft namespace","observed"
"resource","models","minecraft:models/block/pumpkin_stem_stage5.json","assets/minecraft/models/block/pumpkin_stem_stage5.json","observed file is placed in the minecraft namespace","observed"
"resource","models","minecraft:models/block/pumpkin_stem_stage6.json","assets/minecraft/models/block/pumpkin_stem_stage6.json","observed file is placed in the minecraft namespace","observed"
"resource","models","minecraft:models/block/pumpkin_stem_stage7.json","assets/minecraft/models/block/pumpkin_stem_stage7.json","observed file is placed in the minecraft namespace","observed"
"resource","models","minecraft:models/block/red_mushroom.json","assets/minecraft/models/block/red_mushroom.json","observed file is placed in the minecraft namespace","observed"
"resource","models","minecraft:models/block/rooted_dirt.json","assets/minecraft/models/block/rooted_dirt.json","observed file is placed in the minecraft namespace","observed"
"resource","models","minecraft:models/block/rooted_dirt_1.json","assets/minecraft/models/block/rooted_dirt_1.json","observed file is placed in the minecraft namespace","observed"
"resource","models","minecraft:models/block/short_grass.json","assets/minecraft/models/block/short_grass.json","observed file is placed in the minecraft namespace","observed"
"resource","models","minecraft:models/block/short_grass_1.json","assets/minecraft/models/block/short_grass_1.json","observed file is placed in the minecraft namespace","observed"
"resource","models","minecraft:models/block/short_grass_2.json","assets/minecraft/models/block/short_grass_2.json","observed file is placed in the minecraft namespace","observed"
"resource","models","minecraft:models/block/short_grass_3.json","assets/minecraft/models/block/short_grass_3.json","observed file is placed in the minecraft namespace","observed"
"resource","models","minecraft:models/block/short_grass_4.json","assets/minecraft/models/block/short_grass_4.json","observed file is placed in the minecraft namespace","observed"
"resource","models","minecraft:models/block/short_grass_5.json","assets/minecraft/models/block/short_grass_5.json","observed file is placed in the minecraft namespace","observed"
"resource","models","minecraft:models/block/shulker_box.json","assets/minecraft/models/block/shulker_box.json","observed file is placed in the minecraft namespace","observed"
"resource","models","minecraft:models/block/smooth_quartz.json","assets/minecraft/models/block/smooth_quartz.json","observed file is placed in the minecraft namespace","observed"
"resource","models","minecraft:models/block/smooth_quartz_slab.json","assets/minecraft/models/block/smooth_quartz_slab.json","observed file is placed in the minecraft namespace","observed"
"resource","models","minecraft:models/block/smooth_quartz_slab_top.json","assets/minecraft/models/block/smooth_quartz_slab_top.json","observed file is placed in the minecraft namespace","observed"
"resource","models","minecraft:models/block/smooth_quartz_stairs.json","assets/minecraft/models/block/smooth_quartz_stairs.json","observed file is placed in the minecraft namespace","observed"
"resource","models","minecraft:models/block/smooth_quartz_stairs_inner.json","assets/minecraft/models/block/smooth_quartz_stairs_inner.json","observed file is placed in the minecraft namespace","observed"
"resource","models","minecraft:models/block/smooth_quartz_stairs_outer.json","assets/minecraft/models/block/smooth_quartz_stairs_outer.json","observed file is placed in the minecraft namespace","observed"
"resource","models","minecraft:models/block/smooth_red_sandstone.json","assets/minecraft/models/block/smooth_red_sandstone.json","observed file is placed in the minecraft namespace","observed"
"resource","models","minecraft:models/block/smooth_red_sandstone_slab.json","assets/minecraft/models/block/smooth_red_sandstone_slab.json","observed file is placed in the minecraft namespace","observed"
"resource","models","minecraft:models/block/smooth_red_sandstone_slab_double.json","assets/minecraft/models/block/smooth_red_sandstone_slab_double.json","observed file is placed in the minecraft namespace","observed"
"resource","models","minecraft:models/block/smooth_red_sandstone_slab_top.json","assets/minecraft/models/block/smooth_red_sandstone_slab_top.json","observed file is placed in the minecraft namespace","observed"
"resource","models","minecraft:models/block/smooth_red_sandstone_stairs.json","assets/minecraft/models/block/smooth_red_sandstone_stairs.json","observed file is placed in the minecraft namespace","observed"
"resource","models","minecraft:models/block/smooth_red_sandstone_stairs_inner.json","assets/minecraft/models/block/smooth_red_sandstone_stairs_inner.json","observed file is placed in the minecraft namespace","observed"
"resource","models","minecraft:models/block/smooth_red_sandstone_stairs_outer.json","assets/minecraft/models/block/smooth_red_sandstone_stairs_outer.json","observed file is placed in the minecraft namespace","observed"
"resource","models","minecraft:models/block/spruce_fence_post.json","assets/minecraft/models/block/spruce_fence_post.json","observed file is placed in the minecraft namespace","observed"
"resource","models","minecraft:models/block/spruce_leaves.json","assets/minecraft/models/block/spruce_leaves.json","observed file is placed in the minecraft namespace","observed"
"resource","models","minecraft:models/block/spruce_slab_double.json","assets/minecraft/models/block/spruce_slab_double.json","observed file is placed in the minecraft namespace","observed"
"resource","models","minecraft:models/block/template_anvil.json","assets/minecraft/models/block/template_anvil.json","observed file is placed in the minecraft namespace","observed"
"resource","models","minecraft:models/block/template_bars_post.json","assets/minecraft/models/block/template_bars_post.json","observed file is placed in the minecraft namespace","observed"
"resource","models","minecraft:models/block/template_bars_side.json","assets/minecraft/models/block/template_bars_side.json","observed file is placed in the minecraft namespace","observed"
"resource","models","minecraft:models/block/template_bars_side_alt.json","assets/minecraft/models/block/template_bars_side_alt.json","observed file is placed in the minecraft namespace","observed"
"resource","models","minecraft:models/block/tinted_flower_pot_cross.json","assets/minecraft/models/block/tinted_flower_pot_cross.json","observed file is placed in the minecraft namespace","observed"
"resource","models","minecraft:models/block/warding_stone.json","assets/minecraft/models/block/warding_stone.json","observed file is placed in the minecraft namespace","observed"
"resource","models","minecraft:models/block/warped_fence_post.json","assets/minecraft/models/block/warped_fence_post.json","observed file is placed in the minecraft namespace","observed"
"resource","models","minecraft:models/block/weathered_copper_bars_cap.json","assets/minecraft/models/block/weathered_copper_bars_cap.json","observed file is placed in the minecraft namespace","observed"
"resource","models","minecraft:models/block/weathered_copper_bars_cap_alt.json","assets/minecraft/models/block/weathered_copper_bars_cap_alt.json","observed file is placed in the minecraft namespace","observed"
"resource","models","minecraft:models/block/weathered_copper_bars_post.json","assets/minecraft/models/block/weathered_copper_bars_post.json","observed file is placed in the minecraft namespace","observed"
"resource","models","minecraft:models/block/weathered_copper_bars_post_ends.json","assets/minecraft/models/block/weathered_copper_bars_post_ends.json","observed file is placed in the minecraft namespace","observed"
"resource","models","minecraft:models/block/weathered_copper_bars_side.json","assets/minecraft/models/block/weathered_copper_bars_side.json","observed file is placed in the minecraft namespace","observed"
"resource","models","minecraft:models/block/weathered_copper_bars_side_alt.json","assets/minecraft/models/block/weathered_copper_bars_side_alt.json","observed file is placed in the minecraft namespace","observed"
"resource","models","minecraft:models/block/wheat_stage5.json","assets/minecraft/models/block/wheat_stage5.json","observed file is placed in the minecraft namespace","observed"
"resource","models","minecraft:models/block/wheat_stage6.json","assets/minecraft/models/block/wheat_stage6.json","observed file is placed in the minecraft namespace","observed"
"resource","models","minecraft:models/block/wheat_stage7.json","assets/minecraft/models/block/wheat_stage7.json","observed file is placed in the minecraft namespace","observed"
"resource","models","minecraft:models/block/wheat_stage7_1.json","assets/minecraft/models/block/wheat_stage7_1.json","observed file is placed in the minecraft namespace","observed"
"resource","models","minecraft:models/block/wheat_stage7_2.json","assets/minecraft/models/block/wheat_stage7_2.json","observed file is placed in the minecraft namespace","observed"
"resource","models","minecraft:models/item/abbey_map.json","assets/minecraft/models/item/abbey_map.json","observed file is placed in the minecraft namespace","observed"
"resource","models","minecraft:models/item/adamant_claymore.json","assets/minecraft/models/item/adamant_claymore.json","observed file is placed in the minecraft namespace","observed"
"resource","models","minecraft:models/item/adamant_dolabra.json","assets/minecraft/models/item/adamant_dolabra.json","observed file is placed in the minecraft namespace","observed"
"resource","models","minecraft:models/item/adamant_mattock.json","assets/minecraft/models/item/adamant_mattock.json","observed file is placed in the minecraft namespace","observed"
"resource","models","minecraft:models/item/alaska_blackfish.json","assets/minecraft/models/item/alaska_blackfish.json","observed file is placed in the minecraft namespace","observed"
"resource","models","minecraft:models/item/allium.json","assets/minecraft/models/item/allium.json","observed file is placed in the minecraft namespace","observed"
"resource","models","minecraft:models/item/amber.json","assets/minecraft/models/item/amber.json","observed file is placed in the minecraft namespace","observed"
"resource","models","minecraft:models/item/amber_earrings.json","assets/minecraft/models/item/amber_earrings.json","observed file is placed in the minecraft namespace","observed"
"resource","models","minecraft:models/item/amnestic.json","assets/minecraft/models/item/amnestic.json","observed file is placed in the minecraft namespace","observed"
"resource","models","minecraft:models/item/amnestic_wrapped.json","assets/minecraft/models/item/amnestic_wrapped.json","observed file is placed in the minecraft namespace","observed"
"resource","models","minecraft:models/item/anchovy.json","assets/minecraft/models/item/anchovy.json","observed file is placed in the minecraft namespace","observed"
"resource","models","minecraft:models/item/apotropaic_arrow.json","assets/minecraft/models/item/apotropaic_arrow.json","observed file is placed in the minecraft namespace","observed"
"resource","models","minecraft:models/item/apple_empanada.json","assets/minecraft/models/item/apple_empanada.json","observed file is placed in the minecraft namespace","observed"
"resource","models","minecraft:models/item/application.json","assets/minecraft/models/item/application.json","observed file is placed in the minecraft namespace","observed"
"resource","models","minecraft:models/item/arapaima.json","assets/minecraft/models/item/arapaima.json","observed file is placed in the minecraft namespace","observed"
"resource","models","minecraft:models/item/archaeologists_brush.json","assets/minecraft/models/item/archaeologists_brush.json","observed file is placed in the minecraft namespace","observed"
"resource","models","minecraft:models/item/archaeologists_brush_brushing_0.json","assets/minecraft/models/item/archaeologists_brush_brushing_0.json","observed file is placed in the minecraft namespace","observed"
"resource","models","minecraft:models/item/archaeologists_brush_brushing_1.json","assets/minecraft/models/item/archaeologists_brush_brushing_1.json","observed file is placed in the minecraft namespace","observed"
"resource","models","minecraft:models/item/archaeologists_brush_brushing_2.json","assets/minecraft/models/item/archaeologists_brush_brushing_2.json","observed file is placed in the minecraft namespace","observed"
"resource","models","minecraft:models/item/armoured_catfish.json","assets/minecraft/models/item/armoured_catfish.json","observed file is placed in the minecraft namespace","observed"
"resource","models","minecraft:models/item/avesta.json","assets/minecraft/models/item/avesta.json","observed file is placed in the minecraft namespace","observed"
"resource","models","minecraft:models/item/axolotl.json","assets/minecraft/models/item/axolotl.json","observed file is placed in the minecraft namespace","observed"
"resource","models","minecraft:models/item/azure_bluet.json","assets/minecraft/models/item/azure_bluet.json","observed file is placed in the minecraft namespace","observed"
"resource","models","minecraft:models/item/baked_golden_apple.json","assets/minecraft/models/item/baked_golden_apple.json","observed file is placed in the minecraft namespace","observed"
"resource","models","minecraft:models/item/bass.json","assets/minecraft/models/item/bass.json","observed file is placed in the minecraft namespace","observed"
"resource","models","minecraft:models/item/beacon_kindling.json","assets/minecraft/models/item/beacon_kindling.json","observed file is placed in the minecraft namespace","observed"
"resource","models","minecraft:models/item/black_seabass.json","assets/minecraft/models/item/black_seabass.json","observed file is placed in the minecraft namespace","observed"
"resource","models","minecraft:models/item/blessing_aeolus.json","assets/minecraft/models/item/blessing_aeolus.json","observed file is placed in the minecraft namespace","observed"
"resource","models","minecraft:models/item/blessing_apollo.json","assets/minecraft/models/item/blessing_apollo.json","observed file is placed in the minecraft namespace","observed"
"resource","models","minecraft:models/item/blessing_arachnae.json","assets/minecraft/models/item/blessing_arachnae.json","observed file is placed in the minecraft namespace","observed"
"resource","models","minecraft:models/item/blessing_ares.json","assets/minecraft/models/item/blessing_ares.json","observed file is placed in the minecraft namespace","observed"
"resource","models","minecraft:models/item/blessing_artemis.json","assets/minecraft/models/item/blessing_artemis.json","observed file is placed in the minecraft namespace","observed"
"resource","models","minecraft:models/item/blessing_clement.json","assets/minecraft/models/item/blessing_clement.json","observed file is placed in the minecraft namespace","observed"
"resource","models","minecraft:models/item/blessing_cronus.json","assets/minecraft/models/item/blessing_cronus.json","observed file is placed in the minecraft namespace","observed"
"resource","models","minecraft:models/item/blessing_daedalus.json","assets/minecraft/models/item/blessing_daedalus.json","observed file is placed in the minecraft namespace","observed"
"resource","models","minecraft:models/item/blessing_demeter.json","assets/minecraft/models/item/blessing_demeter.json","observed file is placed in the minecraft namespace","observed"
"resource","models","minecraft:models/item/blessing_eros.json","assets/minecraft/models/item/blessing_eros.json","observed file is placed in the minecraft namespace","observed"
"resource","models","minecraft:models/item/blessing_glaucus.json","assets/minecraft/models/item/blessing_glaucus.json","observed file is placed in the minecraft namespace","observed"
"resource","models","minecraft:models/item/blessing_god_king.json","assets/minecraft/models/item/blessing_god_king.json","observed file is placed in the minecraft namespace","observed"
"resource","models","minecraft:models/item/blessing_hyacinthus.json","assets/minecraft/models/item/blessing_hyacinthus.json","observed file is placed in the minecraft namespace","observed"
"resource","models","minecraft:models/item/blessing_icarus.json","assets/minecraft/models/item/blessing_icarus.json","observed file is placed in the minecraft namespace","observed"
"resource","models","minecraft:models/item/blessing_lu_ban.json","assets/minecraft/models/item/blessing_lu_ban.json","observed file is placed in the minecraft namespace","observed"
"resource","models","minecraft:models/item/blessing_paris.json","assets/minecraft/models/item/blessing_paris.json","observed file is placed in the minecraft namespace","observed"
"resource","models","minecraft:models/item/blessing_prometheus.json","assets/minecraft/models/item/blessing_prometheus.json","observed file is placed in the minecraft namespace","observed"
"resource","models","minecraft:models/item/blessing_talos.json","assets/minecraft/models/item/blessing_talos.json","observed file is placed in the minecraft namespace","observed"
"resource","models","minecraft:models/item/blessing_warding.json","assets/minecraft/models/item/blessing_warding.json","observed file is placed in the minecraft namespace","observed"
"resource","models","minecraft:models/item/blessing_will.json","assets/minecraft/models/item/blessing_will.json","observed file is placed in the minecraft namespace","observed"
"resource","models","minecraft:models/item/blessing_yama.json","assets/minecraft/models/item/blessing_yama.json","observed file is placed in the minecraft namespace","observed"
"resource","models","minecraft:models/item/blessing_yamm.json","assets/minecraft/models/item/blessing_yamm.json","observed file is placed in the minecraft namespace","observed"
"resource","models","minecraft:models/item/bloodrage_hatchet.json","assets/minecraft/models/item/bloodrage_hatchet.json","observed file is placed in the minecraft namespace","observed"
"resource","models","minecraft:models/item/blue_orchid.json","assets/minecraft/models/item/blue_orchid.json","observed file is placed in the minecraft namespace","observed"
"resource","models","minecraft:models/item/bluegill.json","assets/minecraft/models/item/bluegill.json","observed file is placed in the minecraft namespace","observed"
"resource","models","minecraft:models/item/bokguk.json","assets/minecraft/models/item/bokguk.json","observed file is placed in the minecraft namespace","observed"
"resource","models","minecraft:models/item/braised_brown_mushroom.json","assets/minecraft/models/item/braised_brown_mushroom.json","observed file is placed in the minecraft namespace","observed"
"resource","models","minecraft:models/item/braised_crimson_fungus.json","assets/minecraft/models/item/braised_crimson_fungus.json","observed file is placed in the minecraft namespace","observed"
"resource","models","minecraft:models/item/braised_red_mushroom.json","assets/minecraft/models/item/braised_red_mushroom.json","observed file is placed in the minecraft namespace","observed"
"resource","models","minecraft:models/item/braised_warped_fungus.json","assets/minecraft/models/item/braised_warped_fungus.json","observed file is placed in the minecraft namespace","observed"
"resource","models","minecraft:models/item/breeze_rod.json","assets/minecraft/models/item/breeze_rod.json","observed file is placed in the minecraft namespace","observed"
"resource","models","minecraft:models/item/bronze_axe.json","assets/minecraft/models/item/bronze_axe.json","observed file is placed in the minecraft namespace","observed"
"resource","models","minecraft:models/item/bronze_boots.json","assets/minecraft/models/item/bronze_boots.json","observed file is placed in the minecraft namespace","observed"
"resource","models","minecraft:models/item/bronze_chestplate.json","assets/minecraft/models/item/bronze_chestplate.json","observed file is placed in the minecraft namespace","observed"
"resource","models","minecraft:models/item/bronze_dolabra.json","assets/minecraft/models/item/bronze_dolabra.json","observed file is placed in the minecraft namespace","observed"
"resource","models","minecraft:models/item/bronze_elytra.json","assets/minecraft/models/item/bronze_elytra.json","observed file is placed in the minecraft namespace","observed"
"resource","models","minecraft:models/item/bronze_elytra_broken.json","assets/minecraft/models/item/bronze_elytra_broken.json","observed file is placed in the minecraft namespace","observed"
"resource","models","minecraft:models/item/bronze_helmet.json","assets/minecraft/models/item/bronze_helmet.json","observed file is placed in the minecraft namespace","observed"
"resource","models","minecraft:models/item/bronze_hoe.json","assets/minecraft/models/item/bronze_hoe.json","observed file is placed in the minecraft namespace","observed"
"resource","models","minecraft:models/item/bronze_laurel.json","assets/minecraft/models/item/bronze_laurel.json","observed file is placed in the minecraft namespace","observed"
"resource","models","minecraft:models/item/bronze_leggings.json","assets/minecraft/models/item/bronze_leggings.json","observed file is placed in the minecraft namespace","observed"
"resource","models","minecraft:models/item/bronze_mattock.json","assets/minecraft/models/item/bronze_mattock.json","observed file is placed in the minecraft namespace","observed"
"resource","models","minecraft:models/item/bronze_pickaxe.json","assets/minecraft/models/item/bronze_pickaxe.json","observed file is placed in the minecraft namespace","observed"
"resource","models","minecraft:models/item/bronze_shears.json","assets/minecraft/models/item/bronze_shears.json","observed file is placed in the minecraft namespace","observed"
"resource","models","minecraft:models/item/bronze_shovel.json","assets/minecraft/models/item/bronze_shovel.json","observed file is placed in the minecraft namespace","observed"
"resource","models","minecraft:models/item/bronze_spear.json","assets/minecraft/models/item/bronze_spear.json","observed file is placed in the minecraft namespace","observed"
"resource","models","minecraft:models/item/bronze_spear_in_hand.json","assets/minecraft/models/item/bronze_spear_in_hand.json","observed file is placed in the minecraft namespace","observed"
"resource","models","minecraft:models/item/bronze_sword.json","assets/minecraft/models/item/bronze_sword.json","observed file is placed in the minecraft namespace","observed"
"resource","models","minecraft:models/item/brown_mushroom.json","assets/minecraft/models/item/brown_mushroom.json","observed file is placed in the minecraft namespace","observed"
"resource","models","minecraft:models/item/brownie.json","assets/minecraft/models/item/brownie.json","observed file is placed in the minecraft namespace","observed"
"resource","models","minecraft:models/item/bruschetta.json","assets/minecraft/models/item/bruschetta.json","observed file is placed in the minecraft namespace","observed"
"resource","models","minecraft:models/item/bujurqui.json","assets/minecraft/models/item/bujurqui.json","observed file is placed in the minecraft namespace","observed"
"resource","models","minecraft:models/item/butcher_knife.json","assets/minecraft/models/item/butcher_knife.json","observed file is placed in the minecraft namespace","observed"
"resource","models","minecraft:models/item/buttered_apple.json","assets/minecraft/models/item/buttered_apple.json","observed file is placed in the minecraft namespace","observed"
"resource","models","minecraft:models/item/canned_apples.json","assets/minecraft/models/item/canned_apples.json","observed file is placed in the minecraft namespace","observed"
"resource","models","minecraft:models/item/canned_golden_apples.json","assets/minecraft/models/item/canned_golden_apples.json","observed file is placed in the minecraft namespace","observed"
"resource","models","minecraft:models/item/carp.json","assets/minecraft/models/item/carp.json","observed file is placed in the minecraft namespace","observed"
"resource","models","minecraft:models/item/carrot_cupcake.json","assets/minecraft/models/item/carrot_cupcake.json","observed file is placed in the minecraft namespace","observed"
"resource","models","minecraft:models/item/catfish.json","assets/minecraft/models/item/catfish.json","observed file is placed in the minecraft namespace","observed"
"resource","models","minecraft:models/item/char.json","assets/minecraft/models/item/char.json","observed file is placed in the minecraft namespace","observed"
"resource","models","minecraft:models/item/charred_fish.json","assets/minecraft/models/item/charred_fish.json","observed file is placed in the minecraft namespace","observed"
"resource","models","minecraft:models/item/charred_meat.json","assets/minecraft/models/item/charred_meat.json","observed file is placed in the minecraft namespace","observed"
"resource","models","minecraft:models/item/charred_potato.json","assets/minecraft/models/item/charred_potato.json","observed file is placed in the minecraft namespace","observed"
"resource","models","minecraft:models/item/cheerful_clay_statue.json","assets/minecraft/models/item/cheerful_clay_statue.json","observed file is placed in the minecraft namespace","observed"
"resource","models","minecraft:models/item/cheese_pizza.json","assets/minecraft/models/item/cheese_pizza.json","observed file is placed in the minecraft namespace","observed"
"resource","models","minecraft:models/item/chocolate.json","assets/minecraft/models/item/chocolate.json","observed file is placed in the minecraft namespace","observed"
"resource","models","minecraft:models/item/chocolate_chip_cookie.json","assets/minecraft/models/item/chocolate_chip_cookie.json","observed file is placed in the minecraft namespace","observed"
"resource","models","minecraft:models/item/chorus_mochi.json","assets/minecraft/models/item/chorus_mochi.json","observed file is placed in the minecraft namespace","observed"
"resource","models","minecraft:models/item/chorus_mochi_recipe.json","assets/minecraft/models/item/chorus_mochi_recipe.json","observed file is placed in the minecraft namespace","observed"
"resource","models","minecraft:models/item/closed_eyeblossom.json","assets/minecraft/models/item/closed_eyeblossom.json","observed file is placed in the minecraft namespace","observed"
"resource","models","minecraft:models/item/compound_bow.json","assets/minecraft/models/item/compound_bow.json","observed file is placed in the minecraft namespace","observed"
"resource","models","minecraft:models/item/compound_bow_pulling_0.json","assets/minecraft/models/item/compound_bow_pulling_0.json","observed file is placed in the minecraft namespace","observed"
"resource","models","minecraft:models/item/compound_bow_pulling_1.json","assets/minecraft/models/item/compound_bow_pulling_1.json","observed file is placed in the minecraft namespace","observed"
"resource","models","minecraft:models/item/compound_bow_pulling_2.json","assets/minecraft/models/item/compound_bow_pulling_2.json","observed file is placed in the minecraft namespace","observed"
"resource","models","minecraft:models/item/cooked_pufferfish.json","assets/minecraft/models/item/cooked_pufferfish.json","observed file is placed in the minecraft namespace","observed"
"resource","models","minecraft:models/item/copper_axe.json","assets/minecraft/models/item/copper_axe.json","observed file is placed in the minecraft namespace","observed"
"resource","models","minecraft:models/item/copper_axe_exposed.json","assets/minecraft/models/item/copper_axe_exposed.json","observed file is placed in the minecraft namespace","observed"
"resource","models","minecraft:models/item/copper_axe_oxidized.json","assets/minecraft/models/item/copper_axe_oxidized.json","observed file is placed in the minecraft namespace","observed"
"resource","models","minecraft:models/item/copper_axe_weathered.json","assets/minecraft/models/item/copper_axe_weathered.json","observed file is placed in the minecraft namespace","observed"
"resource","models","minecraft:models/item/copper_compass1.json","assets/minecraft/models/item/copper_compass1.json","observed file is placed in the minecraft namespace","observed"
"resource","models","minecraft:models/item/copper_compass10.json","assets/minecraft/models/item/copper_compass10.json","observed file is placed in the minecraft namespace","observed"
"resource","models","minecraft:models/item/copper_compass11.json","assets/minecraft/models/item/copper_compass11.json","observed file is placed in the minecraft namespace","observed"
"resource","models","minecraft:models/item/copper_compass12.json","assets/minecraft/models/item/copper_compass12.json","observed file is placed in the minecraft namespace","observed"
"resource","models","minecraft:models/item/copper_compass13.json","assets/minecraft/models/item/copper_compass13.json","observed file is placed in the minecraft namespace","observed"
"resource","models","minecraft:models/item/copper_compass14.json","assets/minecraft/models/item/copper_compass14.json","observed file is placed in the minecraft namespace","observed"
"resource","models","minecraft:models/item/copper_compass15.json","assets/minecraft/models/item/copper_compass15.json","observed file is placed in the minecraft namespace","observed"
"resource","models","minecraft:models/item/copper_compass16.json","assets/minecraft/models/item/copper_compass16.json","observed file is placed in the minecraft namespace","observed"
"resource","models","minecraft:models/item/copper_compass17.json","assets/minecraft/models/item/copper_compass17.json","observed file is placed in the minecraft namespace","observed"
"resource","models","minecraft:models/item/copper_compass18.json","assets/minecraft/models/item/copper_compass18.json","observed file is placed in the minecraft namespace","observed"
"resource","models","minecraft:models/item/copper_compass19.json","assets/minecraft/models/item/copper_compass19.json","observed file is placed in the minecraft namespace","observed"
"resource","models","minecraft:models/item/copper_compass2.json","assets/minecraft/models/item/copper_compass2.json","observed file is placed in the minecraft namespace","observed"
"resource","models","minecraft:models/item/copper_compass20.json","assets/minecraft/models/item/copper_compass20.json","observed file is placed in the minecraft namespace","observed"
"resource","models","minecraft:models/item/copper_compass21.json","assets/minecraft/models/item/copper_compass21.json","observed file is placed in the minecraft namespace","observed"
"resource","models","minecraft:models/item/copper_compass22.json","assets/minecraft/models/item/copper_compass22.json","observed file is placed in the minecraft namespace","observed"
"resource","models","minecraft:models/item/copper_compass23.json","assets/minecraft/models/item/copper_compass23.json","observed file is placed in the minecraft namespace","observed"
"resource","models","minecraft:models/item/copper_compass24.json","assets/minecraft/models/item/copper_compass24.json","observed file is placed in the minecraft namespace","observed"
"resource","models","minecraft:models/item/copper_compass25.json","assets/minecraft/models/item/copper_compass25.json","observed file is placed in the minecraft namespace","observed"
"resource","models","minecraft:models/item/copper_compass26.json","assets/minecraft/models/item/copper_compass26.json","observed file is placed in the minecraft namespace","observed"
"resource","models","minecraft:models/item/copper_compass27.json","assets/minecraft/models/item/copper_compass27.json","observed file is placed in the minecraft namespace","observed"
"resource","models","minecraft:models/item/copper_compass28.json","assets/minecraft/models/item/copper_compass28.json","observed file is placed in the minecraft namespace","observed"
"resource","models","minecraft:models/item/copper_compass29.json","assets/minecraft/models/item/copper_compass29.json","observed file is placed in the minecraft namespace","observed"
"resource","models","minecraft:models/item/copper_compass3.json","assets/minecraft/models/item/copper_compass3.json","observed file is placed in the minecraft namespace","observed"
"resource","models","minecraft:models/item/copper_compass30.json","assets/minecraft/models/item/copper_compass30.json","observed file is placed in the minecraft namespace","observed"
"resource","models","minecraft:models/item/copper_compass31.json","assets/minecraft/models/item/copper_compass31.json","observed file is placed in the minecraft namespace","observed"
"resource","models","minecraft:models/item/copper_compass32.json","assets/minecraft/models/item/copper_compass32.json","observed file is placed in the minecraft namespace","observed"
"resource","models","minecraft:models/item/copper_compass4.json","assets/minecraft/models/item/copper_compass4.json","observed file is placed in the minecraft namespace","observed"
"resource","models","minecraft:models/item/copper_compass5.json","assets/minecraft/models/item/copper_compass5.json","observed file is placed in the minecraft namespace","observed"
"resource","models","minecraft:models/item/copper_compass6.json","assets/minecraft/models/item/copper_compass6.json","observed file is placed in the minecraft namespace","observed"
"resource","models","minecraft:models/item/copper_compass7.json","assets/minecraft/models/item/copper_compass7.json","observed file is placed in the minecraft namespace","observed"
"resource","models","minecraft:models/item/copper_compass8.json","assets/minecraft/models/item/copper_compass8.json","observed file is placed in the minecraft namespace","observed"
"resource","models","minecraft:models/item/copper_compass9.json","assets/minecraft/models/item/copper_compass9.json","observed file is placed in the minecraft namespace","observed"
"resource","models","minecraft:models/item/copper_dolabra.json","assets/minecraft/models/item/copper_dolabra.json","observed file is placed in the minecraft namespace","observed"
"resource","models","minecraft:models/item/copper_dolabra_exposed.json","assets/minecraft/models/item/copper_dolabra_exposed.json","observed file is placed in the minecraft namespace","observed"
"resource","models","minecraft:models/item/copper_dolabra_oxidized.json","assets/minecraft/models/item/copper_dolabra_oxidized.json","observed file is placed in the minecraft namespace","observed"
"resource","models","minecraft:models/item/copper_dolabra_weathered.json","assets/minecraft/models/item/copper_dolabra_weathered.json","observed file is placed in the minecraft namespace","observed"
"resource","models","minecraft:models/item/copper_hoe.json","assets/minecraft/models/item/copper_hoe.json","observed file is placed in the minecraft namespace","observed"
"resource","models","minecraft:models/item/copper_hoe_exposed.json","assets/minecraft/models/item/copper_hoe_exposed.json","observed file is placed in the minecraft namespace","observed"
"resource","models","minecraft:models/item/copper_hoe_oxidized.json","assets/minecraft/models/item/copper_hoe_oxidized.json","observed file is placed in the minecraft namespace","observed"
"resource","models","minecraft:models/item/copper_hoe_weathered.json","assets/minecraft/models/item/copper_hoe_weathered.json","observed file is placed in the minecraft namespace","observed"
"resource","models","minecraft:models/item/copper_knife.json","assets/minecraft/models/item/copper_knife.json","observed file is placed in the minecraft namespace","observed"
"resource","models","minecraft:models/item/copper_mattock.json","assets/minecraft/models/item/copper_mattock.json","observed file is placed in the minecraft namespace","observed"
"resource","models","minecraft:models/item/copper_mattock_exposed.json","assets/minecraft/models/item/copper_mattock_exposed.json","observed file is placed in the minecraft namespace","observed"
"resource","models","minecraft:models/item/copper_mattock_oxidized.json","assets/minecraft/models/item/copper_mattock_oxidized.json","observed file is placed in the minecraft namespace","observed"
"resource","models","minecraft:models/item/copper_mattock_weathered.json","assets/minecraft/models/item/copper_mattock_weathered.json","observed file is placed in the minecraft namespace","observed"
"resource","models","minecraft:models/item/copper_pickaxe.json","assets/minecraft/models/item/copper_pickaxe.json","observed file is placed in the minecraft namespace","observed"
"resource","models","minecraft:models/item/copper_pickaxe_exposed.json","assets/minecraft/models/item/copper_pickaxe_exposed.json","observed file is placed in the minecraft namespace","observed"
"resource","models","minecraft:models/item/copper_pickaxe_oxidized.json","assets/minecraft/models/item/copper_pickaxe_oxidized.json","observed file is placed in the minecraft namespace","observed"
"resource","models","minecraft:models/item/copper_pickaxe_weathered.json","assets/minecraft/models/item/copper_pickaxe_weathered.json","observed file is placed in the minecraft namespace","observed"
"resource","models","minecraft:models/item/copper_shears.json","assets/minecraft/models/item/copper_shears.json","observed file is placed in the minecraft namespace","observed"
"resource","models","minecraft:models/item/copper_shears_exposed.json","assets/minecraft/models/item/copper_shears_exposed.json","observed file is placed in the minecraft namespace","observed"
"resource","models","minecraft:models/item/copper_shears_oxidized.json","assets/minecraft/models/item/copper_shears_oxidized.json","observed file is placed in the minecraft namespace","observed"
"resource","models","minecraft:models/item/copper_shears_weathered.json","assets/minecraft/models/item/copper_shears_weathered.json","observed file is placed in the minecraft namespace","observed"
"resource","models","minecraft:models/item/copper_shovel.json","assets/minecraft/models/item/copper_shovel.json","observed file is placed in the minecraft namespace","observed"
"resource","models","minecraft:models/item/copper_shovel_exposed.json","assets/minecraft/models/item/copper_shovel_exposed.json","observed file is placed in the minecraft namespace","observed"
"resource","models","minecraft:models/item/copper_shovel_oxidized.json","assets/minecraft/models/item/copper_shovel_oxidized.json","observed file is placed in the minecraft namespace","observed"
"resource","models","minecraft:models/item/copper_shovel_weathered.json","assets/minecraft/models/item/copper_shovel_weathered.json","observed file is placed in the minecraft namespace","observed"
"resource","models","minecraft:models/item/copper_sword.json","assets/minecraft/models/item/copper_sword.json","observed file is placed in the minecraft namespace","observed"
"resource","models","minecraft:models/item/copper_sword_exposed.json","assets/minecraft/models/item/copper_sword_exposed.json","observed file is placed in the minecraft namespace","observed"
"resource","models","minecraft:models/item/copper_sword_oxidized.json","assets/minecraft/models/item/copper_sword_oxidized.json","observed file is placed in the minecraft namespace","observed"
"resource","models","minecraft:models/item/copper_sword_weathered.json","assets/minecraft/models/item/copper_sword_weathered.json","observed file is placed in the minecraft namespace","observed"
"resource","models","minecraft:models/item/cornflower.json","assets/minecraft/models/item/cornflower.json","observed file is placed in the minecraft namespace","observed"
"resource","models","minecraft:models/item/crappie.json","assets/minecraft/models/item/crappie.json","observed file is placed in the minecraft namespace","observed"
"resource","models","minecraft:models/item/crate_cold_cow.json","assets/minecraft/models/item/crate_cold_cow.json","observed file is placed in the minecraft namespace","observed"
"resource","models","minecraft:models/item/crate_cold_pig.json","assets/minecraft/models/item/crate_cold_pig.json","observed file is placed in the minecraft namespace","observed"
"resource","models","minecraft:models/item/crate_sheep_black.json","assets/minecraft/models/item/crate_sheep_black.json","observed file is placed in the minecraft namespace","observed"
"resource","models","minecraft:models/item/crate_sheep_brown.json","assets/minecraft/models/item/crate_sheep_brown.json","observed file is placed in the minecraft namespace","observed"
"resource","models","minecraft:models/item/crate_sheep_white.json","assets/minecraft/models/item/crate_sheep_white.json","observed file is placed in the minecraft namespace","observed"
"resource","models","minecraft:models/item/crate_temperate_cow.json","assets/minecraft/models/item/crate_temperate_cow.json","observed file is placed in the minecraft namespace","observed"
"resource","models","minecraft:models/item/crate_temperate_pig.json","assets/minecraft/models/item/crate_temperate_pig.json","observed file is placed in the minecraft namespace","observed"
"resource","models","minecraft:models/item/crate_warm_cow.json","assets/minecraft/models/item/crate_warm_cow.json","observed file is placed in the minecraft namespace","observed"
"resource","models","minecraft:models/item/crate_warm_pig.json","assets/minecraft/models/item/crate_warm_pig.json","observed file is placed in the minecraft namespace","observed"
"resource","models","minecraft:models/item/crimson_fungus.json","assets/minecraft/models/item/crimson_fungus.json","observed file is placed in the minecraft namespace","observed"
"resource","models","minecraft:models/item/crimson_stroganoff.json","assets/minecraft/models/item/crimson_stroganoff.json","observed file is placed in the minecraft namespace","observed"
"resource","models","minecraft:models/item/crook.json","assets/minecraft/models/item/crook.json","observed file is placed in the minecraft namespace","observed"
"resource","models","minecraft:models/item/cyan_rose_classic.json","assets/minecraft/models/item/cyan_rose_classic.json","observed file is placed in the minecraft namespace","observed"
"resource","models","minecraft:models/item/dandelion.json","assets/minecraft/models/item/dandelion.json","observed file is placed in the minecraft namespace","observed"
"resource","models","minecraft:models/item/dandelion_classic.json","assets/minecraft/models/item/dandelion_classic.json","observed file is placed in the minecraft namespace","observed"
"resource","models","minecraft:models/item/diamond_dolabra.json","assets/minecraft/models/item/diamond_dolabra.json","observed file is placed in the minecraft namespace","observed"
"resource","models","minecraft:models/item/diamond_mattock.json","assets/minecraft/models/item/diamond_mattock.json","observed file is placed in the minecraft namespace","observed"
"resource","models","minecraft:models/item/divine_comedy.json","assets/minecraft/models/item/divine_comedy.json","observed file is placed in the minecraft namespace","observed"
"resource","models","minecraft:models/item/echo_fish.json","assets/minecraft/models/item/echo_fish.json","observed file is placed in the minecraft namespace","observed"
"resource","models","minecraft:models/item/electrum_axe.json","assets/minecraft/models/item/electrum_axe.json","observed file is placed in the minecraft namespace","observed"
"resource","models","minecraft:models/item/electrum_boots.json","assets/minecraft/models/item/electrum_boots.json","observed file is placed in the minecraft namespace","observed"
"resource","models","minecraft:models/item/electrum_chestplate.json","assets/minecraft/models/item/electrum_chestplate.json","observed file is placed in the minecraft namespace","observed"
"resource","models","minecraft:models/item/electrum_dolabra.json","assets/minecraft/models/item/electrum_dolabra.json","observed file is placed in the minecraft namespace","observed"
"resource","models","minecraft:models/item/electrum_helmet.json","assets/minecraft/models/item/electrum_helmet.json","observed file is placed in the minecraft namespace","observed"
"resource","models","minecraft:models/item/electrum_hoe.json","assets/minecraft/models/item/electrum_hoe.json","observed file is placed in the minecraft namespace","observed"
"resource","models","minecraft:models/item/electrum_horse_armor.json","assets/minecraft/models/item/electrum_horse_armor.json","observed file is placed in the minecraft namespace","observed"
"resource","models","minecraft:models/item/electrum_leggings.json","assets/minecraft/models/item/electrum_leggings.json","observed file is placed in the minecraft namespace","observed"
"resource","models","minecraft:models/item/electrum_mattock.json","assets/minecraft/models/item/electrum_mattock.json","observed file is placed in the minecraft namespace","observed"
"resource","models","minecraft:models/item/electrum_pickaxe.json","assets/minecraft/models/item/electrum_pickaxe.json","observed file is placed in the minecraft namespace","observed"
"resource","models","minecraft:models/item/electrum_shovel.json","assets/minecraft/models/item/electrum_shovel.json","observed file is placed in the minecraft namespace","observed"
"resource","models","minecraft:models/item/electrum_spear.json","assets/minecraft/models/item/electrum_spear.json","observed file is placed in the minecraft namespace","observed"
"resource","models","minecraft:models/item/electrum_spear_in_hand.json","assets/minecraft/models/item/electrum_spear_in_hand.json","observed file is placed in the minecraft namespace","observed"
"resource","models","minecraft:models/item/electrum_sword.json","assets/minecraft/models/item/electrum_sword.json","observed file is placed in the minecraft namespace","observed"
"resource","models","minecraft:models/item/enderman_spawn_egg.json","assets/minecraft/models/item/enderman_spawn_egg.json","observed file is placed in the minecraft namespace","observed"
"resource","models","minecraft:models/item/endermite_spawn_egg.json","assets/minecraft/models/item/endermite_spawn_egg.json","observed file is placed in the minecraft namespace","observed"
"resource","models","minecraft:models/item/enoch.json","assets/minecraft/models/item/enoch.json","observed file is placed in the minecraft namespace","observed"
"resource","models","minecraft:models/item/european_eel.json","assets/minecraft/models/item/european_eel.json","observed file is placed in the minecraft namespace","observed"
"resource","models","minecraft:models/item/exotic_seed_bundle.json","assets/minecraft/models/item/exotic_seed_bundle.json","observed file is placed in the minecraft namespace","observed"
"resource","models","minecraft:models/item/exotic_seed_bundle_open_front.json","assets/minecraft/models/item/exotic_seed_bundle_open_front.json","observed file is placed in the minecraft namespace","observed"
"resource","models","minecraft:models/item/fermented_spider_eye.json","assets/minecraft/models/item/fermented_spider_eye.json","observed file is placed in the minecraft namespace","observed"
"resource","models","minecraft:models/item/fish_bones.json","assets/minecraft/models/item/fish_bones.json","observed file is placed in the minecraft namespace","observed"
"resource","models","minecraft:models/item/floral_bundle.json","assets/minecraft/models/item/floral_bundle.json","observed file is placed in the minecraft namespace","observed"
"resource","models","minecraft:models/item/floral_bundle_open_front.json","assets/minecraft/models/item/floral_bundle_open_front.json","observed file is placed in the minecraft namespace","observed"
"resource","models","minecraft:models/item/flounder.json","assets/minecraft/models/item/flounder.json","observed file is placed in the minecraft namespace","observed"
"resource","models","minecraft:models/item/flying_fish.json","assets/minecraft/models/item/flying_fish.json","observed file is placed in the minecraft namespace","observed"
"resource","models","minecraft:models/item/fox_pelt.json","assets/minecraft/models/item/fox_pelt.json","observed file is placed in the minecraft namespace","observed"
"resource","models","minecraft:models/item/french_toast.json","assets/minecraft/models/item/french_toast.json","observed file is placed in the minecraft namespace","observed"
"resource","models","minecraft:models/item/freshwater_pufferfish.json","assets/minecraft/models/item/freshwater_pufferfish.json","observed file is placed in the minecraft namespace","observed"
"resource","models","minecraft:models/item/fried_egg.json","assets/minecraft/models/item/fried_egg.json","observed file is placed in the minecraft namespace","observed"
"resource","models","minecraft:models/item/gar.json","assets/minecraft/models/item/gar.json","observed file is placed in the minecraft namespace","observed"
"resource","models","minecraft:models/item/gay_fish.json","assets/minecraft/models/item/gay_fish.json","observed file is placed in the minecraft namespace","observed"
"resource","models","minecraft:models/item/gimmari.json","assets/minecraft/models/item/gimmari.json","observed file is placed in the minecraft namespace","observed"
"resource","models","minecraft:models/item/glow_berry_crumble.json","assets/minecraft/models/item/glow_berry_crumble.json","observed file is placed in the minecraft namespace","observed"
"resource","models","minecraft:models/item/glow_jam.json","assets/minecraft/models/item/glow_jam.json","observed file is placed in the minecraft namespace","observed"
"resource","models","minecraft:models/item/glow_mash.json","assets/minecraft/models/item/glow_mash.json","observed file is placed in the minecraft namespace","observed"
"resource","models","minecraft:models/item/gnocchi.json","assets/minecraft/models/item/gnocchi.json","observed file is placed in the minecraft namespace","observed"
"resource","models","minecraft:models/item/gnocchi_recipe.json","assets/minecraft/models/item/gnocchi_recipe.json","observed file is placed in the minecraft namespace","observed"
"resource","models","minecraft:models/item/golden_apple_empanada.json","assets/minecraft/models/item/golden_apple_empanada.json","observed file is placed in the minecraft namespace","observed"
"resource","models","minecraft:models/item/golden_carrot_cupcake.json","assets/minecraft/models/item/golden_carrot_cupcake.json","observed file is placed in the minecraft namespace","observed"
"resource","models","minecraft:models/item/golden_compass1.json","assets/minecraft/models/item/golden_compass1.json","observed file is placed in the minecraft namespace","observed"
"resource","models","minecraft:models/item/golden_compass10.json","assets/minecraft/models/item/golden_compass10.json","observed file is placed in the minecraft namespace","observed"
"resource","models","minecraft:models/item/golden_compass11.json","assets/minecraft/models/item/golden_compass11.json","observed file is placed in the minecraft namespace","observed"
"resource","models","minecraft:models/item/golden_compass12.json","assets/minecraft/models/item/golden_compass12.json","observed file is placed in the minecraft namespace","observed"
"resource","models","minecraft:models/item/golden_compass13.json","assets/minecraft/models/item/golden_compass13.json","observed file is placed in the minecraft namespace","observed"
"resource","models","minecraft:models/item/golden_compass14.json","assets/minecraft/models/item/golden_compass14.json","observed file is placed in the minecraft namespace","observed"
"resource","models","minecraft:models/item/golden_compass15.json","assets/minecraft/models/item/golden_compass15.json","observed file is placed in the minecraft namespace","observed"
"resource","models","minecraft:models/item/golden_compass16.json","assets/minecraft/models/item/golden_compass16.json","observed file is placed in the minecraft namespace","observed"
"resource","models","minecraft:models/item/golden_compass17.json","assets/minecraft/models/item/golden_compass17.json","observed file is placed in the minecraft namespace","observed"
"resource","models","minecraft:models/item/golden_compass18.json","assets/minecraft/models/item/golden_compass18.json","observed file is placed in the minecraft namespace","observed"
"resource","models","minecraft:models/item/golden_compass19.json","assets/minecraft/models/item/golden_compass19.json","observed file is placed in the minecraft namespace","observed"
"resource","models","minecraft:models/item/golden_compass2.json","assets/minecraft/models/item/golden_compass2.json","observed file is placed in the minecraft namespace","observed"
"resource","models","minecraft:models/item/golden_compass20.json","assets/minecraft/models/item/golden_compass20.json","observed file is placed in the minecraft namespace","observed"
"resource","models","minecraft:models/item/golden_compass21.json","assets/minecraft/models/item/golden_compass21.json","observed file is placed in the minecraft namespace","observed"
"resource","models","minecraft:models/item/golden_compass22.json","assets/minecraft/models/item/golden_compass22.json","observed file is placed in the minecraft namespace","observed"
"resource","models","minecraft:models/item/golden_compass23.json","assets/minecraft/models/item/golden_compass23.json","observed file is placed in the minecraft namespace","observed"
"resource","models","minecraft:models/item/golden_compass24.json","assets/minecraft/models/item/golden_compass24.json","observed file is placed in the minecraft namespace","observed"
"resource","models","minecraft:models/item/golden_compass25.json","assets/minecraft/models/item/golden_compass25.json","observed file is placed in the minecraft namespace","observed"
"resource","models","minecraft:models/item/golden_compass26.json","assets/minecraft/models/item/golden_compass26.json","observed file is placed in the minecraft namespace","observed"
"resource","models","minecraft:models/item/golden_compass27.json","assets/minecraft/models/item/golden_compass27.json","observed file is placed in the minecraft namespace","observed"
"resource","models","minecraft:models/item/golden_compass28.json","assets/minecraft/models/item/golden_compass28.json","observed file is placed in the minecraft namespace","observed"
"resource","models","minecraft:models/item/golden_compass29.json","assets/minecraft/models/item/golden_compass29.json","observed file is placed in the minecraft namespace","observed"
"resource","models","minecraft:models/item/golden_compass3.json","assets/minecraft/models/item/golden_compass3.json","observed file is placed in the minecraft namespace","observed"
"resource","models","minecraft:models/item/golden_compass30.json","assets/minecraft/models/item/golden_compass30.json","observed file is placed in the minecraft namespace","observed"
"resource","models","minecraft:models/item/golden_compass31.json","assets/minecraft/models/item/golden_compass31.json","observed file is placed in the minecraft namespace","observed"
"resource","models","minecraft:models/item/golden_compass32.json","assets/minecraft/models/item/golden_compass32.json","observed file is placed in the minecraft namespace","observed"
"resource","models","minecraft:models/item/golden_compass4.json","assets/minecraft/models/item/golden_compass4.json","observed file is placed in the minecraft namespace","observed"
"resource","models","minecraft:models/item/golden_compass5.json","assets/minecraft/models/item/golden_compass5.json","observed file is placed in the minecraft namespace","observed"
"resource","models","minecraft:models/item/golden_compass6.json","assets/minecraft/models/item/golden_compass6.json","observed file is placed in the minecraft namespace","observed"
"resource","models","minecraft:models/item/golden_compass7.json","assets/minecraft/models/item/golden_compass7.json","observed file is placed in the minecraft namespace","observed"
"resource","models","minecraft:models/item/golden_compass8.json","assets/minecraft/models/item/golden_compass8.json","observed file is placed in the minecraft namespace","observed"
"resource","models","minecraft:models/item/golden_compass9.json","assets/minecraft/models/item/golden_compass9.json","observed file is placed in the minecraft namespace","observed"
"resource","models","minecraft:models/item/golden_dandelion.json","assets/minecraft/models/item/golden_dandelion.json","observed file is placed in the minecraft namespace","observed"
"resource","models","minecraft:models/item/golden_pickled_carrots.json","assets/minecraft/models/item/golden_pickled_carrots.json","observed file is placed in the minecraft namespace","observed"
"resource","models","minecraft:models/item/golden_steamed_carrots.json","assets/minecraft/models/item/golden_steamed_carrots.json","observed file is placed in the minecraft namespace","observed"
"resource","models","minecraft:models/item/green_curry.json","assets/minecraft/models/item/green_curry.json","observed file is placed in the minecraft namespace","observed"
"resource","models","minecraft:models/item/grilled_melon.json","assets/minecraft/models/item/grilled_melon.json","observed file is placed in the minecraft namespace","observed"
"resource","models","minecraft:models/item/grilled_tomatoes.json","assets/minecraft/models/item/grilled_tomatoes.json","observed file is placed in the minecraft namespace","observed"
"resource","models","minecraft:models/item/guppy.json","assets/minecraft/models/item/guppy.json","observed file is placed in the minecraft namespace","observed"
"resource","models","minecraft:models/item/gurnard.json","assets/minecraft/models/item/gurnard.json","observed file is placed in the minecraft namespace","observed"
"resource","models","minecraft:models/item/heart.json","assets/minecraft/models/item/heart.json","observed file is placed in the minecraft namespace","observed"
"resource","models","minecraft:models/item/heart_container.json","assets/minecraft/models/item/heart_container.json","observed file is placed in the minecraft namespace","observed"
"resource","models","minecraft:models/item/herring.json","assets/minecraft/models/item/herring.json","observed file is placed in the minecraft namespace","observed"
"resource","models","minecraft:models/item/honey_ginger_tea.json","assets/minecraft/models/item/honey_ginger_tea.json","observed file is placed in the minecraft namespace","observed"
"resource","models","minecraft:models/item/honied_french_toast.json","assets/minecraft/models/item/honied_french_toast.json","observed file is placed in the minecraft namespace","observed"
"resource","models","minecraft:models/item/humpback_whitefish.json","assets/minecraft/models/item/humpback_whitefish.json","observed file is placed in the minecraft namespace","observed"
"resource","models","minecraft:models/item/invisible_item_frame.json","assets/minecraft/models/item/invisible_item_frame.json","observed file is placed in the minecraft namespace","observed"
"resource","models","minecraft:models/item/iron_dolabra.json","assets/minecraft/models/item/iron_dolabra.json","observed file is placed in the minecraft namespace","observed"
"resource","models","minecraft:models/item/iron_mattock.json","assets/minecraft/models/item/iron_mattock.json","observed file is placed in the minecraft namespace","observed"
"resource","models","minecraft:models/item/japanese_curry.json","assets/minecraft/models/item/japanese_curry.json","observed file is placed in the minecraft namespace","observed"
"resource","models","minecraft:models/item/kontomire_stew.json","assets/minecraft/models/item/kontomire_stew.json","observed file is placed in the minecraft namespace","observed"
"resource","models","minecraft:models/item/lamprey.json","assets/minecraft/models/item/lamprey.json","observed file is placed in the minecraft namespace","observed"
"resource","models","minecraft:models/item/latke.json","assets/minecraft/models/item/latke.json","observed file is placed in the minecraft namespace","observed"
"resource","models","minecraft:models/item/leather_boots.json","assets/minecraft/models/item/leather_boots.json","observed file is placed in the minecraft namespace","observed"
"resource","models","minecraft:models/item/leather_chestplate.json","assets/minecraft/models/item/leather_chestplate.json","observed file is placed in the minecraft namespace","observed"
"resource","models","minecraft:models/item/leather_helmet.json","assets/minecraft/models/item/leather_helmet.json","observed file is placed in the minecraft namespace","observed"
"resource","models","minecraft:models/item/leather_leggings.json","assets/minecraft/models/item/leather_leggings.json","observed file is placed in the minecraft namespace","observed"
"resource","models","minecraft:models/item/lilac.json","assets/minecraft/models/item/lilac.json","observed file is placed in the minecraft namespace","observed"
"resource","models","minecraft:models/item/lily_of_the_valley.json","assets/minecraft/models/item/lily_of_the_valley.json","observed file is placed in the minecraft namespace","observed"
"resource","models","minecraft:models/item/lily_pad.json","assets/minecraft/models/item/lily_pad.json","observed file is placed in the minecraft namespace","observed"
"resource","models","minecraft:models/item/lyre.json","assets/minecraft/models/item/lyre.json","observed file is placed in the minecraft namespace","observed"
"resource","models","minecraft:models/item/magma_cream.json","assets/minecraft/models/item/magma_cream.json","observed file is placed in the minecraft namespace","observed"
"resource","models","minecraft:models/item/magma_cube_spawn_egg.json","assets/minecraft/models/item/magma_cube_spawn_egg.json","observed file is placed in the minecraft namespace","observed"
"resource","models","minecraft:models/item/mahi_mahi.json","assets/minecraft/models/item/mahi_mahi.json","observed file is placed in the minecraft namespace","observed"
"resource","models","minecraft:models/item/mead.json","assets/minecraft/models/item/mead.json","observed file is placed in the minecraft namespace","observed"
"resource","models","minecraft:models/item/meat_pizza.json","assets/minecraft/models/item/meat_pizza.json","observed file is placed in the minecraft namespace","observed"
"resource","models","minecraft:models/item/mediterranean_killifish.json","assets/minecraft/models/item/mediterranean_killifish.json","observed file is placed in the minecraft namespace","observed"
"resource","models","minecraft:models/item/melon_sorbet.json","assets/minecraft/models/item/melon_sorbet.json","observed file is placed in the minecraft namespace","observed"
"resource","models","minecraft:models/item/monkfish.json","assets/minecraft/models/item/monkfish.json","observed file is placed in the minecraft namespace","observed"
"resource","models","minecraft:models/item/mournful_clay_statue.json","assets/minecraft/models/item/mournful_clay_statue.json","observed file is placed in the minecraft namespace","observed"
"resource","models","minecraft:models/item/mushroom_pizza.json","assets/minecraft/models/item/mushroom_pizza.json","observed file is placed in the minecraft namespace","observed"
"resource","models","minecraft:models/item/mushroom_stew.json","assets/minecraft/models/item/mushroom_stew.json","observed file is placed in the minecraft namespace","observed"
"resource","models","minecraft:models/item/mushy_bundle.json","assets/minecraft/models/item/mushy_bundle.json","observed file is placed in the minecraft namespace","observed"
"resource","models","minecraft:models/item/mushy_bundle_open_front.json","assets/minecraft/models/item/mushy_bundle_open_front.json","observed file is placed in the minecraft namespace","observed"
"resource","models","minecraft:models/item/music_disc_dry_hands.json","assets/minecraft/models/item/music_disc_dry_hands.json","observed file is placed in the minecraft namespace","observed"
"resource","models","minecraft:models/item/music_disc_golden.json","assets/minecraft/models/item/music_disc_golden.json","observed file is placed in the minecraft namespace","observed"
"resource","models","minecraft:models/item/music_disc_labyrinthine.json","assets/minecraft/models/item/music_disc_labyrinthine.json","observed file is placed in the minecraft namespace","observed"
"resource","models","minecraft:models/item/muskellunge.json","assets/minecraft/models/item/muskellunge.json","observed file is placed in the minecraft namespace","observed"
"resource","models","minecraft:models/item/naan.json","assets/minecraft/models/item/naan.json","observed file is placed in the minecraft namespace","observed"
"resource","models","minecraft:models/item/nightshade_arrow.json","assets/minecraft/models/item/nightshade_arrow.json","observed file is placed in the minecraft namespace","observed"
"resource","models","minecraft:models/item/northern_pike.json","assets/minecraft/models/item/northern_pike.json","observed file is placed in the minecraft namespace","observed"
"resource","models","minecraft:models/item/oarfish.json","assets/minecraft/models/item/oarfish.json","observed file is placed in the minecraft namespace","observed"
"resource","models","minecraft:models/item/oarfish_in_hand.json","assets/minecraft/models/item/oarfish_in_hand.json","observed file is placed in the minecraft namespace","observed"
"resource","models","minecraft:models/item/ofuda.json","assets/minecraft/models/item/ofuda.json","observed file is placed in the minecraft namespace","observed"
"resource","models","minecraft:models/item/opah.json","assets/minecraft/models/item/opah.json","observed file is placed in the minecraft namespace","observed"
"resource","models","minecraft:models/item/opal.json","assets/minecraft/models/item/opal.json","observed file is placed in the minecraft namespace","observed"
"resource","models","minecraft:models/item/opal_earrings.json","assets/minecraft/models/item/opal_earrings.json","observed file is placed in the minecraft namespace","observed"
"resource","models","minecraft:models/item/open_eyeblossom.json","assets/minecraft/models/item/open_eyeblossom.json","observed file is placed in the minecraft namespace","observed"
"resource","models","minecraft:models/item/orange_tulip.json","assets/minecraft/models/item/orange_tulip.json","observed file is placed in the minecraft namespace","observed"
"resource","models","minecraft:models/item/oxeye_daisy.json","assets/minecraft/models/item/oxeye_daisy.json","observed file is placed in the minecraft namespace","observed"
"resource","models","minecraft:models/item/pad_thai.json","assets/minecraft/models/item/pad_thai.json","observed file is placed in the minecraft namespace","observed"
"resource","models","minecraft:models/item/painted_moray.json","assets/minecraft/models/item/painted_moray.json","observed file is placed in the minecraft namespace","observed"
"resource","models","minecraft:models/item/palatinate_sword.json","assets/minecraft/models/item/palatinate_sword.json","observed file is placed in the minecraft namespace","observed"
"resource","models","minecraft:models/item/pale_fish.json","assets/minecraft/models/item/pale_fish.json","observed file is placed in the minecraft namespace","observed"
"resource","models","minecraft:models/item/paneer_makhani.json","assets/minecraft/models/item/paneer_makhani.json","observed file is placed in the minecraft namespace","observed"
"resource","models","minecraft:models/item/papal_outpost_map.json","assets/minecraft/models/item/papal_outpost_map.json","observed file is placed in the minecraft namespace","observed"
"resource","models","minecraft:models/item/paradise_lost.json","assets/minecraft/models/item/paradise_lost.json","observed file is placed in the minecraft namespace","observed"
"resource","models","minecraft:models/item/peony.json","assets/minecraft/models/item/peony.json","observed file is placed in the minecraft namespace","observed"
"resource","models","minecraft:models/item/pickle_everything.json","assets/minecraft/models/item/pickle_everything.json","observed file is placed in the minecraft namespace","observed"
"resource","models","minecraft:models/item/pickled_carrots.json","assets/minecraft/models/item/pickled_carrots.json","observed file is placed in the minecraft namespace","observed"
"resource","models","minecraft:models/item/pickled_crimson_fungus.json","assets/minecraft/models/item/pickled_crimson_fungus.json","observed file is placed in the minecraft namespace","observed"
"resource","models","minecraft:models/item/pickled_mushrooms.json","assets/minecraft/models/item/pickled_mushrooms.json","observed file is placed in the minecraft namespace","observed"
"resource","models","minecraft:models/item/pickled_potatoes.json","assets/minecraft/models/item/pickled_potatoes.json","observed file is placed in the minecraft namespace","observed"
"resource","models","minecraft:models/item/pickled_red_mushrooms.json","assets/minecraft/models/item/pickled_red_mushrooms.json","observed file is placed in the minecraft namespace","observed"
"resource","models","minecraft:models/item/pickled_tomatoes.json","assets/minecraft/models/item/pickled_tomatoes.json","observed file is placed in the minecraft namespace","observed"
"resource","models","minecraft:models/item/pickled_warped_fungus.json","assets/minecraft/models/item/pickled_warped_fungus.json","observed file is placed in the minecraft namespace","observed"
"resource","models","minecraft:models/item/piglin_brute_spawn_egg.json","assets/minecraft/models/item/piglin_brute_spawn_egg.json","observed file is placed in the minecraft namespace","observed"
"resource","models","minecraft:models/item/pink_tulip.json","assets/minecraft/models/item/pink_tulip.json","observed file is placed in the minecraft namespace","observed"
"resource","models","minecraft:models/item/piranha.json","assets/minecraft/models/item/piranha.json","observed file is placed in the minecraft namespace","observed"
"resource","models","minecraft:models/item/poisonous_carrot.json","assets/minecraft/models/item/poisonous_carrot.json","observed file is placed in the minecraft namespace","observed"
"resource","models","minecraft:models/item/poppy.json","assets/minecraft/models/item/poppy.json","observed file is placed in the minecraft namespace","observed"
"resource","models","minecraft:models/item/porkchop_classic.json","assets/minecraft/models/item/porkchop_classic.json","observed file is placed in the minecraft namespace","observed"
"resource","models","minecraft:models/item/puerquito.json","assets/minecraft/models/item/puerquito.json","observed file is placed in the minecraft namespace","observed"
"resource","models","minecraft:models/item/pumpkin_empanada.json","assets/minecraft/models/item/pumpkin_empanada.json","observed file is placed in the minecraft namespace","observed"
"resource","models","minecraft:models/item/pumpkin_jam.json","assets/minecraft/models/item/pumpkin_jam.json","observed file is placed in the minecraft namespace","observed"
"resource","models","minecraft:models/item/pumpkin_slice.json","assets/minecraft/models/item/pumpkin_slice.json","observed file is placed in the minecraft namespace","observed"
"resource","models","minecraft:models/item/pupusa.json","assets/minecraft/models/item/pupusa.json","observed file is placed in the minecraft namespace","observed"
"resource","models","minecraft:models/item/quran.json","assets/minecraft/models/item/quran.json","observed file is placed in the minecraft namespace","observed"
"resource","models","minecraft:models/item/rabbit_foot.json","assets/minecraft/models/item/rabbit_foot.json","observed file is placed in the minecraft namespace","observed"
"resource","models","minecraft:models/item/rainbow_wrasse.json","assets/minecraft/models/item/rainbow_wrasse.json","observed file is placed in the minecraft namespace","observed"
"resource","models","minecraft:models/item/ramen.json","assets/minecraft/models/item/ramen.json","observed file is placed in the minecraft namespace","observed"
"resource","models","minecraft:models/item/raw_curry.json","assets/minecraft/models/item/raw_curry.json","observed file is placed in the minecraft namespace","observed"
"resource","models","minecraft:models/item/raw_green_curry.json","assets/minecraft/models/item/raw_green_curry.json","observed file is placed in the minecraft namespace","observed"
"resource","models","minecraft:models/item/raw_paneer_makhani.json","assets/minecraft/models/item/raw_paneer_makhani.json","observed file is placed in the minecraft namespace","observed"
"resource","models","minecraft:models/item/raw_ramen.json","assets/minecraft/models/item/raw_ramen.json","observed file is placed in the minecraft namespace","observed"
"resource","models","minecraft:models/item/red_mushroom.json","assets/minecraft/models/item/red_mushroom.json","observed file is placed in the minecraft namespace","observed"
"resource","models","minecraft:models/item/red_mushroom_stroganoff.json","assets/minecraft/models/item/red_mushroom_stroganoff.json","observed file is placed in the minecraft namespace","observed"
"resource","models","minecraft:models/item/red_tulip.json","assets/minecraft/models/item/red_tulip.json","observed file is placed in the minecraft namespace","observed"
"resource","models","minecraft:models/item/resin_brick.json","assets/minecraft/models/item/resin_brick.json","observed file is placed in the minecraft namespace","observed"
"resource","models","minecraft:models/item/rind_jam.json","assets/minecraft/models/item/rind_jam.json","observed file is placed in the minecraft namespace","observed"
"resource","models","minecraft:models/item/rose_bush.json","assets/minecraft/models/item/rose_bush.json","observed file is placed in the minecraft namespace","observed"
"resource","models","minecraft:models/item/rose_classic.json","assets/minecraft/models/item/rose_classic.json","observed file is placed in the minecraft namespace","observed"
"resource","models","minecraft:models/item/rotten_flesh.json","assets/minecraft/models/item/rotten_flesh.json","observed file is placed in the minecraft namespace","observed"
"resource","models","minecraft:models/item/ruby.json","assets/minecraft/models/item/ruby.json","observed file is placed in the minecraft namespace","observed"
"resource","models","minecraft:models/item/ruby_circlet.json","assets/minecraft/models/item/ruby_circlet.json","observed file is placed in the minecraft namespace","observed"
"resource","models","minecraft:models/item/rusty_axe.json","assets/minecraft/models/item/rusty_axe.json","observed file is placed in the minecraft namespace","observed"
"resource","models","minecraft:models/item/sculk_vein.json","assets/minecraft/models/item/sculk_vein.json","observed file is placed in the minecraft namespace","observed"
"resource","models","minecraft:models/item/secret_ingredient.json","assets/minecraft/models/item/secret_ingredient.json","observed file is placed in the minecraft namespace","observed"
"resource","models","minecraft:models/item/secret_meal.json","assets/minecraft/models/item/secret_meal.json","observed file is placed in the minecraft namespace","observed"
"resource","models","minecraft:models/item/seed_bundle.json","assets/minecraft/models/item/seed_bundle.json","observed file is placed in the minecraft namespace","observed"
"resource","models","minecraft:models/item/seed_bundle_open_back.json","assets/minecraft/models/item/seed_bundle_open_back.json","observed file is placed in the minecraft namespace","observed"
"resource","models","minecraft:models/item/seed_bundle_open_front.json","assets/minecraft/models/item/seed_bundle_open_front.json","observed file is placed in the minecraft namespace","observed"
"resource","models","minecraft:models/item/shad.json","assets/minecraft/models/item/shad.json","observed file is placed in the minecraft namespace","observed"
"resource","models","minecraft:models/item/shakudo_axe.json","assets/minecraft/models/item/shakudo_axe.json","observed file is placed in the minecraft namespace","observed"
"resource","models","minecraft:models/item/shakudo_boots.json","assets/minecraft/models/item/shakudo_boots.json","observed file is placed in the minecraft namespace","observed"
"resource","models","minecraft:models/item/shakudo_chestplate.json","assets/minecraft/models/item/shakudo_chestplate.json","observed file is placed in the minecraft namespace","observed"
"resource","models","minecraft:models/item/shakudo_dolabra.json","assets/minecraft/models/item/shakudo_dolabra.json","observed file is placed in the minecraft namespace","observed"
"resource","models","minecraft:models/item/shakudo_elytra.json","assets/minecraft/models/item/shakudo_elytra.json","observed file is placed in the minecraft namespace","observed"
"resource","models","minecraft:models/item/shakudo_elytra_broken.json","assets/minecraft/models/item/shakudo_elytra_broken.json","observed file is placed in the minecraft namespace","observed"
"resource","models","minecraft:models/item/shakudo_helmet.json","assets/minecraft/models/item/shakudo_helmet.json","observed file is placed in the minecraft namespace","observed"
"resource","models","minecraft:models/item/shakudo_hoe.json","assets/minecraft/models/item/shakudo_hoe.json","observed file is placed in the minecraft namespace","observed"
"resource","models","minecraft:models/item/shakudo_leggings.json","assets/minecraft/models/item/shakudo_leggings.json","observed file is placed in the minecraft namespace","observed"
"resource","models","minecraft:models/item/shakudo_mattock.json","assets/minecraft/models/item/shakudo_mattock.json","observed file is placed in the minecraft namespace","observed"
"resource","models","minecraft:models/item/shakudo_pickaxe.json","assets/minecraft/models/item/shakudo_pickaxe.json","observed file is placed in the minecraft namespace","observed"
"resource","models","minecraft:models/item/shakudo_shovel.json","assets/minecraft/models/item/shakudo_shovel.json","observed file is placed in the minecraft namespace","observed"
"resource","models","minecraft:models/item/shakudo_spear.json","assets/minecraft/models/item/shakudo_spear.json","observed file is placed in the minecraft namespace","observed"
"resource","models","minecraft:models/item/shakudo_spear_in_hand.json","assets/minecraft/models/item/shakudo_spear_in_hand.json","observed file is placed in the minecraft namespace","observed"
"resource","models","minecraft:models/item/short_dry_grass.json","assets/minecraft/models/item/short_dry_grass.json","observed file is placed in the minecraft namespace","observed"
"resource","models","minecraft:models/item/shulker_spawn_egg.json","assets/minecraft/models/item/shulker_spawn_egg.json","observed file is placed in the minecraft namespace","observed"
"resource","models","minecraft:models/item/siberian_sturgeon.json","assets/minecraft/models/item/siberian_sturgeon.json","observed file is placed in the minecraft namespace","observed"
"resource","models","minecraft:models/item/silver_sword.json","assets/minecraft/models/item/silver_sword.json","observed file is placed in the minecraft namespace","observed"
"resource","models","minecraft:models/item/skate.json","assets/minecraft/models/item/skate.json","observed file is placed in the minecraft namespace","observed"
"resource","models","minecraft:models/item/snow_shovel.json","assets/minecraft/models/item/snow_shovel.json","observed file is placed in the minecraft namespace","observed"
"resource","models","minecraft:models/item/solomon.json","assets/minecraft/models/item/solomon.json","observed file is placed in the minecraft namespace","observed"
"resource","models","minecraft:models/item/spoonhead_sculpin.json","assets/minecraft/models/item/spoonhead_sculpin.json","observed file is placed in the minecraft namespace","observed"
"resource","models","minecraft:models/item/steamed_carrots.json","assets/minecraft/models/item/steamed_carrots.json","observed file is placed in the minecraft namespace","observed"
"resource","models","minecraft:models/item/steel_axe.json","assets/minecraft/models/item/steel_axe.json","observed file is placed in the minecraft namespace","observed"
"resource","models","minecraft:models/item/steel_boots.json","assets/minecraft/models/item/steel_boots.json","observed file is placed in the minecraft namespace","observed"
"resource","models","minecraft:models/item/steel_chestplate.json","assets/minecraft/models/item/steel_chestplate.json","observed file is placed in the minecraft namespace","observed"
"resource","models","minecraft:models/item/steel_dolabra.json","assets/minecraft/models/item/steel_dolabra.json","observed file is placed in the minecraft namespace","observed"
"resource","models","minecraft:models/item/steel_helmet.json","assets/minecraft/models/item/steel_helmet.json","observed file is placed in the minecraft namespace","observed"
"resource","models","minecraft:models/item/steel_hoe.json","assets/minecraft/models/item/steel_hoe.json","observed file is placed in the minecraft namespace","observed"
"resource","models","minecraft:models/item/steel_leggings.json","assets/minecraft/models/item/steel_leggings.json","observed file is placed in the minecraft namespace","observed"
"resource","models","minecraft:models/item/steel_mattock.json","assets/minecraft/models/item/steel_mattock.json","observed file is placed in the minecraft namespace","observed"
"resource","models","minecraft:models/item/steel_pickaxe.json","assets/minecraft/models/item/steel_pickaxe.json","observed file is placed in the minecraft namespace","observed"
"resource","models","minecraft:models/item/steel_shears.json","assets/minecraft/models/item/steel_shears.json","observed file is placed in the minecraft namespace","observed"
"resource","models","minecraft:models/item/steel_shovel.json","assets/minecraft/models/item/steel_shovel.json","observed file is placed in the minecraft namespace","observed"
"resource","models","minecraft:models/item/steel_spear.json","assets/minecraft/models/item/steel_spear.json","observed file is placed in the minecraft namespace","observed"
"resource","models","minecraft:models/item/steel_spear_in_hand.json","assets/minecraft/models/item/steel_spear_in_hand.json","observed file is placed in the minecraft namespace","observed"
"resource","models","minecraft:models/item/steel_sword.json","assets/minecraft/models/item/steel_sword.json","observed file is placed in the minecraft namespace","observed"
"resource","models","minecraft:models/item/strider_spawn_egg.json","assets/minecraft/models/item/strider_spawn_egg.json","observed file is placed in the minecraft namespace","observed"
"resource","models","minecraft:models/item/striped_perch.json","assets/minecraft/models/item/striped_perch.json","observed file is placed in the minecraft namespace","observed"
"resource","models","minecraft:models/item/stroganoff.json","assets/minecraft/models/item/stroganoff.json","observed file is placed in the minecraft namespace","observed"
"resource","models","minecraft:models/item/sturdy_leather_boots.json","assets/minecraft/models/item/sturdy_leather_boots.json","observed file is placed in the minecraft namespace","observed"
"resource","models","minecraft:models/item/sturdy_leather_chestplate.json","assets/minecraft/models/item/sturdy_leather_chestplate.json","observed file is placed in the minecraft namespace","observed"
"resource","models","minecraft:models/item/sturdy_leather_helmet.json","assets/minecraft/models/item/sturdy_leather_helmet.json","observed file is placed in the minecraft namespace","observed"
"resource","models","minecraft:models/item/sturdy_leather_leggings.json","assets/minecraft/models/item/sturdy_leather_leggings.json","observed file is placed in the minecraft namespace","observed"
"resource","models","minecraft:models/item/sturgeon.json","assets/minecraft/models/item/sturgeon.json","observed file is placed in the minecraft namespace","observed"
"resource","models","minecraft:models/item/sulfur_goo.json","assets/minecraft/models/item/sulfur_goo.json","observed file is placed in the minecraft namespace","observed"
"resource","models","minecraft:models/item/sunflower.json","assets/minecraft/models/item/sunflower.json","observed file is placed in the minecraft namespace","observed"
"resource","models","minecraft:models/item/sweet_berry_danish.json","assets/minecraft/models/item/sweet_berry_danish.json","observed file is placed in the minecraft namespace","observed"
"resource","models","minecraft:models/item/sweet_berry_jam.json","assets/minecraft/models/item/sweet_berry_jam.json","observed file is placed in the minecraft namespace","observed"
"resource","models","minecraft:models/item/sweet_berry_mash.json","assets/minecraft/models/item/sweet_berry_mash.json","observed file is placed in the minecraft namespace","observed"
"resource","models","minecraft:models/item/sweet_berry_toast.json","assets/minecraft/models/item/sweet_berry_toast.json","observed file is placed in the minecraft namespace","observed"
"resource","models","minecraft:models/item/sweet_berry_toast_recipe.json","assets/minecraft/models/item/sweet_berry_toast_recipe.json","observed file is placed in the minecraft namespace","observed"
"resource","models","minecraft:models/item/swordfish.json","assets/minecraft/models/item/swordfish.json","observed file is placed in the minecraft namespace","observed"
"resource","models","minecraft:models/item/tall_dry_grass.json","assets/minecraft/models/item/tall_dry_grass.json","observed file is placed in the minecraft namespace","observed"
"resource","models","minecraft:models/item/tallow.json","assets/minecraft/models/item/tallow.json","observed file is placed in the minecraft namespace","observed"
"resource","models","minecraft:models/item/tanakh.json","assets/minecraft/models/item/tanakh.json","observed file is placed in the minecraft namespace","observed"
"resource","models","minecraft:models/item/tinder.json","assets/minecraft/models/item/tinder.json","observed file is placed in the minecraft namespace","observed"
"resource","models","minecraft:models/item/titanium_compass1.json","assets/minecraft/models/item/titanium_compass1.json","observed file is placed in the minecraft namespace","observed"
"resource","models","minecraft:models/item/titanium_compass10.json","assets/minecraft/models/item/titanium_compass10.json","observed file is placed in the minecraft namespace","observed"
"resource","models","minecraft:models/item/titanium_compass11.json","assets/minecraft/models/item/titanium_compass11.json","observed file is placed in the minecraft namespace","observed"
"resource","models","minecraft:models/item/titanium_compass12.json","assets/minecraft/models/item/titanium_compass12.json","observed file is placed in the minecraft namespace","observed"
"resource","models","minecraft:models/item/titanium_compass13.json","assets/minecraft/models/item/titanium_compass13.json","observed file is placed in the minecraft namespace","observed"
"resource","models","minecraft:models/item/titanium_compass14.json","assets/minecraft/models/item/titanium_compass14.json","observed file is placed in the minecraft namespace","observed"
"resource","models","minecraft:models/item/titanium_compass15.json","assets/minecraft/models/item/titanium_compass15.json","observed file is placed in the minecraft namespace","observed"
"resource","models","minecraft:models/item/titanium_compass16.json","assets/minecraft/models/item/titanium_compass16.json","observed file is placed in the minecraft namespace","observed"
"resource","models","minecraft:models/item/titanium_compass17.json","assets/minecraft/models/item/titanium_compass17.json","observed file is placed in the minecraft namespace","observed"
"resource","models","minecraft:models/item/titanium_compass18.json","assets/minecraft/models/item/titanium_compass18.json","observed file is placed in the minecraft namespace","observed"
"resource","models","minecraft:models/item/titanium_compass19.json","assets/minecraft/models/item/titanium_compass19.json","observed file is placed in the minecraft namespace","observed"
"resource","models","minecraft:models/item/titanium_compass2.json","assets/minecraft/models/item/titanium_compass2.json","observed file is placed in the minecraft namespace","observed"
"resource","models","minecraft:models/item/titanium_compass20.json","assets/minecraft/models/item/titanium_compass20.json","observed file is placed in the minecraft namespace","observed"
"resource","models","minecraft:models/item/titanium_compass21.json","assets/minecraft/models/item/titanium_compass21.json","observed file is placed in the minecraft namespace","observed"
"resource","models","minecraft:models/item/titanium_compass22.json","assets/minecraft/models/item/titanium_compass22.json","observed file is placed in the minecraft namespace","observed"
"resource","models","minecraft:models/item/titanium_compass23.json","assets/minecraft/models/item/titanium_compass23.json","observed file is placed in the minecraft namespace","observed"
"resource","models","minecraft:models/item/titanium_compass24.json","assets/minecraft/models/item/titanium_compass24.json","observed file is placed in the minecraft namespace","observed"
"resource","models","minecraft:models/item/titanium_compass25.json","assets/minecraft/models/item/titanium_compass25.json","observed file is placed in the minecraft namespace","observed"
"resource","models","minecraft:models/item/titanium_compass26.json","assets/minecraft/models/item/titanium_compass26.json","observed file is placed in the minecraft namespace","observed"
"resource","models","minecraft:models/item/titanium_compass27.json","assets/minecraft/models/item/titanium_compass27.json","observed file is placed in the minecraft namespace","observed"
"resource","models","minecraft:models/item/titanium_compass28.json","assets/minecraft/models/item/titanium_compass28.json","observed file is placed in the minecraft namespace","observed"
"resource","models","minecraft:models/item/titanium_compass29.json","assets/minecraft/models/item/titanium_compass29.json","observed file is placed in the minecraft namespace","observed"
"resource","models","minecraft:models/item/titanium_compass3.json","assets/minecraft/models/item/titanium_compass3.json","observed file is placed in the minecraft namespace","observed"
"resource","models","minecraft:models/item/titanium_compass30.json","assets/minecraft/models/item/titanium_compass30.json","observed file is placed in the minecraft namespace","observed"
"resource","models","minecraft:models/item/titanium_compass31.json","assets/minecraft/models/item/titanium_compass31.json","observed file is placed in the minecraft namespace","observed"
"resource","models","minecraft:models/item/titanium_compass32.json","assets/minecraft/models/item/titanium_compass32.json","observed file is placed in the minecraft namespace","observed"
"resource","models","minecraft:models/item/titanium_compass4.json","assets/minecraft/models/item/titanium_compass4.json","observed file is placed in the minecraft namespace","observed"
"resource","models","minecraft:models/item/titanium_compass5.json","assets/minecraft/models/item/titanium_compass5.json","observed file is placed in the minecraft namespace","observed"
"resource","models","minecraft:models/item/titanium_compass6.json","assets/minecraft/models/item/titanium_compass6.json","observed file is placed in the minecraft namespace","observed"
"resource","models","minecraft:models/item/titanium_compass7.json","assets/minecraft/models/item/titanium_compass7.json","observed file is placed in the minecraft namespace","observed"
"resource","models","minecraft:models/item/titanium_compass8.json","assets/minecraft/models/item/titanium_compass8.json","observed file is placed in the minecraft namespace","observed"
"resource","models","minecraft:models/item/titanium_compass9.json","assets/minecraft/models/item/titanium_compass9.json","observed file is placed in the minecraft namespace","observed"
"resource","models","minecraft:models/item/titanium_reinforced_bow.json","assets/minecraft/models/item/titanium_reinforced_bow.json","observed file is placed in the minecraft namespace","observed"
"resource","models","minecraft:models/item/titanium_reinforced_bow_pulling_0.json","assets/minecraft/models/item/titanium_reinforced_bow_pulling_0.json","observed file is placed in the minecraft namespace","observed"
"resource","models","minecraft:models/item/titanium_reinforced_bow_pulling_1.json","assets/minecraft/models/item/titanium_reinforced_bow_pulling_1.json","observed file is placed in the minecraft namespace","observed"
"resource","models","minecraft:models/item/titanium_reinforced_bow_pulling_2.json","assets/minecraft/models/item/titanium_reinforced_bow_pulling_2.json","observed file is placed in the minecraft namespace","observed"
"resource","models","minecraft:models/item/topaz.json","assets/minecraft/models/item/topaz.json","observed file is placed in the minecraft namespace","observed"
"resource","models","minecraft:models/item/topaz_earrings.json","assets/minecraft/models/item/topaz_earrings.json","observed file is placed in the minecraft namespace","observed"
"resource","models","minecraft:models/item/tunisian_barb.json","assets/minecraft/models/item/tunisian_barb.json","observed file is placed in the minecraft namespace","observed"
"resource","models","minecraft:models/item/vermeil_axe.json","assets/minecraft/models/item/vermeil_axe.json","observed file is placed in the minecraft namespace","observed"
"resource","models","minecraft:models/item/vermeil_boots.json","assets/minecraft/models/item/vermeil_boots.json","observed file is placed in the minecraft namespace","observed"
"resource","models","minecraft:models/item/vermeil_chestplate.json","assets/minecraft/models/item/vermeil_chestplate.json","observed file is placed in the minecraft namespace","observed"
"resource","models","minecraft:models/item/vermeil_dolabra.json","assets/minecraft/models/item/vermeil_dolabra.json","observed file is placed in the minecraft namespace","observed"
"resource","models","minecraft:models/item/vermeil_helmet.json","assets/minecraft/models/item/vermeil_helmet.json","observed file is placed in the minecraft namespace","observed"
"resource","models","minecraft:models/item/vermeil_leggings.json","assets/minecraft/models/item/vermeil_leggings.json","observed file is placed in the minecraft namespace","observed"
"resource","models","minecraft:models/item/vermeil_pickaxe.json","assets/minecraft/models/item/vermeil_pickaxe.json","observed file is placed in the minecraft namespace","observed"
"resource","models","minecraft:models/item/walleye.json","assets/minecraft/models/item/walleye.json","observed file is placed in the minecraft namespace","observed"
"resource","models","minecraft:models/item/warding_sword.json","assets/minecraft/models/item/warding_sword.json","observed file is placed in the minecraft namespace","observed"
"resource","models","minecraft:models/item/warped_fungus.json","assets/minecraft/models/item/warped_fungus.json","observed file is placed in the minecraft namespace","observed"
"resource","models","minecraft:models/item/warped_pizza.json","assets/minecraft/models/item/warped_pizza.json","observed file is placed in the minecraft namespace","observed"
"resource","models","minecraft:models/item/warped_stroganoff.json","assets/minecraft/models/item/warped_stroganoff.json","observed file is placed in the minecraft namespace","observed"
"resource","models","minecraft:models/item/warped_stroganoff_recipe.json","assets/minecraft/models/item/warped_stroganoff_recipe.json","observed file is placed in the minecraft namespace","observed"
"resource","models","minecraft:models/item/waxed_copper_chain.json","assets/minecraft/models/item/waxed_copper_chain.json","observed file is placed in the minecraft namespace","observed"
"resource","models","minecraft:models/item/waxed_exposed_copper_chain.json","assets/minecraft/models/item/waxed_exposed_copper_chain.json","observed file is placed in the minecraft namespace","observed"
"resource","models","minecraft:models/item/waxed_oxidized_copper_chain.json","assets/minecraft/models/item/waxed_oxidized_copper_chain.json","observed file is placed in the minecraft namespace","observed"
"resource","models","minecraft:models/item/waxed_weathered_copper_chain.json","assets/minecraft/models/item/waxed_weathered_copper_chain.json","observed file is placed in the minecraft namespace","observed"
"resource","models","minecraft:models/item/white_tulip.json","assets/minecraft/models/item/white_tulip.json","observed file is placed in the minecraft namespace","observed"
"resource","models","minecraft:models/item/wither_rose.json","assets/minecraft/models/item/wither_rose.json","observed file is placed in the minecraft namespace","observed"
"resource","models","minecraft:models/item/wither_skeleton_spawn_egg.json","assets/minecraft/models/item/wither_skeleton_spawn_egg.json","observed file is placed in the minecraft namespace","observed"
"resource","models","minecraft:models/item/wolffish.json","assets/minecraft/models/item/wolffish.json","observed file is placed in the minecraft namespace","observed"
"resource","models","minecraft:models/item/wooden_cross.json","assets/minecraft/models/item/wooden_cross.json","observed file is placed in the minecraft namespace","observed"
"resource","models","minecraft:models/item/zoglin_spawn_egg.json","assets/minecraft/models/item/zoglin_spawn_egg.json","observed file is placed in the minecraft namespace","observed"
"resource","models","minecraft:models/item/zombified_piglin_spawn_egg.json","assets/minecraft/models/item/zombified_piglin_spawn_egg.json","observed file is placed in the minecraft namespace","observed"
"resource","particles","minecraft:particles/flame.json","assets/minecraft/particles/flame.json","observed file is placed in the minecraft namespace","observed"
"resource","particles","minecraft:particles/smoke.json","assets/minecraft/particles/smoke.json","observed file is placed in the minecraft namespace","observed"
"resource","particles","minecraft:particles/soul_fire_flame.json","assets/minecraft/particles/soul_fire_flame.json","observed file is placed in the minecraft namespace","observed"
"resource","sounds","minecraft:sounds.json","assets/minecraft/sounds.json","observed file is placed in the minecraft namespace","observed"
"resource","sounds","minecraft:sounds/block/bell/bell_use01.ogg","assets/minecraft/sounds/block/bell/bell_use01.ogg","observed file is placed in the minecraft namespace","observed"
"resource","sounds","minecraft:sounds/block/bell/bell_use02.ogg","assets/minecraft/sounds/block/bell/bell_use02.ogg","observed file is placed in the minecraft namespace","observed"
"resource","unknown","minecraft:texts/splashes.txt","assets/minecraft/texts/splashes.txt","observed file is placed in the minecraft namespace","observed"
"resource","textures","minecraft:textures/block/acacia_hanging_sign.png","assets/minecraft/textures/block/acacia_hanging_sign.png","observed file is placed in the minecraft namespace","observed"
"resource","textures","minecraft:textures/block/acacia_leaves_outer_bottom.png","assets/minecraft/textures/block/acacia_leaves_outer_bottom.png","observed file is placed in the minecraft namespace","observed"
"resource","textures","minecraft:textures/block/acacia_leaves_outer_top.png","assets/minecraft/textures/block/acacia_leaves_outer_top.png","observed file is placed in the minecraft namespace","observed"
"resource","textures","minecraft:textures/block/acacia_log.png","assets/minecraft/textures/block/acacia_log.png","observed file is placed in the minecraft namespace","observed"
"resource","textures","minecraft:textures/block/acacia_log_top.png","assets/minecraft/textures/block/acacia_log_top.png","observed file is placed in the minecraft namespace","observed"
"resource","textures","minecraft:textures/block/acacia_sapling.png","assets/minecraft/textures/block/acacia_sapling.png","observed file is placed in the minecraft namespace","observed"
"resource","textures","minecraft:textures/block/acacia_sign.png","assets/minecraft/textures/block/acacia_sign.png","observed file is placed in the minecraft namespace","observed"
"resource","textures","minecraft:textures/block/activator_rail.png","assets/minecraft/textures/block/activator_rail.png","observed file is placed in the minecraft namespace","observed"
"resource","textures","minecraft:textures/block/activator_rail_on.png","assets/minecraft/textures/block/activator_rail_on.png","observed file is placed in the minecraft namespace","observed"
"resource","textures","minecraft:textures/block/allium.png","assets/minecraft/textures/block/allium.png","observed file is placed in the minecraft namespace","observed"
"resource","textures","minecraft:textures/block/allium_1.png","assets/minecraft/textures/block/allium_1.png","observed file is placed in the minecraft namespace","observed"
"resource","textures","minecraft:textures/block/anvil.png","assets/minecraft/textures/block/anvil.png","observed file is placed in the minecraft namespace","observed"
"resource","textures","minecraft:textures/block/anvil_top.png","assets/minecraft/textures/block/anvil_top.png","observed file is placed in the minecraft namespace","observed"
"resource","textures","minecraft:textures/block/attached_melon_stem.png","assets/minecraft/textures/block/attached_melon_stem.png","observed file is placed in the minecraft namespace","observed"
"resource","textures","minecraft:textures/block/attached_pumpkin_stem.png","assets/minecraft/textures/block/attached_pumpkin_stem.png","observed file is placed in the minecraft namespace","observed"
"resource","textures","minecraft:textures/block/azalea_leaves.png","assets/minecraft/textures/block/azalea_leaves.png","observed file is placed in the minecraft namespace","observed"
"resource","textures","minecraft:textures/block/azalea_leaves_outer_bottom.png","assets/minecraft/textures/block/azalea_leaves_outer_bottom.png","observed file is placed in the minecraft namespace","observed"
"resource","textures","minecraft:textures/block/azalea_leaves_outer_top.png","assets/minecraft/textures/block/azalea_leaves_outer_top.png","observed file is placed in the minecraft namespace","observed"
"resource","textures","minecraft:textures/block/azure_bluet.png","assets/minecraft/textures/block/azure_bluet.png","observed file is placed in the minecraft namespace","observed"
"resource","textures","minecraft:textures/block/barrel_bottom.png","assets/minecraft/textures/block/barrel_bottom.png","observed file is placed in the minecraft namespace","observed"
"resource","textures","minecraft:textures/block/barrel_side.png","assets/minecraft/textures/block/barrel_side.png","observed file is placed in the minecraft namespace","observed"
"resource","textures","minecraft:textures/block/barrel_top.png","assets/minecraft/textures/block/barrel_top.png","observed file is placed in the minecraft namespace","observed"
"resource","textures","minecraft:textures/block/barrel_top_open.png","assets/minecraft/textures/block/barrel_top_open.png","observed file is placed in the minecraft namespace","observed"
"resource","textures","minecraft:textures/block/bedrock.png","assets/minecraft/textures/block/bedrock.png","observed file is placed in the minecraft namespace","observed"
"resource","textures","minecraft:textures/block/bedrock_buster_bottom.png","assets/minecraft/textures/block/bedrock_buster_bottom.png","observed file is placed in the minecraft namespace","observed"
"resource","textures","minecraft:textures/block/bedrock_buster_side.png","assets/minecraft/textures/block/bedrock_buster_side.png","observed file is placed in the minecraft namespace","observed"
"resource","textures","minecraft:textures/block/bedrock_buster_top.png","assets/minecraft/textures/block/bedrock_buster_top.png","observed file is placed in the minecraft namespace","observed"
"resource","textures","minecraft:textures/block/beetroots_stage0.png","assets/minecraft/textures/block/beetroots_stage0.png","observed file is placed in the minecraft namespace","observed"
"resource","textures","minecraft:textures/block/beetroots_stage1.png","assets/minecraft/textures/block/beetroots_stage1.png","observed file is placed in the minecraft namespace","observed"
"resource","textures","minecraft:textures/block/beetroots_stage2.png","assets/minecraft/textures/block/beetroots_stage2.png","observed file is placed in the minecraft namespace","observed"
"resource","textures","minecraft:textures/block/beetroots_stage3.png","assets/minecraft/textures/block/beetroots_stage3.png","observed file is placed in the minecraft namespace","observed"
"resource","textures","minecraft:textures/block/bell_bottom.png","assets/minecraft/textures/block/bell_bottom.png","observed file is placed in the minecraft namespace","observed"
"resource","textures","minecraft:textures/block/bell_side.png","assets/minecraft/textures/block/bell_side.png","observed file is placed in the minecraft namespace","observed"
"resource","textures","minecraft:textures/block/bell_top.png","assets/minecraft/textures/block/bell_top.png","observed file is placed in the minecraft namespace","observed"
"resource","textures","minecraft:textures/block/big_melon_leaves.png","assets/minecraft/textures/block/big_melon_leaves.png","observed file is placed in the minecraft namespace","observed"
"resource","textures","minecraft:textures/block/big_pumpkin_leaves.png","assets/minecraft/textures/block/big_pumpkin_leaves.png","observed file is placed in the minecraft namespace","observed"
"resource","textures","minecraft:textures/block/birch_door_bottom.png","assets/minecraft/textures/block/birch_door_bottom.png","observed file is placed in the minecraft namespace","observed"
"resource","textures","minecraft:textures/block/birch_door_top.png","assets/minecraft/textures/block/birch_door_top.png","observed file is placed in the minecraft namespace","observed"
"resource","textures","minecraft:textures/block/birch_hanging_sign.png","assets/minecraft/textures/block/birch_hanging_sign.png","observed file is placed in the minecraft namespace","observed"
"resource","textures","minecraft:textures/block/birch_leaves.png","assets/minecraft/textures/block/birch_leaves.png","observed file is placed in the minecraft namespace","observed"
"resource","textures","minecraft:textures/block/birch_leaves_outer_bottom.png","assets/minecraft/textures/block/birch_leaves_outer_bottom.png","observed file is placed in the minecraft namespace","observed"
"resource","textures","minecraft:textures/block/birch_leaves_outer_top.png","assets/minecraft/textures/block/birch_leaves_outer_top.png","observed file is placed in the minecraft namespace","observed"
"resource","textures","minecraft:textures/block/birch_log.png","assets/minecraft/textures/block/birch_log.png","observed file is placed in the minecraft namespace","observed"
"resource","textures","minecraft:textures/block/birch_log_top.png","assets/minecraft/textures/block/birch_log_top.png","observed file is placed in the minecraft namespace","observed"
"resource","textures","minecraft:textures/block/birch_planks.png","assets/minecraft/textures/block/birch_planks.png","observed file is placed in the minecraft namespace","observed"
"resource","textures","minecraft:textures/block/birch_sapling.png","assets/minecraft/textures/block/birch_sapling.png","observed file is placed in the minecraft namespace","observed"
"resource","textures","minecraft:textures/block/birch_shelf.png","assets/minecraft/textures/block/birch_shelf.png","observed file is placed in the minecraft namespace","observed"
"resource","textures","minecraft:textures/block/birch_sign.png","assets/minecraft/textures/block/birch_sign.png","observed file is placed in the minecraft namespace","observed"
"resource","textures","minecraft:textures/block/birch_trapdoor.png","assets/minecraft/textures/block/birch_trapdoor.png","observed file is placed in the minecraft namespace","observed"
"resource","textures","minecraft:textures/block/blue_ice.png","assets/minecraft/textures/block/blue_ice.png","observed file is placed in the minecraft namespace","observed"
"resource","textures","minecraft:textures/block/blue_orchid.png","assets/minecraft/textures/block/blue_orchid.png","observed file is placed in the minecraft namespace","observed"
"resource","textures","minecraft:textures/block/blue_orchid_potted.png","assets/minecraft/textures/block/blue_orchid_potted.png","observed file is placed in the minecraft namespace","observed"
"resource","textures","minecraft:textures/block/bookshelf.png","assets/minecraft/textures/block/bookshelf.png","observed file is placed in the minecraft namespace","observed"
"resource","textures","minecraft:textures/block/bookshelf_top.png","assets/minecraft/textures/block/bookshelf_top.png","observed file is placed in the minecraft namespace","observed"
"resource","textures","minecraft:textures/block/brewing_stand.png","assets/minecraft/textures/block/brewing_stand.png","observed file is placed in the minecraft namespace","observed"
"resource","textures","minecraft:textures/block/brewing_stand_base.png","assets/minecraft/textures/block/brewing_stand_base.png","observed file is placed in the minecraft namespace","observed"
"resource","textures","minecraft:textures/block/brick_slab_double.png","assets/minecraft/textures/block/brick_slab_double.png","observed file is placed in the minecraft namespace","observed"
"resource","textures","minecraft:textures/block/bricks.png","assets/minecraft/textures/block/bricks.png","observed file is placed in the minecraft namespace","observed"
"resource","textures","minecraft:textures/block/bricks_rotated.png","assets/minecraft/textures/block/bricks_rotated.png","observed file is placed in the minecraft namespace","observed"
"resource","textures","minecraft:textures/block/brown_mushroom.png","assets/minecraft/textures/block/brown_mushroom.png","observed file is placed in the minecraft namespace","observed"
"resource","textures","minecraft:textures/block/brown_mushroom_potted.png","assets/minecraft/textures/block/brown_mushroom_potted.png","observed file is placed in the minecraft namespace","observed"
"resource","textures","minecraft:textures/block/carrots_stage0.png","assets/minecraft/textures/block/carrots_stage0.png","observed file is placed in the minecraft namespace","observed"
"resource","textures","minecraft:textures/block/carrots_stage1.png","assets/minecraft/textures/block/carrots_stage1.png","observed file is placed in the minecraft namespace","observed"
"resource","textures","minecraft:textures/block/carrots_stage2.png","assets/minecraft/textures/block/carrots_stage2.png","observed file is placed in the minecraft namespace","observed"
"resource","textures","minecraft:textures/block/carrots_stage3.png","assets/minecraft/textures/block/carrots_stage3.png","observed file is placed in the minecraft namespace","observed"
"resource","textures","minecraft:textures/block/carrots_stage4.png","assets/minecraft/textures/block/carrots_stage4.png","observed file is placed in the minecraft namespace","observed"
"resource","textures","minecraft:textures/block/carrots_stage5.png","assets/minecraft/textures/block/carrots_stage5.png","observed file is placed in the minecraft namespace","observed"
"resource","textures","minecraft:textures/block/carrots_stage_6_bottom.png","assets/minecraft/textures/block/carrots_stage_6_bottom.png","observed file is placed in the minecraft namespace","observed"
"resource","textures","minecraft:textures/block/carrots_stage_6_top.png","assets/minecraft/textures/block/carrots_stage_6_top.png","observed file is placed in the minecraft namespace","observed"
"resource","textures","minecraft:textures/block/carrots_stage_7_bottom.png","assets/minecraft/textures/block/carrots_stage_7_bottom.png","observed file is placed in the minecraft namespace","observed"
"resource","textures","minecraft:textures/block/carrots_stage_7_top.png","assets/minecraft/textures/block/carrots_stage_7_top.png","observed file is placed in the minecraft namespace","observed"
"resource","textures","minecraft:textures/block/carrots_stage_7_top1.png","assets/minecraft/textures/block/carrots_stage_7_top1.png","observed file is placed in the minecraft namespace","observed"
"resource","textures","minecraft:textures/block/carrots_stage_7_top2.png","assets/minecraft/textures/block/carrots_stage_7_top2.png","observed file is placed in the minecraft namespace","observed"
"resource","textures","minecraft:textures/block/cartography_table_side1.png","assets/minecraft/textures/block/cartography_table_side1.png","observed file is placed in the minecraft namespace","observed"
"resource","textures","minecraft:textures/block/cartography_table_side2.png","assets/minecraft/textures/block/cartography_table_side2.png","observed file is placed in the minecraft namespace","observed"
"resource","textures","minecraft:textures/block/cartography_table_side3.png","assets/minecraft/textures/block/cartography_table_side3.png","observed file is placed in the minecraft namespace","observed"
"resource","textures","minecraft:textures/block/cartography_table_top.png","assets/minecraft/textures/block/cartography_table_top.png","observed file is placed in the minecraft namespace","observed"
"resource","textures","minecraft:textures/block/cauldron_bottom.png","assets/minecraft/textures/block/cauldron_bottom.png","observed file is placed in the minecraft namespace","observed"
"resource","textures","minecraft:textures/block/cauldron_inner.png","assets/minecraft/textures/block/cauldron_inner.png","observed file is placed in the minecraft namespace","observed"
"resource","textures","minecraft:textures/block/cauldron_side.png","assets/minecraft/textures/block/cauldron_side.png","observed file is placed in the minecraft namespace","observed"
"resource","textures","minecraft:textures/block/cauldron_top.png","assets/minecraft/textures/block/cauldron_top.png","observed file is placed in the minecraft namespace","observed"
"resource","textures","minecraft:textures/block/cherry_hanging_sign.png","assets/minecraft/textures/block/cherry_hanging_sign.png","observed file is placed in the minecraft namespace","observed"
"resource","textures","minecraft:textures/block/cherry_leaves_outer_bottom.png","assets/minecraft/textures/block/cherry_leaves_outer_bottom.png","observed file is placed in the minecraft namespace","observed"
"resource","textures","minecraft:textures/block/cherry_leaves_outer_top.png","assets/minecraft/textures/block/cherry_leaves_outer_top.png","observed file is placed in the minecraft namespace","observed"
"resource","textures","minecraft:textures/block/cherry_log_top.png","assets/minecraft/textures/block/cherry_log_top.png","observed file is placed in the minecraft namespace","observed"
"resource","textures","minecraft:textures/block/cherry_sign.png","assets/minecraft/textures/block/cherry_sign.png","observed file is placed in the minecraft namespace","observed"
"resource","textures","minecraft:textures/block/chiseled_bookshelf_empty.png","assets/minecraft/textures/block/chiseled_bookshelf_empty.png","observed file is placed in the minecraft namespace","observed"
"resource","textures","minecraft:textures/block/chiseled_bookshelf_occupied.png","assets/minecraft/textures/block/chiseled_bookshelf_occupied.png","observed file is placed in the minecraft namespace","observed"
"resource","textures","minecraft:textures/block/chiseled_bookshelf_side.png","assets/minecraft/textures/block/chiseled_bookshelf_side.png","observed file is placed in the minecraft namespace","observed"
"resource","textures","minecraft:textures/block/chiseled_bookshelf_top.png","assets/minecraft/textures/block/chiseled_bookshelf_top.png","observed file is placed in the minecraft namespace","observed"
"resource","textures","minecraft:textures/block/chiseled_nether_bricks.png","assets/minecraft/textures/block/chiseled_nether_bricks.png","observed file is placed in the minecraft namespace","observed"
"resource","textures","minecraft:textures/block/chiseled_red_sandstone.png","assets/minecraft/textures/block/chiseled_red_sandstone.png","observed file is placed in the minecraft namespace","observed"
"resource","textures","minecraft:textures/block/chiseled_sulfur.png","assets/minecraft/textures/block/chiseled_sulfur.png","observed file is placed in the minecraft namespace","observed"
"resource","textures","minecraft:textures/block/coal_ore.png","assets/minecraft/textures/block/coal_ore.png","observed file is placed in the minecraft namespace","observed"
"resource","textures","minecraft:textures/block/coal_ore_side.png","assets/minecraft/textures/block/coal_ore_side.png","observed file is placed in the minecraft namespace","observed"
"resource","textures","minecraft:textures/block/coarse_dirt.png","assets/minecraft/textures/block/coarse_dirt.png","observed file is placed in the minecraft namespace","observed"
"resource","textures","minecraft:textures/block/coarse_dirt_1.png","assets/minecraft/textures/block/coarse_dirt_1.png","observed file is placed in the minecraft namespace","observed"
"resource","textures","minecraft:textures/block/coarse_dirt_2.png","assets/minecraft/textures/block/coarse_dirt_2.png","observed file is placed in the minecraft namespace","observed"
"resource","textures","minecraft:textures/block/coarse_dirt_3.png","assets/minecraft/textures/block/coarse_dirt_3.png","observed file is placed in the minecraft namespace","observed"
"resource","textures","minecraft:textures/block/coarse_dirt_4.png","assets/minecraft/textures/block/coarse_dirt_4.png","observed file is placed in the minecraft namespace","observed"
"resource","textures","minecraft:textures/block/cobbled_deepslate.png","assets/minecraft/textures/block/cobbled_deepslate.png","observed file is placed in the minecraft namespace","observed"
"resource","textures","minecraft:textures/block/cobblestone.png","assets/minecraft/textures/block/cobblestone.png","observed file is placed in the minecraft namespace","observed"
"resource","textures","minecraft:textures/block/cobweb.png","assets/minecraft/textures/block/cobweb.png","observed file is placed in the minecraft namespace","observed"
"resource","textures","minecraft:textures/block/copper_bars.png","assets/minecraft/textures/block/copper_bars.png","observed file is placed in the minecraft namespace","observed"
"resource","textures","minecraft:textures/block/copper_bars_side.png","assets/minecraft/textures/block/copper_bars_side.png","observed file is placed in the minecraft namespace","observed"
"resource","textures","minecraft:textures/block/copper_torch.png","assets/minecraft/textures/block/copper_torch.png","observed file is placed in the minecraft namespace","observed"
"resource","textures","minecraft:textures/block/cornflower.png","assets/minecraft/textures/block/cornflower.png","observed file is placed in the minecraft namespace","observed"
"resource","textures","minecraft:textures/block/cornflower_potted.png","assets/minecraft/textures/block/cornflower_potted.png","observed file is placed in the minecraft namespace","observed"
"resource","textures","minecraft:textures/block/cracked_deepslate_bricks.png","assets/minecraft/textures/block/cracked_deepslate_bricks.png","observed file is placed in the minecraft namespace","observed"
"resource","textures","minecraft:textures/block/cracked_deepslate_bricks1.png","assets/minecraft/textures/block/cracked_deepslate_bricks1.png","observed file is placed in the minecraft namespace","observed"
"resource","textures","minecraft:textures/block/cracked_nether_bricks.png","assets/minecraft/textures/block/cracked_nether_bricks.png","observed file is placed in the minecraft namespace","observed"
"resource","textures","minecraft:textures/block/crafting_table_bottom.png","assets/minecraft/textures/block/crafting_table_bottom.png","observed file is placed in the minecraft namespace","observed"
"resource","textures","minecraft:textures/block/crafting_table_front.png","assets/minecraft/textures/block/crafting_table_front.png","observed file is placed in the minecraft namespace","observed"
"resource","textures","minecraft:textures/block/crafting_table_side.png","assets/minecraft/textures/block/crafting_table_side.png","observed file is placed in the minecraft namespace","observed"
"resource","textures","minecraft:textures/block/crafting_table_top.png","assets/minecraft/textures/block/crafting_table_top.png","observed file is placed in the minecraft namespace","observed"
"resource","textures","minecraft:textures/block/crimson_hanging_sign.png","assets/minecraft/textures/block/crimson_hanging_sign.png","observed file is placed in the minecraft namespace","observed"
"resource","textures","minecraft:textures/block/crimson_nylium_side.png","assets/minecraft/textures/block/crimson_nylium_side.png","observed file is placed in the minecraft namespace","observed"
"resource","textures","minecraft:textures/block/crimson_planks.png","assets/minecraft/textures/block/crimson_planks.png","observed file is placed in the minecraft namespace","observed"
"resource","textures","minecraft:textures/block/crimson_roots_pot.png","assets/minecraft/textures/block/crimson_roots_pot.png","observed file is placed in the minecraft namespace","observed"
"resource","textures","minecraft:textures/block/crimson_sign.png","assets/minecraft/textures/block/crimson_sign.png","observed file is placed in the minecraft namespace","observed"
"resource","textures","minecraft:textures/block/crimson_stem_top.png","assets/minecraft/textures/block/crimson_stem_top.png","observed file is placed in the minecraft namespace","observed"
"resource","textures","minecraft:textures/block/cut_red_sandstone.png","assets/minecraft/textures/block/cut_red_sandstone.png","observed file is placed in the minecraft namespace","observed"
"resource","textures","minecraft:textures/block/cut_sandstone.png","assets/minecraft/textures/block/cut_sandstone.png","observed file is placed in the minecraft namespace","observed"
"resource","textures","minecraft:textures/block/dandelion.png","assets/minecraft/textures/block/dandelion.png","observed file is placed in the minecraft namespace","observed"
"resource","textures","minecraft:textures/block/dandelion_1.png","assets/minecraft/textures/block/dandelion_1.png","observed file is placed in the minecraft namespace","observed"
"resource","textures","minecraft:textures/block/dandelion_2.png","assets/minecraft/textures/block/dandelion_2.png","observed file is placed in the minecraft namespace","observed"
"resource","textures","minecraft:textures/block/dandelion_3.png","assets/minecraft/textures/block/dandelion_3.png","observed file is placed in the minecraft namespace","observed"
"resource","textures","minecraft:textures/block/dark_oak_door_bottom.png","assets/minecraft/textures/block/dark_oak_door_bottom.png","observed file is placed in the minecraft namespace","observed"
"resource","textures","minecraft:textures/block/dark_oak_door_top.png","assets/minecraft/textures/block/dark_oak_door_top.png","observed file is placed in the minecraft namespace","observed"
"resource","textures","minecraft:textures/block/dark_oak_hanging_sign.png","assets/minecraft/textures/block/dark_oak_hanging_sign.png","observed file is placed in the minecraft namespace","observed"
"resource","textures","minecraft:textures/block/dark_oak_leaves.png","assets/minecraft/textures/block/dark_oak_leaves.png","observed file is placed in the minecraft namespace","observed"
"resource","textures","minecraft:textures/block/dark_oak_leaves_outer_bottom.png","assets/minecraft/textures/block/dark_oak_leaves_outer_bottom.png","observed file is placed in the minecraft namespace","observed"
"resource","textures","minecraft:textures/block/dark_oak_leaves_outer_top.png","assets/minecraft/textures/block/dark_oak_leaves_outer_top.png","observed file is placed in the minecraft namespace","observed"
"resource","textures","minecraft:textures/block/dark_oak_log.png","assets/minecraft/textures/block/dark_oak_log.png","observed file is placed in the minecraft namespace","observed"
"resource","textures","minecraft:textures/block/dark_oak_log_top.png","assets/minecraft/textures/block/dark_oak_log_top.png","observed file is placed in the minecraft namespace","observed"
"resource","textures","minecraft:textures/block/dark_oak_planks.png","assets/minecraft/textures/block/dark_oak_planks.png","observed file is placed in the minecraft namespace","observed"
"resource","textures","minecraft:textures/block/dark_oak_planks_vertical.png","assets/minecraft/textures/block/dark_oak_planks_vertical.png","observed file is placed in the minecraft namespace","observed"
"resource","textures","minecraft:textures/block/dark_oak_sapling.png","assets/minecraft/textures/block/dark_oak_sapling.png","observed file is placed in the minecraft namespace","observed"
"resource","textures","minecraft:textures/block/dark_oak_shelf.png","assets/minecraft/textures/block/dark_oak_shelf.png","observed file is placed in the minecraft namespace","observed"
"resource","textures","minecraft:textures/block/dark_oak_sign.png","assets/minecraft/textures/block/dark_oak_sign.png","observed file is placed in the minecraft namespace","observed"
"resource","textures","minecraft:textures/block/dark_oak_trapdoor.png","assets/minecraft/textures/block/dark_oak_trapdoor.png","observed file is placed in the minecraft namespace","observed"
"resource","textures","minecraft:textures/block/dead_bush.png","assets/minecraft/textures/block/dead_bush.png","observed file is placed in the minecraft namespace","observed"
"resource","textures","minecraft:textures/block/dead_bush_1.png","assets/minecraft/textures/block/dead_bush_1.png","observed file is placed in the minecraft namespace","observed"
"resource","textures","minecraft:textures/block/dead_bush_2.png","assets/minecraft/textures/block/dead_bush_2.png","observed file is placed in the minecraft namespace","observed"
"resource","textures","minecraft:textures/block/dead_bush_3.png","assets/minecraft/textures/block/dead_bush_3.png","observed file is placed in the minecraft namespace","observed"
"resource","textures","minecraft:textures/block/deepslate.png","assets/minecraft/textures/block/deepslate.png","observed file is placed in the minecraft namespace","observed"
"resource","textures","minecraft:textures/block/deepslate_bricks.png","assets/minecraft/textures/block/deepslate_bricks.png","observed file is placed in the minecraft namespace","observed"
"resource","textures","minecraft:textures/block/deepslate_bricks1.png","assets/minecraft/textures/block/deepslate_bricks1.png","observed file is placed in the minecraft namespace","observed"
"resource","textures","minecraft:textures/block/deepslate_bricks2.png","assets/minecraft/textures/block/deepslate_bricks2.png","observed file is placed in the minecraft namespace","observed"
"resource","textures","minecraft:textures/block/deepslate_bricks3.png","assets/minecraft/textures/block/deepslate_bricks3.png","observed file is placed in the minecraft namespace","observed"
"resource","textures","minecraft:textures/block/deepslate_bricks4.png","assets/minecraft/textures/block/deepslate_bricks4.png","observed file is placed in the minecraft namespace","observed"
"resource","textures","minecraft:textures/block/deepslate_coal_ore.png","assets/minecraft/textures/block/deepslate_coal_ore.png","observed file is placed in the minecraft namespace","observed"
"resource","textures","minecraft:textures/block/deepslate_coal_ore_side.png","assets/minecraft/textures/block/deepslate_coal_ore_side.png","observed file is placed in the minecraft namespace","observed"
"resource","textures","minecraft:textures/block/deepslate_copper_ore.png","assets/minecraft/textures/block/deepslate_copper_ore.png","observed file is placed in the minecraft namespace","observed"
"resource","textures","minecraft:textures/block/deepslate_diamond_ore.png","assets/minecraft/textures/block/deepslate_diamond_ore.png","observed file is placed in the minecraft namespace","observed"
"resource","textures","minecraft:textures/block/deepslate_emerald_ore.png","assets/minecraft/textures/block/deepslate_emerald_ore.png","observed file is placed in the minecraft namespace","observed"
"resource","textures","minecraft:textures/block/deepslate_emerald_ore.png.mcmeta","assets/minecraft/textures/block/deepslate_emerald_ore.png.mcmeta","observed file is placed in the minecraft namespace","observed"
"resource","textures","minecraft:textures/block/deepslate_gold_ore.png","assets/minecraft/textures/block/deepslate_gold_ore.png","observed file is placed in the minecraft namespace","observed"
"resource","textures","minecraft:textures/block/deepslate_iron_ore.png","assets/minecraft/textures/block/deepslate_iron_ore.png","observed file is placed in the minecraft namespace","observed"
"resource","textures","minecraft:textures/block/deepslate_redstone_ore.png","assets/minecraft/textures/block/deepslate_redstone_ore.png","observed file is placed in the minecraft namespace","observed"
"resource","textures","minecraft:textures/block/deepslate_top.png","assets/minecraft/textures/block/deepslate_top.png","observed file is placed in the minecraft namespace","observed"
"resource","textures","minecraft:textures/block/detector_rail.png","assets/minecraft/textures/block/detector_rail.png","observed file is placed in the minecraft namespace","observed"
"resource","textures","minecraft:textures/block/detector_rail_on.png","assets/minecraft/textures/block/detector_rail_on.png","observed file is placed in the minecraft namespace","observed"
"resource","textures","minecraft:textures/block/diamond_block.png","assets/minecraft/textures/block/diamond_block.png","observed file is placed in the minecraft namespace","observed"
"resource","textures","minecraft:textures/block/diamond_ore.png","assets/minecraft/textures/block/diamond_ore.png","observed file is placed in the minecraft namespace","observed"
"resource","textures","minecraft:textures/block/diorite.png","assets/minecraft/textures/block/diorite.png","observed file is placed in the minecraft namespace","observed"
"resource","textures","minecraft:textures/block/dirt.png","assets/minecraft/textures/block/dirt.png","observed file is placed in the minecraft namespace","observed"
"resource","textures","minecraft:textures/block/dirt_1.png","assets/minecraft/textures/block/dirt_1.png","observed file is placed in the minecraft namespace","observed"
"resource","textures","minecraft:textures/block/dirt_2.png","assets/minecraft/textures/block/dirt_2.png","observed file is placed in the minecraft namespace","observed"
"resource","textures","minecraft:textures/block/dirt_path_side.png","assets/minecraft/textures/block/dirt_path_side.png","observed file is placed in the minecraft namespace","observed"
"resource","textures","minecraft:textures/block/dispenser_back.png","assets/minecraft/textures/block/dispenser_back.png","observed file is placed in the minecraft namespace","observed"
"resource","textures","minecraft:textures/block/dispenser_bottom.png","assets/minecraft/textures/block/dispenser_bottom.png","observed file is placed in the minecraft namespace","observed"
"resource","textures","minecraft:textures/block/dispenser_bottom_vertical.png","assets/minecraft/textures/block/dispenser_bottom_vertical.png","observed file is placed in the minecraft namespace","observed"
"resource","textures","minecraft:textures/block/dispenser_east.png","assets/minecraft/textures/block/dispenser_east.png","observed file is placed in the minecraft namespace","observed"
"resource","textures","minecraft:textures/block/dispenser_side_vertical.png","assets/minecraft/textures/block/dispenser_side_vertical.png","observed file is placed in the minecraft namespace","observed"
"resource","textures","minecraft:textures/block/dispenser_top.png","assets/minecraft/textures/block/dispenser_top.png","observed file is placed in the minecraft namespace","observed"
"resource","textures","minecraft:textures/block/dispenser_west.png","assets/minecraft/textures/block/dispenser_west.png","observed file is placed in the minecraft namespace","observed"
"resource","textures","minecraft:textures/block/dropper_back.png","assets/minecraft/textures/block/dropper_back.png","observed file is placed in the minecraft namespace","observed"
"resource","textures","minecraft:textures/block/dropper_bottom.png","assets/minecraft/textures/block/dropper_bottom.png","observed file is placed in the minecraft namespace","observed"
"resource","textures","minecraft:textures/block/dropper_bottom_vertical.png","assets/minecraft/textures/block/dropper_bottom_vertical.png","observed file is placed in the minecraft namespace","observed"
"resource","textures","minecraft:textures/block/dropper_east.png","assets/minecraft/textures/block/dropper_east.png","observed file is placed in the minecraft namespace","observed"
"resource","textures","minecraft:textures/block/dropper_side_vertical.png","assets/minecraft/textures/block/dropper_side_vertical.png","observed file is placed in the minecraft namespace","observed"
"resource","textures","minecraft:textures/block/dropper_top.png","assets/minecraft/textures/block/dropper_top.png","observed file is placed in the minecraft namespace","observed"
"resource","textures","minecraft:textures/block/dropper_west.png","assets/minecraft/textures/block/dropper_west.png","observed file is placed in the minecraft namespace","observed"
"resource","textures","minecraft:textures/block/emerald_block.png","assets/minecraft/textures/block/emerald_block.png","observed file is placed in the minecraft namespace","observed"
"resource","textures","minecraft:textures/block/emerald_ore.png","assets/minecraft/textures/block/emerald_ore.png","observed file is placed in the minecraft namespace","observed"
"resource","textures","minecraft:textures/block/emerald_ore.png.mcmeta","assets/minecraft/textures/block/emerald_ore.png.mcmeta","observed file is placed in the minecraft namespace","observed"
"resource","textures","minecraft:textures/block/end_portal_frame_eye.png","assets/minecraft/textures/block/end_portal_frame_eye.png","observed file is placed in the minecraft namespace","observed"
"resource","textures","minecraft:textures/block/end_stone_bricks.png","assets/minecraft/textures/block/end_stone_bricks.png","observed file is placed in the minecraft namespace","observed"
"resource","textures","minecraft:textures/block/exposed_copper_bars.png","assets/minecraft/textures/block/exposed_copper_bars.png","observed file is placed in the minecraft namespace","observed"
"resource","textures","minecraft:textures/block/exposed_copper_bars_side.png","assets/minecraft/textures/block/exposed_copper_bars_side.png","observed file is placed in the minecraft namespace","observed"
"resource","textures","minecraft:textures/block/farmland.png","assets/minecraft/textures/block/farmland.png","observed file is placed in the minecraft namespace","observed"
"resource","textures","minecraft:textures/block/farmland_moist.png","assets/minecraft/textures/block/farmland_moist.png","observed file is placed in the minecraft namespace","observed"
"resource","textures","minecraft:textures/block/firefly_bush_emissive.png","assets/minecraft/textures/block/firefly_bush_emissive.png","observed file is placed in the minecraft namespace","observed"
"resource","textures","minecraft:textures/block/flower_pot.png","assets/minecraft/textures/block/flower_pot.png","observed file is placed in the minecraft namespace","observed"
"resource","textures","minecraft:textures/block/flower_pot_brown_mushroom.png","assets/minecraft/textures/block/flower_pot_brown_mushroom.png","observed file is placed in the minecraft namespace","observed"
"resource","textures","minecraft:textures/block/flower_pot_red_mushroom.png","assets/minecraft/textures/block/flower_pot_red_mushroom.png","observed file is placed in the minecraft namespace","observed"
"resource","textures","minecraft:textures/block/furnace_front_off.png","assets/minecraft/textures/block/furnace_front_off.png","observed file is placed in the minecraft namespace","observed"
"resource","textures","minecraft:textures/block/furnace_front_on.png","assets/minecraft/textures/block/furnace_front_on.png","observed file is placed in the minecraft namespace","observed"
"resource","textures","minecraft:textures/block/furnace_front_on_1.png","assets/minecraft/textures/block/furnace_front_on_1.png","observed file is placed in the minecraft namespace","observed"
"resource","textures","minecraft:textures/block/furnace_front_on_1.png.mcmeta","assets/minecraft/textures/block/furnace_front_on_1.png.mcmeta","observed file is placed in the minecraft namespace","observed"
"resource","textures","minecraft:textures/block/furnace_side.png","assets/minecraft/textures/block/furnace_side.png","observed file is placed in the minecraft namespace","observed"
"resource","textures","minecraft:textures/block/furnace_top.png","assets/minecraft/textures/block/furnace_top.png","observed file is placed in the minecraft namespace","observed"
"resource","textures","minecraft:textures/block/furnace_top_1.png","assets/minecraft/textures/block/furnace_top_1.png","observed file is placed in the minecraft namespace","observed"
"resource","textures","minecraft:textures/block/furnace_top_1.png.mcmeta","assets/minecraft/textures/block/furnace_top_1.png.mcmeta","observed file is placed in the minecraft namespace","observed"
"resource","textures","minecraft:textures/block/glow_item_frame.png","assets/minecraft/textures/block/glow_item_frame.png","observed file is placed in the minecraft namespace","observed"
"resource","textures","minecraft:textures/block/glow_lichen.png","assets/minecraft/textures/block/glow_lichen.png","observed file is placed in the minecraft namespace","observed"
"resource","textures","minecraft:textures/block/glow_lichen_ceiling.png","assets/minecraft/textures/block/glow_lichen_ceiling.png","observed file is placed in the minecraft namespace","observed"
"resource","textures","minecraft:textures/block/glow_lichen_ceiling.png.mcmeta","assets/minecraft/textures/block/glow_lichen_ceiling.png.mcmeta","observed file is placed in the minecraft namespace","observed"
"resource","textures","minecraft:textures/block/glow_lichen_ceiling1.png","assets/minecraft/textures/block/glow_lichen_ceiling1.png","observed file is placed in the minecraft namespace","observed"
"resource","textures","minecraft:textures/block/glow_lichen_ceiling1.png.mcmeta","assets/minecraft/textures/block/glow_lichen_ceiling1.png.mcmeta","observed file is placed in the minecraft namespace","observed"
"resource","textures","minecraft:textures/block/glow_lichen_ceiling2.png","assets/minecraft/textures/block/glow_lichen_ceiling2.png","observed file is placed in the minecraft namespace","observed"
"resource","textures","minecraft:textures/block/glow_lichen_ceiling2.png.mcmeta","assets/minecraft/textures/block/glow_lichen_ceiling2.png.mcmeta","observed file is placed in the minecraft namespace","observed"
"resource","textures","minecraft:textures/block/glow_lichen_ground.png","assets/minecraft/textures/block/glow_lichen_ground.png","observed file is placed in the minecraft namespace","observed"
"resource","textures","minecraft:textures/block/glow_lichen_ground_1.png","assets/minecraft/textures/block/glow_lichen_ground_1.png","observed file is placed in the minecraft namespace","observed"
"resource","textures","minecraft:textures/block/glow_lichen_ground_2.png","assets/minecraft/textures/block/glow_lichen_ground_2.png","observed file is placed in the minecraft namespace","observed"
"resource","textures","minecraft:textures/block/glow_lichen_ground_3.png","assets/minecraft/textures/block/glow_lichen_ground_3.png","observed file is placed in the minecraft namespace","observed"
"resource","textures","minecraft:textures/block/glow_lichen_ground_flat.png","assets/minecraft/textures/block/glow_lichen_ground_flat.png","observed file is placed in the minecraft namespace","observed"
"resource","textures","minecraft:textures/block/glow_lichen_ground_flat_1.png","assets/minecraft/textures/block/glow_lichen_ground_flat_1.png","observed file is placed in the minecraft namespace","observed"
"resource","textures","minecraft:textures/block/glow_lichen_ground_flat_2.png","assets/minecraft/textures/block/glow_lichen_ground_flat_2.png","observed file is placed in the minecraft namespace","observed"
"resource","textures","minecraft:textures/block/glow_lichen_ground_flat_3.png","assets/minecraft/textures/block/glow_lichen_ground_flat_3.png","observed file is placed in the minecraft namespace","observed"
"resource","textures","minecraft:textures/block/glow_lichen_ground_flat_4.png","assets/minecraft/textures/block/glow_lichen_ground_flat_4.png","observed file is placed in the minecraft namespace","observed"
"resource","textures","minecraft:textures/block/golden_dandelion.png","assets/minecraft/textures/block/golden_dandelion.png","observed file is placed in the minecraft namespace","observed"
"resource","textures","minecraft:textures/block/golden_dandelion_1.png","assets/minecraft/textures/block/golden_dandelion_1.png","observed file is placed in the minecraft namespace","observed"
"resource","textures","minecraft:textures/block/golden_dandelion_2.png","assets/minecraft/textures/block/golden_dandelion_2.png","observed file is placed in the minecraft namespace","observed"
"resource","textures","minecraft:textures/block/golden_dandelion_3.png","assets/minecraft/textures/block/golden_dandelion_3.png","observed file is placed in the minecraft namespace","observed"
"resource","textures","minecraft:textures/block/granite_bricks.png","assets/minecraft/textures/block/granite_bricks.png","observed file is placed in the minecraft namespace","observed"
"resource","textures","minecraft:textures/block/grass_block_side.png","assets/minecraft/textures/block/grass_block_side.png","observed file is placed in the minecraft namespace","observed"
"resource","textures","minecraft:textures/block/grass_block_side_overlay.png","assets/minecraft/textures/block/grass_block_side_overlay.png","observed file is placed in the minecraft namespace","observed"
"resource","textures","minecraft:textures/block/grass_block_snow.png","assets/minecraft/textures/block/grass_block_snow.png","observed file is placed in the minecraft namespace","observed"
"resource","textures","minecraft:textures/block/grass_block_top.png","assets/minecraft/textures/block/grass_block_top.png","observed file is placed in the minecraft namespace","observed"
"resource","textures","minecraft:textures/block/gravel.png","assets/minecraft/textures/block/gravel.png","observed file is placed in the minecraft namespace","observed"
"resource","textures","minecraft:textures/block/gravel_1.png","assets/minecraft/textures/block/gravel_1.png","observed file is placed in the minecraft namespace","observed"
"resource","textures","minecraft:textures/block/gravel_2.png","assets/minecraft/textures/block/gravel_2.png","observed file is placed in the minecraft namespace","observed"
"resource","textures","minecraft:textures/block/gravel_3.png","assets/minecraft/textures/block/gravel_3.png","observed file is placed in the minecraft namespace","observed"
"resource","textures","minecraft:textures/block/hanging_roots.png","assets/minecraft/textures/block/hanging_roots.png","observed file is placed in the minecraft namespace","observed"
"resource","textures","minecraft:textures/block/hay_block_side.png","assets/minecraft/textures/block/hay_block_side.png","observed file is placed in the minecraft namespace","observed"
"resource","textures","minecraft:textures/block/hay_block_top.png","assets/minecraft/textures/block/hay_block_top.png","observed file is placed in the minecraft namespace","observed"
"resource","textures","minecraft:textures/block/ice.png","assets/minecraft/textures/block/ice.png","observed file is placed in the minecraft namespace","observed"
"resource","textures","minecraft:textures/block/iron_bars - Copy.png","assets/minecraft/textures/block/iron_bars - Copy.png","observed file is placed in the minecraft namespace","observed"
"resource","textures","minecraft:textures/block/iron_bars.png","assets/minecraft/textures/block/iron_bars.png","observed file is placed in the minecraft namespace","observed"
"resource","textures","minecraft:textures/block/iron_bars_side.png","assets/minecraft/textures/block/iron_bars_side.png","observed file is placed in the minecraft namespace","observed"
"resource","textures","minecraft:textures/block/iron_block.png","assets/minecraft/textures/block/iron_block.png","observed file is placed in the minecraft namespace","observed"
"resource","textures","minecraft:textures/block/iron_chain.png","assets/minecraft/textures/block/iron_chain.png","observed file is placed in the minecraft namespace","observed"
"resource","textures","minecraft:textures/block/iron_door_bottom.png","assets/minecraft/textures/block/iron_door_bottom.png","observed file is placed in the minecraft namespace","observed"
"resource","textures","minecraft:textures/block/iron_door_top.png","assets/minecraft/textures/block/iron_door_top.png","observed file is placed in the minecraft namespace","observed"
"resource","textures","minecraft:textures/block/iron_ore.png","assets/minecraft/textures/block/iron_ore.png","observed file is placed in the minecraft namespace","observed"
"resource","textures","minecraft:textures/block/iron_trapdoor.png","assets/minecraft/textures/block/iron_trapdoor.png","observed file is placed in the minecraft namespace","observed"
"resource","textures","minecraft:textures/block/item_frame.png","assets/minecraft/textures/block/item_frame.png","observed file is placed in the minecraft namespace","observed"
"resource","textures","minecraft:textures/block/jungle_door_bottom.png","assets/minecraft/textures/block/jungle_door_bottom.png","observed file is placed in the minecraft namespace","observed"
"resource","textures","minecraft:textures/block/jungle_door_top.png","assets/minecraft/textures/block/jungle_door_top.png","observed file is placed in the minecraft namespace","observed"
"resource","textures","minecraft:textures/block/jungle_hanging_sign.png","assets/minecraft/textures/block/jungle_hanging_sign.png","observed file is placed in the minecraft namespace","observed"
"resource","textures","minecraft:textures/block/jungle_leaves_outer_bottom.png","assets/minecraft/textures/block/jungle_leaves_outer_bottom.png","observed file is placed in the minecraft namespace","observed"
"resource","textures","minecraft:textures/block/jungle_leaves_outer_top.png","assets/minecraft/textures/block/jungle_leaves_outer_top.png","observed file is placed in the minecraft namespace","observed"
"resource","textures","minecraft:textures/block/jungle_log.png","assets/minecraft/textures/block/jungle_log.png","observed file is placed in the minecraft namespace","observed"
"resource","textures","minecraft:textures/block/jungle_log_top.png","assets/minecraft/textures/block/jungle_log_top.png","observed file is placed in the minecraft namespace","observed"
"resource","textures","minecraft:textures/block/jungle_planks.png","assets/minecraft/textures/block/jungle_planks.png","observed file is placed in the minecraft namespace","observed"
"resource","textures","minecraft:textures/block/jungle_sapling.png","assets/minecraft/textures/block/jungle_sapling.png","observed file is placed in the minecraft namespace","observed"
"resource","textures","minecraft:textures/block/jungle_sign.png","assets/minecraft/textures/block/jungle_sign.png","observed file is placed in the minecraft namespace","observed"
"resource","textures","minecraft:textures/block/jungle_trapdoor.png","assets/minecraft/textures/block/jungle_trapdoor.png","observed file is placed in the minecraft namespace","observed"
"resource","textures","minecraft:textures/block/ladder.png","assets/minecraft/textures/block/ladder.png","observed file is placed in the minecraft namespace","observed"
"resource","textures","minecraft:textures/block/lantern.png","assets/minecraft/textures/block/lantern.png","observed file is placed in the minecraft namespace","observed"
"resource","textures","minecraft:textures/block/lantern.png.mcmeta","assets/minecraft/textures/block/lantern.png.mcmeta","observed file is placed in the minecraft namespace","observed"
"resource","textures","minecraft:textures/block/lapis_ore.png","assets/minecraft/textures/block/lapis_ore.png","observed file is placed in the minecraft namespace","observed"
"resource","textures","minecraft:textures/block/lectern_base.png","assets/minecraft/textures/block/lectern_base.png","observed file is placed in the minecraft namespace","observed"
"resource","textures","minecraft:textures/block/lectern_front.png","assets/minecraft/textures/block/lectern_front.png","observed file is placed in the minecraft namespace","observed"
"resource","textures","minecraft:textures/block/lectern_sides.png","assets/minecraft/textures/block/lectern_sides.png","observed file is placed in the minecraft namespace","observed"
"resource","textures","minecraft:textures/block/lectern_top.png","assets/minecraft/textures/block/lectern_top.png","observed file is placed in the minecraft namespace","observed"
"resource","textures","minecraft:textures/block/lilac_bottom.png","assets/minecraft/textures/block/lilac_bottom.png","observed file is placed in the minecraft namespace","observed"
"resource","textures","minecraft:textures/block/lilac_top.png","assets/minecraft/textures/block/lilac_top.png","observed file is placed in the minecraft namespace","observed"
"resource","textures","minecraft:textures/block/lily_of_the_valley.png","assets/minecraft/textures/block/lily_of_the_valley.png","observed file is placed in the minecraft namespace","observed"
"resource","textures","minecraft:textures/block/lily_of_the_valley_1.png","assets/minecraft/textures/block/lily_of_the_valley_1.png","observed file is placed in the minecraft namespace","observed"
"resource","textures","minecraft:textures/block/lily_pad.png","assets/minecraft/textures/block/lily_pad.png","observed file is placed in the minecraft namespace","observed"
"resource","textures","minecraft:textures/block/lily_pad_1.png","assets/minecraft/textures/block/lily_pad_1.png","observed file is placed in the minecraft namespace","observed"
"resource","textures","minecraft:textures/block/lily_pad_2.png","assets/minecraft/textures/block/lily_pad_2.png","observed file is placed in the minecraft namespace","observed"
"resource","textures","minecraft:textures/block/lily_pad_3.png","assets/minecraft/textures/block/lily_pad_3.png","observed file is placed in the minecraft namespace","observed"
"resource","textures","minecraft:textures/block/mangrove_hanging_sign.png","assets/minecraft/textures/block/mangrove_hanging_sign.png","observed file is placed in the minecraft namespace","observed"
"resource","textures","minecraft:textures/block/mangrove_leaves_outer_bottom.png","assets/minecraft/textures/block/mangrove_leaves_outer_bottom.png","observed file is placed in the minecraft namespace","observed"
"resource","textures","minecraft:textures/block/mangrove_leaves_outer_top.png","assets/minecraft/textures/block/mangrove_leaves_outer_top.png","observed file is placed in the minecraft namespace","observed"
"resource","textures","minecraft:textures/block/mangrove_log_top.png","assets/minecraft/textures/block/mangrove_log_top.png","observed file is placed in the minecraft namespace","observed"
"resource","textures","minecraft:textures/block/mangrove_sign.png","assets/minecraft/textures/block/mangrove_sign.png","observed file is placed in the minecraft namespace","observed"
"resource","textures","minecraft:textures/block/melon_stem_stage0.png","assets/minecraft/textures/block/melon_stem_stage0.png","observed file is placed in the minecraft namespace","observed"
"resource","textures","minecraft:textures/block/melon_stem_stage1.png","assets/minecraft/textures/block/melon_stem_stage1.png","observed file is placed in the minecraft namespace","observed"
"resource","textures","minecraft:textures/block/melon_stem_stage2.png","assets/minecraft/textures/block/melon_stem_stage2.png","observed file is placed in the minecraft namespace","observed"
"resource","textures","minecraft:textures/block/melon_stem_stage3.png","assets/minecraft/textures/block/melon_stem_stage3.png","observed file is placed in the minecraft namespace","observed"
"resource","textures","minecraft:textures/block/melon_stem_stage4.png","assets/minecraft/textures/block/melon_stem_stage4.png","observed file is placed in the minecraft namespace","observed"
"resource","textures","minecraft:textures/block/melon_stem_stage5.png","assets/minecraft/textures/block/melon_stem_stage5.png","observed file is placed in the minecraft namespace","observed"
"resource","textures","minecraft:textures/block/melon_stem_stage6.png","assets/minecraft/textures/block/melon_stem_stage6.png","observed file is placed in the minecraft namespace","observed"
"resource","textures","minecraft:textures/block/melon_stem_stage7.png","assets/minecraft/textures/block/melon_stem_stage7.png","observed file is placed in the minecraft namespace","observed"
"resource","textures","minecraft:textures/block/mossy_cobblestone.png","assets/minecraft/textures/block/mossy_cobblestone.png","observed file is placed in the minecraft namespace","observed"
"resource","textures","minecraft:textures/block/mud.png","assets/minecraft/textures/block/mud.png","observed file is placed in the minecraft namespace","observed"
"resource","textures","minecraft:textures/block/mycelium_side.png","assets/minecraft/textures/block/mycelium_side.png","observed file is placed in the minecraft namespace","observed"
"resource","textures","minecraft:textures/block/nether_bricks.png","assets/minecraft/textures/block/nether_bricks.png","observed file is placed in the minecraft namespace","observed"
"resource","textures","minecraft:textures/block/nether_bricks_double_slab.png","assets/minecraft/textures/block/nether_bricks_double_slab.png","observed file is placed in the minecraft namespace","observed"
"resource","textures","minecraft:textures/block/nether_bricks_fence_side.png","assets/minecraft/textures/block/nether_bricks_fence_side.png","observed file is placed in the minecraft namespace","observed"
"resource","textures","minecraft:textures/block/nether_gold_ore.png","assets/minecraft/textures/block/nether_gold_ore.png","observed file is placed in the minecraft namespace","observed"
"resource","textures","minecraft:textures/block/nether_portal.png","assets/minecraft/textures/block/nether_portal.png","observed file is placed in the minecraft namespace","observed"
"resource","textures","minecraft:textures/block/nether_portal.png.mcmeta","assets/minecraft/textures/block/nether_portal.png.mcmeta","observed file is placed in the minecraft namespace","observed"
"resource","textures","minecraft:textures/block/nether_quartz_ore.png","assets/minecraft/textures/block/nether_quartz_ore.png","observed file is placed in the minecraft namespace","observed"
"resource","textures","minecraft:textures/block/netherite_block.png","assets/minecraft/textures/block/netherite_block.png","observed file is placed in the minecraft namespace","observed"
"resource","textures","minecraft:textures/block/netherrack.png","assets/minecraft/textures/block/netherrack.png","observed file is placed in the minecraft namespace","observed"
"resource","textures","minecraft:textures/block/oak_door_bottom.png","assets/minecraft/textures/block/oak_door_bottom.png","observed file is placed in the minecraft namespace","observed"
"resource","textures","minecraft:textures/block/oak_door_top.png","assets/minecraft/textures/block/oak_door_top.png","observed file is placed in the minecraft namespace","observed"
"resource","textures","minecraft:textures/block/oak_hanging_sign.png","assets/minecraft/textures/block/oak_hanging_sign.png","observed file is placed in the minecraft namespace","observed"
"resource","textures","minecraft:textures/block/oak_leaves.png","assets/minecraft/textures/block/oak_leaves.png","observed file is placed in the minecraft namespace","observed"
"resource","textures","minecraft:textures/block/oak_leaves_outer_bottom.png","assets/minecraft/textures/block/oak_leaves_outer_bottom.png","observed file is placed in the minecraft namespace","observed"
"resource","textures","minecraft:textures/block/oak_leaves_outer_top.png","assets/minecraft/textures/block/oak_leaves_outer_top.png","observed file is placed in the minecraft namespace","observed"
"resource","textures","minecraft:textures/block/oak_log.png","assets/minecraft/textures/block/oak_log.png","observed file is placed in the minecraft namespace","observed"
"resource","textures","minecraft:textures/block/oak_log_top.png","assets/minecraft/textures/block/oak_log_top.png","observed file is placed in the minecraft namespace","observed"
"resource","textures","minecraft:textures/block/oak_planks.png","assets/minecraft/textures/block/oak_planks.png","observed file is placed in the minecraft namespace","observed"
"resource","textures","minecraft:textures/block/oak_sapling.png","assets/minecraft/textures/block/oak_sapling.png","observed file is placed in the minecraft namespace","observed"
"resource","textures","minecraft:textures/block/oak_sign.png","assets/minecraft/textures/block/oak_sign.png","observed file is placed in the minecraft namespace","observed"
"resource","textures","minecraft:textures/block/oak_trapdoor.png","assets/minecraft/textures/block/oak_trapdoor.png","observed file is placed in the minecraft namespace","observed"
"resource","textures","minecraft:textures/block/orange_tulip.png","assets/minecraft/textures/block/orange_tulip.png","observed file is placed in the minecraft namespace","observed"
"resource","textures","minecraft:textures/block/oxeye_daisy.png","assets/minecraft/textures/block/oxeye_daisy.png","observed file is placed in the minecraft namespace","observed"
"resource","textures","minecraft:textures/block/oxeye_daisy_1.png","assets/minecraft/textures/block/oxeye_daisy_1.png","observed file is placed in the minecraft namespace","observed"
"resource","textures","minecraft:textures/block/oxidized_copper_bars.png","assets/minecraft/textures/block/oxidized_copper_bars.png","observed file is placed in the minecraft namespace","observed"
"resource","textures","minecraft:textures/block/oxidized_copper_bars_side.png","assets/minecraft/textures/block/oxidized_copper_bars_side.png","observed file is placed in the minecraft namespace","observed"
"resource","textures","minecraft:textures/block/packed_dirt.png","assets/minecraft/textures/block/packed_dirt.png","observed file is placed in the minecraft namespace","observed"
"resource","textures","minecraft:textures/block/packed_dirt_1.png","assets/minecraft/textures/block/packed_dirt_1.png","observed file is placed in the minecraft namespace","observed"
"resource","textures","minecraft:textures/block/packed_dirt_2.png","assets/minecraft/textures/block/packed_dirt_2.png","observed file is placed in the minecraft namespace","observed"
"resource","textures","minecraft:textures/block/packed_grass.png","assets/minecraft/textures/block/packed_grass.png","observed file is placed in the minecraft namespace","observed"
"resource","textures","minecraft:textures/block/packed_ice.png","assets/minecraft/textures/block/packed_ice.png","observed file is placed in the minecraft namespace","observed"
"resource","textures","minecraft:textures/block/pale_oak_hanging_sign.png","assets/minecraft/textures/block/pale_oak_hanging_sign.png","observed file is placed in the minecraft namespace","observed"
"resource","textures","minecraft:textures/block/pale_oak_leaves.png","assets/minecraft/textures/block/pale_oak_leaves.png","observed file is placed in the minecraft namespace","observed"
"resource","textures","minecraft:textures/block/pale_oak_leaves_outer_bottom.png","assets/minecraft/textures/block/pale_oak_leaves_outer_bottom.png","observed file is placed in the minecraft namespace","observed"
"resource","textures","minecraft:textures/block/pale_oak_leaves_outer_top.png","assets/minecraft/textures/block/pale_oak_leaves_outer_top.png","observed file is placed in the minecraft namespace","observed"
"resource","textures","minecraft:textures/block/pale_oak_log_top.png","assets/minecraft/textures/block/pale_oak_log_top.png","observed file is placed in the minecraft namespace","observed"
"resource","textures","minecraft:textures/block/pale_oak_planks.png","assets/minecraft/textures/block/pale_oak_planks.png","observed file is placed in the minecraft namespace","observed"
"resource","textures","minecraft:textures/block/pale_oak_sign.png","assets/minecraft/textures/block/pale_oak_sign.png","observed file is placed in the minecraft namespace","observed"
"resource","textures","minecraft:textures/block/peony_bottom.png","assets/minecraft/textures/block/peony_bottom.png","observed file is placed in the minecraft namespace","observed"
"resource","textures","minecraft:textures/block/peony_top.png","assets/minecraft/textures/block/peony_top.png","observed file is placed in the minecraft namespace","observed"
"resource","textures","minecraft:textures/block/pink_tulip.png","assets/minecraft/textures/block/pink_tulip.png","observed file is placed in the minecraft namespace","observed"
"resource","textures","minecraft:textures/block/podzol_side.png","assets/minecraft/textures/block/podzol_side.png","observed file is placed in the minecraft namespace","observed"
"resource","textures","minecraft:textures/block/podzol_top.png","assets/minecraft/textures/block/podzol_top.png","observed file is placed in the minecraft namespace","observed"
"resource","textures","minecraft:textures/block/podzol_top_1.png","assets/minecraft/textures/block/podzol_top_1.png","observed file is placed in the minecraft namespace","observed"
"resource","textures","minecraft:textures/block/podzol_top_2.png","assets/minecraft/textures/block/podzol_top_2.png","observed file is placed in the minecraft namespace","observed"
"resource","textures","minecraft:textures/block/podzol_top_3.png","assets/minecraft/textures/block/podzol_top_3.png","observed file is placed in the minecraft namespace","observed"
"resource","textures","minecraft:textures/block/polished_deepslate.png","assets/minecraft/textures/block/polished_deepslate.png","observed file is placed in the minecraft namespace","observed"
"resource","textures","minecraft:textures/block/polished_deepslate_double_slab.png","assets/minecraft/textures/block/polished_deepslate_double_slab.png","observed file is placed in the minecraft namespace","observed"
"resource","textures","minecraft:textures/block/polished_diorite.png","assets/minecraft/textures/block/polished_diorite.png","observed file is placed in the minecraft namespace","observed"
"resource","textures","minecraft:textures/block/polished_diorite_bricks.png","assets/minecraft/textures/block/polished_diorite_bricks.png","observed file is placed in the minecraft namespace","observed"
"resource","textures","minecraft:textures/block/polished_granite_bricks.png","assets/minecraft/textures/block/polished_granite_bricks.png","observed file is placed in the minecraft namespace","observed"
"resource","textures","minecraft:textures/block/polished_smooth_red_sandstone.png","assets/minecraft/textures/block/polished_smooth_red_sandstone.png","observed file is placed in the minecraft namespace","observed"
"resource","textures","minecraft:textures/block/poppy.png","assets/minecraft/textures/block/poppy.png","observed file is placed in the minecraft namespace","observed"
"resource","textures","minecraft:textures/block/potatoes_stage0.png","assets/minecraft/textures/block/potatoes_stage0.png","observed file is placed in the minecraft namespace","observed"
"resource","textures","minecraft:textures/block/potatoes_stage1.png","assets/minecraft/textures/block/potatoes_stage1.png","observed file is placed in the minecraft namespace","observed"
"resource","textures","minecraft:textures/block/potatoes_stage2.png","assets/minecraft/textures/block/potatoes_stage2.png","observed file is placed in the minecraft namespace","observed"
"resource","textures","minecraft:textures/block/potatoes_stage3.png","assets/minecraft/textures/block/potatoes_stage3.png","observed file is placed in the minecraft namespace","observed"
"resource","textures","minecraft:textures/block/potatoes_stage4.png","assets/minecraft/textures/block/potatoes_stage4.png","observed file is placed in the minecraft namespace","observed"
"resource","textures","minecraft:textures/block/potatoes_stage5.png","assets/minecraft/textures/block/potatoes_stage5.png","observed file is placed in the minecraft namespace","observed"
"resource","textures","minecraft:textures/block/potatoes_stage6.png","assets/minecraft/textures/block/potatoes_stage6.png","observed file is placed in the minecraft namespace","observed"
"resource","textures","minecraft:textures/block/potatoes_stage7.png","assets/minecraft/textures/block/potatoes_stage7.png","observed file is placed in the minecraft namespace","observed"
"resource","textures","minecraft:textures/block/potatoes_stage7_1.png","assets/minecraft/textures/block/potatoes_stage7_1.png","observed file is placed in the minecraft namespace","observed"
"resource","textures","minecraft:textures/block/potatoes_stage7_2.png","assets/minecraft/textures/block/potatoes_stage7_2.png","observed file is placed in the minecraft namespace","observed"
"resource","textures","minecraft:textures/block/potted_allium.png","assets/minecraft/textures/block/potted_allium.png","observed file is placed in the minecraft namespace","observed"
"resource","textures","minecraft:textures/block/powered_rail.png","assets/minecraft/textures/block/powered_rail.png","observed file is placed in the minecraft namespace","observed"
"resource","textures","minecraft:textures/block/powered_rail_on.png","assets/minecraft/textures/block/powered_rail_on.png","observed file is placed in the minecraft namespace","observed"
"resource","textures","minecraft:textures/block/pumpkin_stem.png","assets/minecraft/textures/block/pumpkin_stem.png","observed file is placed in the minecraft namespace","observed"
"resource","textures","minecraft:textures/block/pumpkin_stem_stage0.png","assets/minecraft/textures/block/pumpkin_stem_stage0.png","observed file is placed in the minecraft namespace","observed"
"resource","textures","minecraft:textures/block/pumpkin_stem_stage1.png","assets/minecraft/textures/block/pumpkin_stem_stage1.png","observed file is placed in the minecraft namespace","observed"
"resource","textures","minecraft:textures/block/pumpkin_stem_stage2.png","assets/minecraft/textures/block/pumpkin_stem_stage2.png","observed file is placed in the minecraft namespace","observed"
"resource","textures","minecraft:textures/block/pumpkin_stem_stage3.png","assets/minecraft/textures/block/pumpkin_stem_stage3.png","observed file is placed in the minecraft namespace","observed"
"resource","textures","minecraft:textures/block/pumpkin_stem_stage4.png","assets/minecraft/textures/block/pumpkin_stem_stage4.png","observed file is placed in the minecraft namespace","observed"
"resource","textures","minecraft:textures/block/pumpkin_stem_stage5.png","assets/minecraft/textures/block/pumpkin_stem_stage5.png","observed file is placed in the minecraft namespace","observed"
"resource","textures","minecraft:textures/block/pumpkin_stem_stage6.png","assets/minecraft/textures/block/pumpkin_stem_stage6.png","observed file is placed in the minecraft namespace","observed"
"resource","textures","minecraft:textures/block/pumpkin_stem_stage7.png","assets/minecraft/textures/block/pumpkin_stem_stage7.png","observed file is placed in the minecraft namespace","observed"
"resource","textures","minecraft:textures/block/rail.png","assets/minecraft/textures/block/rail.png","observed file is placed in the minecraft namespace","observed"
"resource","textures","minecraft:textures/block/rail_corner.png","assets/minecraft/textures/block/rail_corner.png","observed file is placed in the minecraft namespace","observed"
"resource","textures","minecraft:textures/block/red_mushroom.png","assets/minecraft/textures/block/red_mushroom.png","observed file is placed in the minecraft namespace","observed"
"resource","textures","minecraft:textures/block/red_mushroom_potted.png","assets/minecraft/textures/block/red_mushroom_potted.png","observed file is placed in the minecraft namespace","observed"
"resource","textures","minecraft:textures/block/red_sand.png","assets/minecraft/textures/block/red_sand.png","observed file is placed in the minecraft namespace","observed"
"resource","textures","minecraft:textures/block/red_sandstone.png","assets/minecraft/textures/block/red_sandstone.png","observed file is placed in the minecraft namespace","observed"
"resource","textures","minecraft:textures/block/red_sandstone_top.png","assets/minecraft/textures/block/red_sandstone_top.png","observed file is placed in the minecraft namespace","observed"
"resource","textures","minecraft:textures/block/red_tulip.png","assets/minecraft/textures/block/red_tulip.png","observed file is placed in the minecraft namespace","observed"
"resource","textures","minecraft:textures/block/redstone_dust_dot.png","assets/minecraft/textures/block/redstone_dust_dot.png","observed file is placed in the minecraft namespace","observed"
"resource","textures","minecraft:textures/block/redstone_dust_line0.png","assets/minecraft/textures/block/redstone_dust_line0.png","observed file is placed in the minecraft namespace","observed"
"resource","textures","minecraft:textures/block/redstone_dust_line1.png","assets/minecraft/textures/block/redstone_dust_line1.png","observed file is placed in the minecraft namespace","observed"
"resource","textures","minecraft:textures/block/redstone_ore.png","assets/minecraft/textures/block/redstone_ore.png","observed file is placed in the minecraft namespace","observed"
"resource","textures","minecraft:textures/block/redstone_torch.png","assets/minecraft/textures/block/redstone_torch.png","observed file is placed in the minecraft namespace","observed"
"resource","textures","minecraft:textures/block/redstone_torch_off.png","assets/minecraft/textures/block/redstone_torch_off.png","observed file is placed in the minecraft namespace","observed"
"resource","textures","minecraft:textures/block/reinforced_deepslate_bottom.png","assets/minecraft/textures/block/reinforced_deepslate_bottom.png","observed file is placed in the minecraft namespace","observed"
"resource","textures","minecraft:textures/block/reinforced_deepslate_side.png","assets/minecraft/textures/block/reinforced_deepslate_side.png","observed file is placed in the minecraft namespace","observed"
"resource","textures","minecraft:textures/block/reinforced_deepslate_top.png","assets/minecraft/textures/block/reinforced_deepslate_top.png","observed file is placed in the minecraft namespace","observed"
"resource","textures","minecraft:textures/block/rooted_dirt.png","assets/minecraft/textures/block/rooted_dirt.png","observed file is placed in the minecraft namespace","observed"
"resource","textures","minecraft:textures/block/rooted_dirt_1.png","assets/minecraft/textures/block/rooted_dirt_1.png","observed file is placed in the minecraft namespace","observed"
"resource","textures","minecraft:textures/block/rose_bush_bottom.png","assets/minecraft/textures/block/rose_bush_bottom.png","observed file is placed in the minecraft namespace","observed"
"resource","textures","minecraft:textures/block/rose_bush_top.png","assets/minecraft/textures/block/rose_bush_top.png","observed file is placed in the minecraft namespace","observed"
"resource","textures","minecraft:textures/block/sand.png","assets/minecraft/textures/block/sand.png","observed file is placed in the minecraft namespace","observed"
"resource","textures","minecraft:textures/block/sandstone.png","assets/minecraft/textures/block/sandstone.png","observed file is placed in the minecraft namespace","observed"
"resource","textures","minecraft:textures/block/sandstone_bottom.png","assets/minecraft/textures/block/sandstone_bottom.png","observed file is placed in the minecraft namespace","observed"
"resource","textures","minecraft:textures/block/sandstone_top.png","assets/minecraft/textures/block/sandstone_top.png","observed file is placed in the minecraft namespace","observed"
"resource","textures","minecraft:textures/block/scaffolding_bottom.png","assets/minecraft/textures/block/scaffolding_bottom.png","observed file is placed in the minecraft namespace","observed"
"resource","textures","minecraft:textures/block/scaffolding_side.png","assets/minecraft/textures/block/scaffolding_side.png","observed file is placed in the minecraft namespace","observed"
"resource","textures","minecraft:textures/block/scaffolding_top.png","assets/minecraft/textures/block/scaffolding_top.png","observed file is placed in the minecraft namespace","observed"
"resource","textures","minecraft:textures/block/short_grass.png","assets/minecraft/textures/block/short_grass.png","observed file is placed in the minecraft namespace","observed"
"resource","textures","minecraft:textures/block/short_grass_1.png","assets/minecraft/textures/block/short_grass_1.png","observed file is placed in the minecraft namespace","observed"
"resource","textures","minecraft:textures/block/short_grass_2.png","assets/minecraft/textures/block/short_grass_2.png","observed file is placed in the minecraft namespace","observed"
"resource","textures","minecraft:textures/block/short_grass_3.png","assets/minecraft/textures/block/short_grass_3.png","observed file is placed in the minecraft namespace","observed"
"resource","textures","minecraft:textures/block/short_grass_4.png","assets/minecraft/textures/block/short_grass_4.png","observed file is placed in the minecraft namespace","observed"
"resource","textures","minecraft:textures/block/short_grass_5.png","assets/minecraft/textures/block/short_grass_5.png","observed file is placed in the minecraft namespace","observed"
"resource","textures","minecraft:textures/block/small_melon_leaves.png","assets/minecraft/textures/block/small_melon_leaves.png","observed file is placed in the minecraft namespace","observed"
"resource","textures","minecraft:textures/block/small_melon_leaves_stage1.png","assets/minecraft/textures/block/small_melon_leaves_stage1.png","observed file is placed in the minecraft namespace","observed"
"resource","textures","minecraft:textures/block/small_melon_leaves_stage2.png","assets/minecraft/textures/block/small_melon_leaves_stage2.png","observed file is placed in the minecraft namespace","observed"
"resource","textures","minecraft:textures/block/small_melon_leaves_stage3.png","assets/minecraft/textures/block/small_melon_leaves_stage3.png","observed file is placed in the minecraft namespace","observed"
"resource","textures","minecraft:textures/block/small_melon_leaves_stage4.png","assets/minecraft/textures/block/small_melon_leaves_stage4.png","observed file is placed in the minecraft namespace","observed"
"resource","textures","minecraft:textures/block/small_melon_leaves_stage5.png","assets/minecraft/textures/block/small_melon_leaves_stage5.png","observed file is placed in the minecraft namespace","observed"
"resource","textures","minecraft:textures/block/small_melon_leaves_stage6.png","assets/minecraft/textures/block/small_melon_leaves_stage6.png","observed file is placed in the minecraft namespace","observed"
"resource","textures","minecraft:textures/block/small_pumpkin_leaves.png","assets/minecraft/textures/block/small_pumpkin_leaves.png","observed file is placed in the minecraft namespace","observed"
"resource","textures","minecraft:textures/block/small_pumpkin_leaves_stage1.png","assets/minecraft/textures/block/small_pumpkin_leaves_stage1.png","observed file is placed in the minecraft namespace","observed"
"resource","textures","minecraft:textures/block/small_pumpkin_leaves_stage2.png","assets/minecraft/textures/block/small_pumpkin_leaves_stage2.png","observed file is placed in the minecraft namespace","observed"
"resource","textures","minecraft:textures/block/small_pumpkin_leaves_stage3.png","assets/minecraft/textures/block/small_pumpkin_leaves_stage3.png","observed file is placed in the minecraft namespace","observed"
"resource","textures","minecraft:textures/block/small_pumpkin_leaves_stage4.png","assets/minecraft/textures/block/small_pumpkin_leaves_stage4.png","observed file is placed in the minecraft namespace","observed"
"resource","textures","minecraft:textures/block/small_pumpkin_leaves_stage5.png","assets/minecraft/textures/block/small_pumpkin_leaves_stage5.png","observed file is placed in the minecraft namespace","observed"
"resource","textures","minecraft:textures/block/small_pumpkin_leaves_stage6.png","assets/minecraft/textures/block/small_pumpkin_leaves_stage6.png","observed file is placed in the minecraft namespace","observed"
"resource","textures","minecraft:textures/block/smoker_bottom.png","assets/minecraft/textures/block/smoker_bottom.png","observed file is placed in the minecraft namespace","observed"
"resource","textures","minecraft:textures/block/smoker_front.png","assets/minecraft/textures/block/smoker_front.png","observed file is placed in the minecraft namespace","observed"
"resource","textures","minecraft:textures/block/smoker_front_on.png","assets/minecraft/textures/block/smoker_front_on.png","observed file is placed in the minecraft namespace","observed"
"resource","textures","minecraft:textures/block/smoker_front_on.png.mcmeta","assets/minecraft/textures/block/smoker_front_on.png.mcmeta","observed file is placed in the minecraft namespace","observed"
"resource","textures","minecraft:textures/block/smoker_side.png","assets/minecraft/textures/block/smoker_side.png","observed file is placed in the minecraft namespace","observed"
"resource","textures","minecraft:textures/block/smoker_top.png","assets/minecraft/textures/block/smoker_top.png","observed file is placed in the minecraft namespace","observed"
"resource","textures","minecraft:textures/block/smooth_quartz.png","assets/minecraft/textures/block/smooth_quartz.png","observed file is placed in the minecraft namespace","observed"
"resource","textures","minecraft:textures/block/smooth_red_sandstone.png","assets/minecraft/textures/block/smooth_red_sandstone.png","observed file is placed in the minecraft namespace","observed"
"resource","textures","minecraft:textures/block/soul_torch.png","assets/minecraft/textures/block/soul_torch.png","observed file is placed in the minecraft namespace","observed"
"resource","textures","minecraft:textures/block/spruce_hanging_sign.png","assets/minecraft/textures/block/spruce_hanging_sign.png","observed file is placed in the minecraft namespace","observed"
"resource","textures","minecraft:textures/block/spruce_leaves.png","assets/minecraft/textures/block/spruce_leaves.png","observed file is placed in the minecraft namespace","observed"
"resource","textures","minecraft:textures/block/spruce_leaves_outer_bottom.png","assets/minecraft/textures/block/spruce_leaves_outer_bottom.png","observed file is placed in the minecraft namespace","observed"
"resource","textures","minecraft:textures/block/spruce_leaves_outer_top.png","assets/minecraft/textures/block/spruce_leaves_outer_top.png","observed file is placed in the minecraft namespace","observed"
"resource","textures","minecraft:textures/block/spruce_log.png","assets/minecraft/textures/block/spruce_log.png","observed file is placed in the minecraft namespace","observed"
"resource","textures","minecraft:textures/block/spruce_log_top.png","assets/minecraft/textures/block/spruce_log_top.png","observed file is placed in the minecraft namespace","observed"
"resource","textures","minecraft:textures/block/spruce_planks.png","assets/minecraft/textures/block/spruce_planks.png","observed file is placed in the minecraft namespace","observed"
"resource","textures","minecraft:textures/block/spruce_planks_vertical.png","assets/minecraft/textures/block/spruce_planks_vertical.png","observed file is placed in the minecraft namespace","observed"
"resource","textures","minecraft:textures/block/spruce_shelf.png","assets/minecraft/textures/block/spruce_shelf.png","observed file is placed in the minecraft namespace","observed"
"resource","textures","minecraft:textures/block/spruce_sign.png","assets/minecraft/textures/block/spruce_sign.png","observed file is placed in the minecraft namespace","observed"
"resource","textures","minecraft:textures/block/stone_bricks_rotated.png","assets/minecraft/textures/block/stone_bricks_rotated.png","observed file is placed in the minecraft namespace","observed"
"resource","textures","minecraft:textures/block/stripped_acacia_log_top.png","assets/minecraft/textures/block/stripped_acacia_log_top.png","observed file is placed in the minecraft namespace","observed"
"resource","textures","minecraft:textures/block/stripped_birch_log.png","assets/minecraft/textures/block/stripped_birch_log.png","observed file is placed in the minecraft namespace","observed"
"resource","textures","minecraft:textures/block/stripped_birch_log_top.png","assets/minecraft/textures/block/stripped_birch_log_top.png","observed file is placed in the minecraft namespace","observed"
"resource","textures","minecraft:textures/block/stripped_cherry_log_top.png","assets/minecraft/textures/block/stripped_cherry_log_top.png","observed file is placed in the minecraft namespace","observed"
"resource","textures","minecraft:textures/block/stripped_crimson_stem_top.png","assets/minecraft/textures/block/stripped_crimson_stem_top.png","observed file is placed in the minecraft namespace","observed"
"resource","textures","minecraft:textures/block/stripped_dark_oak_log.png","assets/minecraft/textures/block/stripped_dark_oak_log.png","observed file is placed in the minecraft namespace","observed"
"resource","textures","minecraft:textures/block/stripped_dark_oak_log_top.png","assets/minecraft/textures/block/stripped_dark_oak_log_top.png","observed file is placed in the minecraft namespace","observed"
"resource","textures","minecraft:textures/block/stripped_jungle_log.png","assets/minecraft/textures/block/stripped_jungle_log.png","observed file is placed in the minecraft namespace","observed"
"resource","textures","minecraft:textures/block/stripped_jungle_log_top.png","assets/minecraft/textures/block/stripped_jungle_log_top.png","observed file is placed in the minecraft namespace","observed"
"resource","textures","minecraft:textures/block/stripped_mangrove_log_top.png","assets/minecraft/textures/block/stripped_mangrove_log_top.png","observed file is placed in the minecraft namespace","observed"
"resource","textures","minecraft:textures/block/stripped_oak_log_top.png","assets/minecraft/textures/block/stripped_oak_log_top.png","observed file is placed in the minecraft namespace","observed"
"resource","textures","minecraft:textures/block/stripped_pale_oak_log_top.png","assets/minecraft/textures/block/stripped_pale_oak_log_top.png","observed file is placed in the minecraft namespace","observed"
"resource","textures","minecraft:textures/block/stripped_spruce_log.png","assets/minecraft/textures/block/stripped_spruce_log.png","observed file is placed in the minecraft namespace","observed"
"resource","textures","minecraft:textures/block/stripped_spruce_log_top.png","assets/minecraft/textures/block/stripped_spruce_log_top.png","observed file is placed in the minecraft namespace","observed"
"resource","textures","minecraft:textures/block/stripped_warped_stem_top.png","assets/minecraft/textures/block/stripped_warped_stem_top.png","observed file is placed in the minecraft namespace","observed"
"resource","textures","minecraft:textures/block/sunflower_back.png","assets/minecraft/textures/block/sunflower_back.png","observed file is placed in the minecraft namespace","observed"
"resource","textures","minecraft:textures/block/sunflower_bottom.png","assets/minecraft/textures/block/sunflower_bottom.png","observed file is placed in the minecraft namespace","observed"
"resource","textures","minecraft:textures/block/sunflower_top.png","assets/minecraft/textures/block/sunflower_top.png","observed file is placed in the minecraft namespace","observed"
"resource","textures","minecraft:textures/block/suspicious_gravel_0.png","assets/minecraft/textures/block/suspicious_gravel_0.png","observed file is placed in the minecraft namespace","observed"
"resource","textures","minecraft:textures/block/suspicious_gravel_1.png","assets/minecraft/textures/block/suspicious_gravel_1.png","observed file is placed in the minecraft namespace","observed"
"resource","textures","minecraft:textures/block/suspicious_gravel_2.png","assets/minecraft/textures/block/suspicious_gravel_2.png","observed file is placed in the minecraft namespace","observed"
"resource","textures","minecraft:textures/block/suspicious_gravel_3.png","assets/minecraft/textures/block/suspicious_gravel_3.png","observed file is placed in the minecraft namespace","observed"
"resource","textures","minecraft:textures/block/suspicious_sand_0.png","assets/minecraft/textures/block/suspicious_sand_0.png","observed file is placed in the minecraft namespace","observed"
"resource","textures","minecraft:textures/block/suspicious_sand_1.png","assets/minecraft/textures/block/suspicious_sand_1.png","observed file is placed in the minecraft namespace","observed"
"resource","textures","minecraft:textures/block/suspicious_sand_2.png","assets/minecraft/textures/block/suspicious_sand_2.png","observed file is placed in the minecraft namespace","observed"
"resource","textures","minecraft:textures/block/suspicious_sand_3.png","assets/minecraft/textures/block/suspicious_sand_3.png","observed file is placed in the minecraft namespace","observed"
"resource","textures","minecraft:textures/block/sweet_berry_bush_stage0.png","assets/minecraft/textures/block/sweet_berry_bush_stage0.png","observed file is placed in the minecraft namespace","observed"
"resource","textures","minecraft:textures/block/sweet_berry_bush_stage1.png","assets/minecraft/textures/block/sweet_berry_bush_stage1.png","observed file is placed in the minecraft namespace","observed"
"resource","textures","minecraft:textures/block/sweet_berry_bush_stage2.png","assets/minecraft/textures/block/sweet_berry_bush_stage2.png","observed file is placed in the minecraft namespace","observed"
"resource","textures","minecraft:textures/block/sweet_berry_bush_stage3.png","assets/minecraft/textures/block/sweet_berry_bush_stage3.png","observed file is placed in the minecraft namespace","observed"
"resource","textures","minecraft:textures/block/target_side.png","assets/minecraft/textures/block/target_side.png","observed file is placed in the minecraft namespace","observed"
"resource","textures","minecraft:textures/block/target_top.png","assets/minecraft/textures/block/target_top.png","observed file is placed in the minecraft namespace","observed"
"resource","textures","minecraft:textures/block/torch.png","assets/minecraft/textures/block/torch.png","observed file is placed in the minecraft namespace","observed"
"resource","textures","minecraft:textures/block/tripwire.png","assets/minecraft/textures/block/tripwire.png","observed file is placed in the minecraft namespace","observed"
"resource","textures","minecraft:textures/block/warding_stone_side.png","assets/minecraft/textures/block/warding_stone_side.png","observed file is placed in the minecraft namespace","observed"
"resource","textures","minecraft:textures/block/warped_hanging_sign.png","assets/minecraft/textures/block/warped_hanging_sign.png","observed file is placed in the minecraft namespace","observed"
"resource","textures","minecraft:textures/block/warped_nylium_side.png","assets/minecraft/textures/block/warped_nylium_side.png","observed file is placed in the minecraft namespace","observed"
"resource","textures","minecraft:textures/block/warped_planks.png","assets/minecraft/textures/block/warped_planks.png","observed file is placed in the minecraft namespace","observed"
"resource","textures","minecraft:textures/block/warped_roots_pot.png","assets/minecraft/textures/block/warped_roots_pot.png","observed file is placed in the minecraft namespace","observed"
"resource","textures","minecraft:textures/block/warped_sign.png","assets/minecraft/textures/block/warped_sign.png","observed file is placed in the minecraft namespace","observed"
"resource","textures","minecraft:textures/block/warped_stem_top.png","assets/minecraft/textures/block/warped_stem_top.png","observed file is placed in the minecraft namespace","observed"
"resource","textures","minecraft:textures/block/weathered_copper_bars.png","assets/minecraft/textures/block/weathered_copper_bars.png","observed file is placed in the minecraft namespace","observed"
"resource","textures","minecraft:textures/block/weathered_copper_bars_side.png","assets/minecraft/textures/block/weathered_copper_bars_side.png","observed file is placed in the minecraft namespace","observed"
"resource","textures","minecraft:textures/block/wheat_stage0.png","assets/minecraft/textures/block/wheat_stage0.png","observed file is placed in the minecraft namespace","observed"
"resource","textures","minecraft:textures/block/wheat_stage1.png","assets/minecraft/textures/block/wheat_stage1.png","observed file is placed in the minecraft namespace","observed"
"resource","textures","minecraft:textures/block/wheat_stage2.png","assets/minecraft/textures/block/wheat_stage2.png","observed file is placed in the minecraft namespace","observed"
"resource","textures","minecraft:textures/block/wheat_stage3.png","assets/minecraft/textures/block/wheat_stage3.png","observed file is placed in the minecraft namespace","observed"
"resource","textures","minecraft:textures/block/wheat_stage4.png","assets/minecraft/textures/block/wheat_stage4.png","observed file is placed in the minecraft namespace","observed"
"resource","textures","minecraft:textures/block/wheat_stage5_bottom.png","assets/minecraft/textures/block/wheat_stage5_bottom.png","observed file is placed in the minecraft namespace","observed"
"resource","textures","minecraft:textures/block/wheat_stage5_top.png","assets/minecraft/textures/block/wheat_stage5_top.png","observed file is placed in the minecraft namespace","observed"
"resource","textures","minecraft:textures/block/wheat_stage6_bottom - Copy.png","assets/minecraft/textures/block/wheat_stage6_bottom - Copy.png","observed file is placed in the minecraft namespace","observed"
"resource","textures","minecraft:textures/block/wheat_stage6_bottom.png","assets/minecraft/textures/block/wheat_stage6_bottom.png","observed file is placed in the minecraft namespace","observed"
"resource","textures","minecraft:textures/block/wheat_stage6_top.png","assets/minecraft/textures/block/wheat_stage6_top.png","observed file is placed in the minecraft namespace","observed"
"resource","textures","minecraft:textures/block/wheat_stage7_bottom.png","assets/minecraft/textures/block/wheat_stage7_bottom.png","observed file is placed in the minecraft namespace","observed"
"resource","textures","minecraft:textures/block/wheat_stage7_top.png","assets/minecraft/textures/block/wheat_stage7_top.png","observed file is placed in the minecraft namespace","observed"
"resource","textures","minecraft:textures/block/wheat_stage7_top1.png","assets/minecraft/textures/block/wheat_stage7_top1.png","observed file is placed in the minecraft namespace","observed"
"resource","textures","minecraft:textures/block/wheat_stage7_top2.png","assets/minecraft/textures/block/wheat_stage7_top2.png","observed file is placed in the minecraft namespace","observed"
"resource","textures","minecraft:textures/block/white_tulip.png","assets/minecraft/textures/block/white_tulip.png","observed file is placed in the minecraft namespace","observed"
"resource","textures","minecraft:textures/colormap/Dry_foliage.png","assets/minecraft/textures/colormap/Dry_foliage.png","observed file is placed in the minecraft namespace","observed"
"resource","textures","minecraft:textures/colormap/FoliageTemplate.png","assets/minecraft/textures/colormap/FoliageTemplate.png","observed file is placed in the minecraft namespace","observed"
"resource","textures","minecraft:textures/colormap/foliage - Copy.png","assets/minecraft/textures/colormap/foliage - Copy.png","observed file is placed in the minecraft namespace","observed"
"resource","textures","minecraft:textures/colormap/foliage.png","assets/minecraft/textures/colormap/foliage.png","observed file is placed in the minecraft namespace","observed"
"resource","textures","minecraft:textures/colormap/grass.png","assets/minecraft/textures/colormap/grass.png","observed file is placed in the minecraft namespace","observed"
"resource","textures","minecraft:textures/colormap/grassTemplate.png","assets/minecraft/textures/colormap/grassTemplate.png","observed file is placed in the minecraft namespace","observed"
"resource","textures","minecraft:textures/entity/banner/ace_pride.png","assets/minecraft/textures/entity/banner/ace_pride.png","observed file is placed in the minecraft namespace","observed"
"resource","textures","minecraft:textures/entity/banner/actup.png","assets/minecraft/textures/entity/banner/actup.png","observed file is placed in the minecraft namespace","observed"
"resource","textures","minecraft:textures/entity/banner/base.png","assets/minecraft/textures/entity/banner/base.png","observed file is placed in the minecraft namespace","observed"
"resource","textures","minecraft:textures/entity/banner/base_high_contrast.png","assets/minecraft/textures/entity/banner/base_high_contrast.png","observed file is placed in the minecraft namespace","observed"
"resource","textures","minecraft:textures/entity/banner/bi_pride.png","assets/minecraft/textures/entity/banner/bi_pride.png","observed file is placed in the minecraft namespace","observed"
"resource","textures","minecraft:textures/entity/banner/classic_pride.png","assets/minecraft/textures/entity/banner/classic_pride.png","observed file is placed in the minecraft namespace","observed"
"resource","textures","minecraft:textures/entity/banner/common_pride.png","assets/minecraft/textures/entity/banner/common_pride.png","observed file is placed in the minecraft namespace","observed"
"resource","textures","minecraft:textures/entity/banner/inclusive_pride.png","assets/minecraft/textures/entity/banner/inclusive_pride.png","observed file is placed in the minecraft namespace","observed"
"resource","textures","minecraft:textures/entity/banner/lesbian_pride.png","assets/minecraft/textures/entity/banner/lesbian_pride.png","observed file is placed in the minecraft namespace","observed"
"resource","textures","minecraft:textures/entity/banner/nb_pride.png","assets/minecraft/textures/entity/banner/nb_pride.png","observed file is placed in the minecraft namespace","observed"
"resource","textures","minecraft:textures/entity/banner/new_pride.png","assets/minecraft/textures/entity/banner/new_pride.png","observed file is placed in the minecraft namespace","observed"
"resource","textures","minecraft:textures/entity/banner/trans_pride.png","assets/minecraft/textures/entity/banner/trans_pride.png","observed file is placed in the minecraft namespace","observed"
"resource","textures","minecraft:textures/entity/bed/black.png","assets/minecraft/textures/entity/bed/black.png","observed file is placed in the minecraft namespace","observed"
"resource","textures","minecraft:textures/entity/bed/blue.png","assets/minecraft/textures/entity/bed/blue.png","observed file is placed in the minecraft namespace","observed"
"resource","textures","minecraft:textures/entity/bed/brown.png","assets/minecraft/textures/entity/bed/brown.png","observed file is placed in the minecraft namespace","observed"
"resource","textures","minecraft:textures/entity/bed/cyan.png","assets/minecraft/textures/entity/bed/cyan.png","observed file is placed in the minecraft namespace","observed"
"resource","textures","minecraft:textures/entity/bed/gray.png","assets/minecraft/textures/entity/bed/gray.png","observed file is placed in the minecraft namespace","observed"
"resource","textures","minecraft:textures/entity/bed/green.png","assets/minecraft/textures/entity/bed/green.png","observed file is placed in the minecraft namespace","observed"
"resource","textures","minecraft:textures/entity/bed/light_blue.png","assets/minecraft/textures/entity/bed/light_blue.png","observed file is placed in the minecraft namespace","observed"
"resource","textures","minecraft:textures/entity/bed/light_gray.png","assets/minecraft/textures/entity/bed/light_gray.png","observed file is placed in the minecraft namespace","observed"
"resource","textures","minecraft:textures/entity/bed/lime.png","assets/minecraft/textures/entity/bed/lime.png","observed file is placed in the minecraft namespace","observed"
"resource","textures","minecraft:textures/entity/bed/magenta.png","assets/minecraft/textures/entity/bed/magenta.png","observed file is placed in the minecraft namespace","observed"
"resource","textures","minecraft:textures/entity/bed/orange.png","assets/minecraft/textures/entity/bed/orange.png","observed file is placed in the minecraft namespace","observed"
"resource","textures","minecraft:textures/entity/bed/pink.png","assets/minecraft/textures/entity/bed/pink.png","observed file is placed in the minecraft namespace","observed"
"resource","textures","minecraft:textures/entity/bed/purple.png","assets/minecraft/textures/entity/bed/purple.png","observed file is placed in the minecraft namespace","observed"
"resource","textures","minecraft:textures/entity/bed/red.png","assets/minecraft/textures/entity/bed/red.png","observed file is placed in the minecraft namespace","observed"
"resource","textures","minecraft:textures/entity/bed/white.png","assets/minecraft/textures/entity/bed/white.png","observed file is placed in the minecraft namespace","observed"
"resource","textures","minecraft:textures/entity/bed/yellow.png","assets/minecraft/textures/entity/bed/yellow.png","observed file is placed in the minecraft namespace","observed"
"resource","textures","minecraft:textures/entity/bell/bell_body.png","assets/minecraft/textures/entity/bell/bell_body.png","observed file is placed in the minecraft namespace","observed"
"resource","textures","minecraft:textures/entity/boat/birch.png","assets/minecraft/textures/entity/boat/birch.png","observed file is placed in the minecraft namespace","observed"
"resource","textures","minecraft:textures/entity/boat/dark_oak.png","assets/minecraft/textures/entity/boat/dark_oak.png","observed file is placed in the minecraft namespace","observed"
"resource","textures","minecraft:textures/entity/boat/jungle.png","assets/minecraft/textures/entity/boat/jungle.png","observed file is placed in the minecraft namespace","observed"
"resource","textures","minecraft:textures/entity/boat/oak.png","assets/minecraft/textures/entity/boat/oak.png","observed file is placed in the minecraft namespace","observed"
"resource","textures","minecraft:textures/entity/boat/spruce.png","assets/minecraft/textures/entity/boat/spruce.png","observed file is placed in the minecraft namespace","observed"
"resource","textures","minecraft:textures/entity/chest/normal.png","assets/minecraft/textures/entity/chest/normal.png","observed file is placed in the minecraft namespace","observed"
"resource","textures","minecraft:textures/entity/chest/normal_left.png","assets/minecraft/textures/entity/chest/normal_left.png","observed file is placed in the minecraft namespace","observed"
"resource","textures","minecraft:textures/entity/chest/normal_right.png","assets/minecraft/textures/entity/chest/normal_right.png","observed file is placed in the minecraft namespace","observed"
"resource","textures","minecraft:textures/entity/chest/trapped.png","assets/minecraft/textures/entity/chest/trapped.png","observed file is placed in the minecraft namespace","observed"
"resource","textures","minecraft:textures/entity/chest/trapped_left.png","assets/minecraft/textures/entity/chest/trapped_left.png","observed file is placed in the minecraft namespace","observed"
"resource","textures","minecraft:textures/entity/chest/trapped_right.png","assets/minecraft/textures/entity/chest/trapped_right.png","observed file is placed in the minecraft namespace","observed"
"resource","textures","minecraft:textures/entity/chicken/chicken_cold.png","assets/minecraft/textures/entity/chicken/chicken_cold.png","observed file is placed in the minecraft namespace","observed"
"resource","textures","minecraft:textures/entity/chicken/chicken_temperate.png","assets/minecraft/textures/entity/chicken/chicken_temperate.png","observed file is placed in the minecraft namespace","observed"
"resource","textures","minecraft:textures/entity/chicken/chicken_warm.png","assets/minecraft/textures/entity/chicken/chicken_warm.png","observed file is placed in the minecraft namespace","observed"
"resource","textures","minecraft:textures/entity/cow/_list.json","assets/minecraft/textures/entity/cow/_list.json","observed file is placed in the minecraft namespace","observed"
"resource","textures","minecraft:textures/entity/cow/brown_mooshroom.png","assets/minecraft/textures/entity/cow/brown_mooshroom.png","observed file is placed in the minecraft namespace","observed"
"resource","textures","minecraft:textures/entity/cow/cow_cold.png","assets/minecraft/textures/entity/cow/cow_cold.png","observed file is placed in the minecraft namespace","observed"
"resource","textures","minecraft:textures/entity/cow/cow_cold_baby.png","assets/minecraft/textures/entity/cow/cow_cold_baby.png","observed file is placed in the minecraft namespace","observed"
"resource","textures","minecraft:textures/entity/cow/cow_temperate.png","assets/minecraft/textures/entity/cow/cow_temperate.png","observed file is placed in the minecraft namespace","observed"
"resource","textures","minecraft:textures/entity/cow/cow_temperate_baby.png","assets/minecraft/textures/entity/cow/cow_temperate_baby.png","observed file is placed in the minecraft namespace","observed"
"resource","textures","minecraft:textures/entity/cow/cow_warm.png","assets/minecraft/textures/entity/cow/cow_warm.png","observed file is placed in the minecraft namespace","observed"
"resource","textures","minecraft:textures/entity/cow/cow_warm_baby.png","assets/minecraft/textures/entity/cow/cow_warm_baby.png","observed file is placed in the minecraft namespace","observed"
"resource","textures","minecraft:textures/entity/cow/red_mooshroom.png","assets/minecraft/textures/entity/cow/red_mooshroom.png","observed file is placed in the minecraft namespace","observed"
"resource","textures","minecraft:textures/entity/cow/red_mushroom.png","assets/minecraft/textures/entity/cow/red_mushroom.png","observed file is placed in the minecraft namespace","observed"
"resource","textures","minecraft:textures/entity/creeper/creeper.png","assets/minecraft/textures/entity/creeper/creeper.png","observed file is placed in the minecraft namespace","observed"
"resource","textures","minecraft:textures/entity/decorated_pot/angler_pottery_pattern.png","assets/minecraft/textures/entity/decorated_pot/angler_pottery_pattern.png","observed file is placed in the minecraft namespace","observed"
"resource","textures","minecraft:textures/entity/decorated_pot/archer_pottery_pattern.png","assets/minecraft/textures/entity/decorated_pot/archer_pottery_pattern.png","observed file is placed in the minecraft namespace","observed"
"resource","textures","minecraft:textures/entity/decorated_pot/arms_up_pottery_pattern.png","assets/minecraft/textures/entity/decorated_pot/arms_up_pottery_pattern.png","observed file is placed in the minecraft namespace","observed"
"resource","textures","minecraft:textures/entity/decorated_pot/blade_pottery_pattern.png","assets/minecraft/textures/entity/decorated_pot/blade_pottery_pattern.png","observed file is placed in the minecraft namespace","observed"
"resource","textures","minecraft:textures/entity/decorated_pot/brewer_pottery_pattern.png","assets/minecraft/textures/entity/decorated_pot/brewer_pottery_pattern.png","observed file is placed in the minecraft namespace","observed"
"resource","textures","minecraft:textures/entity/decorated_pot/burn_pottery_pattern.png","assets/minecraft/textures/entity/decorated_pot/burn_pottery_pattern.png","observed file is placed in the minecraft namespace","observed"
"resource","textures","minecraft:textures/entity/decorated_pot/danger_pottery_pattern.png","assets/minecraft/textures/entity/decorated_pot/danger_pottery_pattern.png","observed file is placed in the minecraft namespace","observed"
"resource","textures","minecraft:textures/entity/decorated_pot/decorated_pot_base.png","assets/minecraft/textures/entity/decorated_pot/decorated_pot_base.png","observed file is placed in the minecraft namespace","observed"
"resource","textures","minecraft:textures/entity/decorated_pot/decorated_pot_side.png","assets/minecraft/textures/entity/decorated_pot/decorated_pot_side.png","observed file is placed in the minecraft namespace","observed"
"resource","textures","minecraft:textures/entity/decorated_pot/explorer_pottery_pattern.png","assets/minecraft/textures/entity/decorated_pot/explorer_pottery_pattern.png","observed file is placed in the minecraft namespace","observed"
"resource","textures","minecraft:textures/entity/decorated_pot/flow_pottery_pattern.png","assets/minecraft/textures/entity/decorated_pot/flow_pottery_pattern.png","observed file is placed in the minecraft namespace","observed"
"resource","textures","minecraft:textures/entity/decorated_pot/friend_pottery_pattern.png","assets/minecraft/textures/entity/decorated_pot/friend_pottery_pattern.png","observed file is placed in the minecraft namespace","observed"
"resource","textures","minecraft:textures/entity/decorated_pot/guster_pottery_pattern.png","assets/minecraft/textures/entity/decorated_pot/guster_pottery_pattern.png","observed file is placed in the minecraft namespace","observed"
"resource","textures","minecraft:textures/entity/decorated_pot/heart_pottery_pattern.png","assets/minecraft/textures/entity/decorated_pot/heart_pottery_pattern.png","observed file is placed in the minecraft namespace","observed"
"resource","textures","minecraft:textures/entity/decorated_pot/heartbreak_pottery_pattern.png","assets/minecraft/textures/entity/decorated_pot/heartbreak_pottery_pattern.png","observed file is placed in the minecraft namespace","observed"
"resource","textures","minecraft:textures/entity/decorated_pot/howl_pottery_pattern.png","assets/minecraft/textures/entity/decorated_pot/howl_pottery_pattern.png","observed file is placed in the minecraft namespace","observed"
"resource","textures","minecraft:textures/entity/decorated_pot/miner_pottery_pattern.png","assets/minecraft/textures/entity/decorated_pot/miner_pottery_pattern.png","observed file is placed in the minecraft namespace","observed"
"resource","textures","minecraft:textures/entity/decorated_pot/mourner_pottery_pattern.png","assets/minecraft/textures/entity/decorated_pot/mourner_pottery_pattern.png","observed file is placed in the minecraft namespace","observed"
"resource","textures","minecraft:textures/entity/decorated_pot/plenty_pottery_pattern.png","assets/minecraft/textures/entity/decorated_pot/plenty_pottery_pattern.png","observed file is placed in the minecraft namespace","observed"
"resource","textures","minecraft:textures/entity/decorated_pot/prize_pottery_pattern.png","assets/minecraft/textures/entity/decorated_pot/prize_pottery_pattern.png","observed file is placed in the minecraft namespace","observed"
"resource","textures","minecraft:textures/entity/decorated_pot/scrape_pottery_pattern.png","assets/minecraft/textures/entity/decorated_pot/scrape_pottery_pattern.png","observed file is placed in the minecraft namespace","observed"
"resource","textures","minecraft:textures/entity/decorated_pot/sheaf_pottery_pattern.png","assets/minecraft/textures/entity/decorated_pot/sheaf_pottery_pattern.png","observed file is placed in the minecraft namespace","observed"
"resource","textures","minecraft:textures/entity/decorated_pot/shelter_pottery_pattern.png","assets/minecraft/textures/entity/decorated_pot/shelter_pottery_pattern.png","observed file is placed in the minecraft namespace","observed"
"resource","textures","minecraft:textures/entity/decorated_pot/skull_pottery_pattern.png","assets/minecraft/textures/entity/decorated_pot/skull_pottery_pattern.png","observed file is placed in the minecraft namespace","observed"
"resource","textures","minecraft:textures/entity/decorated_pot/snort_pottery_pattern.png","assets/minecraft/textures/entity/decorated_pot/snort_pottery_pattern.png","observed file is placed in the minecraft namespace","observed"
"resource","textures","minecraft:textures/entity/equipment/horse_body/diamond.png","assets/minecraft/textures/entity/equipment/horse_body/diamond.png","observed file is placed in the minecraft namespace","observed"
"resource","textures","minecraft:textures/entity/equipment/horse_body/electrum.png","assets/minecraft/textures/entity/equipment/horse_body/electrum.png","observed file is placed in the minecraft namespace","observed"
"resource","textures","minecraft:textures/entity/equipment/humanoid/amber_earrings.png","assets/minecraft/textures/entity/equipment/humanoid/amber_earrings.png","observed file is placed in the minecraft namespace","observed"
"resource","textures","minecraft:textures/entity/equipment/humanoid/bronze.png","assets/minecraft/textures/entity/equipment/humanoid/bronze.png","observed file is placed in the minecraft namespace","observed"
"resource","textures","minecraft:textures/entity/equipment/humanoid/bronze_laurel.png","assets/minecraft/textures/entity/equipment/humanoid/bronze_laurel.png","observed file is placed in the minecraft namespace","observed"
"resource","textures","minecraft:textures/entity/equipment/humanoid/chainmail.png","assets/minecraft/textures/entity/equipment/humanoid/chainmail.png","observed file is placed in the minecraft namespace","observed"
"resource","textures","minecraft:textures/entity/equipment/humanoid/copper.png","assets/minecraft/textures/entity/equipment/humanoid/copper.png","observed file is placed in the minecraft namespace","observed"
"resource","textures","minecraft:textures/entity/equipment/humanoid/diamond.png","assets/minecraft/textures/entity/equipment/humanoid/diamond.png","observed file is placed in the minecraft namespace","observed"
"resource","textures","minecraft:textures/entity/equipment/humanoid/electrum.png","assets/minecraft/textures/entity/equipment/humanoid/electrum.png","observed file is placed in the minecraft namespace","observed"
"resource","textures","minecraft:textures/entity/equipment/humanoid/gold.png","assets/minecraft/textures/entity/equipment/humanoid/gold.png","observed file is placed in the minecraft namespace","observed"
"resource","textures","minecraft:textures/entity/equipment/humanoid/iron.png","assets/minecraft/textures/entity/equipment/humanoid/iron.png","observed file is placed in the minecraft namespace","observed"
"resource","textures","minecraft:textures/entity/equipment/humanoid/leather.png","assets/minecraft/textures/entity/equipment/humanoid/leather.png","observed file is placed in the minecraft namespace","observed"
"resource","textures","minecraft:textures/entity/equipment/humanoid/leather_overlay.png","assets/minecraft/textures/entity/equipment/humanoid/leather_overlay.png","observed file is placed in the minecraft namespace","observed"
"resource","textures","minecraft:textures/entity/equipment/humanoid/netherite - Copy.png","assets/minecraft/textures/entity/equipment/humanoid/netherite - Copy.png","observed file is placed in the minecraft namespace","observed"
"resource","textures","minecraft:textures/entity/equipment/humanoid/netherite.png","assets/minecraft/textures/entity/equipment/humanoid/netherite.png","observed file is placed in the minecraft namespace","observed"
"resource","textures","minecraft:textures/entity/equipment/humanoid/opal_earrings.png","assets/minecraft/textures/entity/equipment/humanoid/opal_earrings.png","observed file is placed in the minecraft namespace","observed"
"resource","textures","minecraft:textures/entity/equipment/humanoid/ruby_circlet.png","assets/minecraft/textures/entity/equipment/humanoid/ruby_circlet.png","observed file is placed in the minecraft namespace","observed"
"resource","textures","minecraft:textures/entity/equipment/humanoid/shakudo.png","assets/minecraft/textures/entity/equipment/humanoid/shakudo.png","observed file is placed in the minecraft namespace","observed"
"resource","textures","minecraft:textures/entity/equipment/humanoid/steel.png","assets/minecraft/textures/entity/equipment/humanoid/steel.png","observed file is placed in the minecraft namespace","observed"
"resource","textures","minecraft:textures/entity/equipment/humanoid/sturdy_leather.png","assets/minecraft/textures/entity/equipment/humanoid/sturdy_leather.png","observed file is placed in the minecraft namespace","observed"
"resource","textures","minecraft:textures/entity/equipment/humanoid/sturdy_leather_overlay.png","assets/minecraft/textures/entity/equipment/humanoid/sturdy_leather_overlay.png","observed file is placed in the minecraft namespace","observed"
"resource","textures","minecraft:textures/entity/equipment/humanoid/topaz_earrings.png","assets/minecraft/textures/entity/equipment/humanoid/topaz_earrings.png","observed file is placed in the minecraft namespace","observed"
"resource","textures","minecraft:textures/entity/equipment/humanoid/vermeil.png","assets/minecraft/textures/entity/equipment/humanoid/vermeil.png","observed file is placed in the minecraft namespace","observed"
"resource","textures","minecraft:textures/entity/equipment/humanoid_baby/chainmail.png","assets/minecraft/textures/entity/equipment/humanoid_baby/chainmail.png","observed file is placed in the minecraft namespace","observed"
"resource","textures","minecraft:textures/entity/equipment/humanoid_baby/copper.png","assets/minecraft/textures/entity/equipment/humanoid_baby/copper.png","observed file is placed in the minecraft namespace","observed"
"resource","textures","minecraft:textures/entity/equipment/humanoid_baby/diamond.png","assets/minecraft/textures/entity/equipment/humanoid_baby/diamond.png","observed file is placed in the minecraft namespace","observed"
"resource","textures","minecraft:textures/entity/equipment/humanoid_baby/gold.png","assets/minecraft/textures/entity/equipment/humanoid_baby/gold.png","observed file is placed in the minecraft namespace","observed"
"resource","textures","minecraft:textures/entity/equipment/humanoid_baby/iron.png","assets/minecraft/textures/entity/equipment/humanoid_baby/iron.png","observed file is placed in the minecraft namespace","observed"
"resource","textures","minecraft:textures/entity/equipment/humanoid_baby/netherite.png","assets/minecraft/textures/entity/equipment/humanoid_baby/netherite.png","observed file is placed in the minecraft namespace","observed"
"resource","textures","minecraft:textures/entity/equipment/humanoid_leggings/bronze.png","assets/minecraft/textures/entity/equipment/humanoid_leggings/bronze.png","observed file is placed in the minecraft namespace","observed"
"resource","textures","minecraft:textures/entity/equipment/humanoid_leggings/chainmail.png","assets/minecraft/textures/entity/equipment/humanoid_leggings/chainmail.png","observed file is placed in the minecraft namespace","observed"
"resource","textures","minecraft:textures/entity/equipment/humanoid_leggings/copper.png","assets/minecraft/textures/entity/equipment/humanoid_leggings/copper.png","observed file is placed in the minecraft namespace","observed"
"resource","textures","minecraft:textures/entity/equipment/humanoid_leggings/diamond.png","assets/minecraft/textures/entity/equipment/humanoid_leggings/diamond.png","observed file is placed in the minecraft namespace","observed"
"resource","textures","minecraft:textures/entity/equipment/humanoid_leggings/electrum.png","assets/minecraft/textures/entity/equipment/humanoid_leggings/electrum.png","observed file is placed in the minecraft namespace","observed"
"resource","textures","minecraft:textures/entity/equipment/humanoid_leggings/gold.png","assets/minecraft/textures/entity/equipment/humanoid_leggings/gold.png","observed file is placed in the minecraft namespace","observed"
"resource","textures","minecraft:textures/entity/equipment/humanoid_leggings/iron.png","assets/minecraft/textures/entity/equipment/humanoid_leggings/iron.png","observed file is placed in the minecraft namespace","observed"
"resource","textures","minecraft:textures/entity/equipment/humanoid_leggings/leather.png","assets/minecraft/textures/entity/equipment/humanoid_leggings/leather.png","observed file is placed in the minecraft namespace","observed"
"resource","textures","minecraft:textures/entity/equipment/humanoid_leggings/leather_overlay.png","assets/minecraft/textures/entity/equipment/humanoid_leggings/leather_overlay.png","observed file is placed in the minecraft namespace","observed"
"resource","textures","minecraft:textures/entity/equipment/humanoid_leggings/netherite.png","assets/minecraft/textures/entity/equipment/humanoid_leggings/netherite.png","observed file is placed in the minecraft namespace","observed"
"resource","textures","minecraft:textures/entity/equipment/humanoid_leggings/shakudo.png","assets/minecraft/textures/entity/equipment/humanoid_leggings/shakudo.png","observed file is placed in the minecraft namespace","observed"
"resource","textures","minecraft:textures/entity/equipment/humanoid_leggings/steel.png","assets/minecraft/textures/entity/equipment/humanoid_leggings/steel.png","observed file is placed in the minecraft namespace","observed"
"resource","textures","minecraft:textures/entity/equipment/humanoid_leggings/sturdy_leather.png","assets/minecraft/textures/entity/equipment/humanoid_leggings/sturdy_leather.png","observed file is placed in the minecraft namespace","observed"
"resource","textures","minecraft:textures/entity/equipment/humanoid_leggings/sturdy_leather_overlay.png","assets/minecraft/textures/entity/equipment/humanoid_leggings/sturdy_leather_overlay.png","observed file is placed in the minecraft namespace","observed"
"resource","textures","minecraft:textures/entity/equipment/wings/bronze_elytra.png","assets/minecraft/textures/entity/equipment/wings/bronze_elytra.png","observed file is placed in the minecraft namespace","observed"
"resource","textures","minecraft:textures/entity/equipment/wings/elytra.png","assets/minecraft/textures/entity/equipment/wings/elytra.png","observed file is placed in the minecraft namespace","observed"
"resource","textures","minecraft:textures/entity/equipment/wings/shakudo_elytra.png","assets/minecraft/textures/entity/equipment/wings/shakudo_elytra.png","observed file is placed in the minecraft namespace","observed"
"resource","textures","minecraft:textures/entity/equipment/wolf_body/armadillo_scute.png","assets/minecraft/textures/entity/equipment/wolf_body/armadillo_scute.png","observed file is placed in the minecraft namespace","observed"
"resource","textures","minecraft:textures/entity/equipment/wolf_body/armadillo_scute_overlay.png","assets/minecraft/textures/entity/equipment/wolf_body/armadillo_scute_overlay.png","observed file is placed in the minecraft namespace","observed"
"resource","textures","minecraft:textures/entity/ghast/happy_ghast.png","assets/minecraft/textures/entity/ghast/happy_ghast.png","observed file is placed in the minecraft namespace","observed"
"resource","textures","minecraft:textures/entity/horse/horse_zombie.png","assets/minecraft/textures/entity/horse/horse_zombie.png","observed file is placed in the minecraft namespace","observed"
"resource","textures","minecraft:textures/entity/horse/horse_zombie_baby.png","assets/minecraft/textures/entity/horse/horse_zombie_baby.png","observed file is placed in the minecraft namespace","observed"
"resource","textures","minecraft:textures/entity/iron_golem/iron_golem.png","assets/minecraft/textures/entity/iron_golem/iron_golem.png","observed file is placed in the minecraft namespace","observed"
"resource","textures","minecraft:textures/entity/iron_golem/iron_golem_crackiness_high.png","assets/minecraft/textures/entity/iron_golem/iron_golem_crackiness_high.png","observed file is placed in the minecraft namespace","observed"
"resource","textures","minecraft:textures/entity/iron_golem/iron_golem_crackiness_low.png","assets/minecraft/textures/entity/iron_golem/iron_golem_crackiness_low.png","observed file is placed in the minecraft namespace","observed"
"resource","textures","minecraft:textures/entity/iron_golem/iron_golem_crackiness_medium.png","assets/minecraft/textures/entity/iron_golem/iron_golem_crackiness_medium.png","observed file is placed in the minecraft namespace","observed"
"resource","textures","minecraft:textures/entity/minecart/minecart.png","assets/minecraft/textures/entity/minecart/minecart.png","observed file is placed in the minecraft namespace","observed"
"resource","textures","minecraft:textures/entity/pig/pig_cold.png","assets/minecraft/textures/entity/pig/pig_cold.png","observed file is placed in the minecraft namespace","observed"
"resource","textures","minecraft:textures/entity/pig/pig_cold_baby.png","assets/minecraft/textures/entity/pig/pig_cold_baby.png","observed file is placed in the minecraft namespace","observed"
"resource","textures","minecraft:textures/entity/pig/pig_temperate.png","assets/minecraft/textures/entity/pig/pig_temperate.png","observed file is placed in the minecraft namespace","observed"
"resource","textures","minecraft:textures/entity/pig/pig_temperate_baby.png","assets/minecraft/textures/entity/pig/pig_temperate_baby.png","observed file is placed in the minecraft namespace","observed"
"resource","textures","minecraft:textures/entity/pig/pig_warm.png","assets/minecraft/textures/entity/pig/pig_warm.png","observed file is placed in the minecraft namespace","observed"
"resource","textures","minecraft:textures/entity/pig/pig_warm_baby.png","assets/minecraft/textures/entity/pig/pig_warm_baby.png","observed file is placed in the minecraft namespace","observed"
"resource","textures","minecraft:textures/entity/player/wide/him.png","assets/minecraft/textures/entity/player/wide/him.png","observed file is placed in the minecraft namespace","observed"
"resource","textures","minecraft:textures/entity/projectiles/arrow.png","assets/minecraft/textures/entity/projectiles/arrow.png","observed file is placed in the minecraft namespace","observed"
"resource","textures","minecraft:textures/entity/rabbit/white.png","assets/minecraft/textures/entity/rabbit/white.png","observed file is placed in the minecraft namespace","observed"
"resource","textures","minecraft:textures/entity/sheep/sheep.png","assets/minecraft/textures/entity/sheep/sheep.png","observed file is placed in the minecraft namespace","observed"
"resource","textures","minecraft:textures/entity/sheep/sheep_baby.png","assets/minecraft/textures/entity/sheep/sheep_baby.png","observed file is placed in the minecraft namespace","observed"
"resource","textures","minecraft:textures/entity/sheep/sheep_wool.png","assets/minecraft/textures/entity/sheep/sheep_wool.png","observed file is placed in the minecraft namespace","observed"
"resource","textures","minecraft:textures/entity/sheep/sheep_wool_baby.png","assets/minecraft/textures/entity/sheep/sheep_wool_baby.png","observed file is placed in the minecraft namespace","observed"
"resource","textures","minecraft:textures/entity/sheep/sheep_wool_undercoat.png","assets/minecraft/textures/entity/sheep/sheep_wool_undercoat.png","observed file is placed in the minecraft namespace","observed"
"resource","textures","minecraft:textures/entity/shulker/shulker.png","assets/minecraft/textures/entity/shulker/shulker.png","observed file is placed in the minecraft namespace","observed"
"resource","textures","minecraft:textures/entity/shulker/shulker_blue.png","assets/minecraft/textures/entity/shulker/shulker_blue.png","observed file is placed in the minecraft namespace","observed"
"resource","textures","minecraft:textures/entity/shulker/shulker_brown.png","assets/minecraft/textures/entity/shulker/shulker_brown.png","observed file is placed in the minecraft namespace","observed"
"resource","textures","minecraft:textures/entity/shulker/shulker_cyan.png","assets/minecraft/textures/entity/shulker/shulker_cyan.png","observed file is placed in the minecraft namespace","observed"
"resource","textures","minecraft:textures/entity/shulker/shulker_gray.png","assets/minecraft/textures/entity/shulker/shulker_gray.png","observed file is placed in the minecraft namespace","observed"
"resource","textures","minecraft:textures/entity/shulker/shulker_green.png","assets/minecraft/textures/entity/shulker/shulker_green.png","observed file is placed in the minecraft namespace","observed"
"resource","textures","minecraft:textures/entity/shulker/shulker_light_blue.png","assets/minecraft/textures/entity/shulker/shulker_light_blue.png","observed file is placed in the minecraft namespace","observed"
"resource","textures","minecraft:textures/entity/shulker/shulker_lime.png","assets/minecraft/textures/entity/shulker/shulker_lime.png","observed file is placed in the minecraft namespace","observed"
"resource","textures","minecraft:textures/entity/shulker/shulker_magenta.png","assets/minecraft/textures/entity/shulker/shulker_magenta.png","observed file is placed in the minecraft namespace","observed"
"resource","textures","minecraft:textures/entity/shulker/shulker_orange.png","assets/minecraft/textures/entity/shulker/shulker_orange.png","observed file is placed in the minecraft namespace","observed"
"resource","textures","minecraft:textures/entity/shulker/shulker_pink.png","assets/minecraft/textures/entity/shulker/shulker_pink.png","observed file is placed in the minecraft namespace","observed"
"resource","textures","minecraft:textures/entity/shulker/shulker_purple.png","assets/minecraft/textures/entity/shulker/shulker_purple.png","observed file is placed in the minecraft namespace","observed"
"resource","textures","minecraft:textures/entity/shulker/shulker_red.png","assets/minecraft/textures/entity/shulker/shulker_red.png","observed file is placed in the minecraft namespace","observed"
"resource","textures","minecraft:textures/entity/shulker/shulker_white.png","assets/minecraft/textures/entity/shulker/shulker_white.png","observed file is placed in the minecraft namespace","observed"
"resource","textures","minecraft:textures/entity/shulker/shulker_yellow.png","assets/minecraft/textures/entity/shulker/shulker_yellow.png","observed file is placed in the minecraft namespace","observed"
"resource","textures","minecraft:textures/entity/shulker/spark.png","assets/minecraft/textures/entity/shulker/spark.png","observed file is placed in the minecraft namespace","observed"
"resource","textures","minecraft:textures/entity/sulfur_cube/sulfur_cube_outer.png","assets/minecraft/textures/entity/sulfur_cube/sulfur_cube_outer.png","observed file is placed in the minecraft namespace","observed"
"resource","textures","minecraft:textures/entity/sulfur_cube/sulfur_cube_outer_small.png","assets/minecraft/textures/entity/sulfur_cube/sulfur_cube_outer_small.png","observed file is placed in the minecraft namespace","observed"
"resource","textures","minecraft:textures/entity/wolf/wolf_ashen_tame.png","assets/minecraft/textures/entity/wolf/wolf_ashen_tame.png","observed file is placed in the minecraft namespace","observed"
"resource","textures","minecraft:textures/entity/wolf/wolf_black_tame.png","assets/minecraft/textures/entity/wolf/wolf_black_tame.png","observed file is placed in the minecraft namespace","observed"
"resource","textures","minecraft:textures/entity/wolf/wolf_chestnut_tame.png","assets/minecraft/textures/entity/wolf/wolf_chestnut_tame.png","observed file is placed in the minecraft namespace","observed"
"resource","textures","minecraft:textures/entity/wolf/wolf_rusty_tame.png","assets/minecraft/textures/entity/wolf/wolf_rusty_tame.png","observed file is placed in the minecraft namespace","observed"
"resource","textures","minecraft:textures/entity/wolf/wolf_snowy_tame.png","assets/minecraft/textures/entity/wolf/wolf_snowy_tame.png","observed file is placed in the minecraft namespace","observed"
"resource","textures","minecraft:textures/entity/wolf/wolf_spotted_tame.png","assets/minecraft/textures/entity/wolf/wolf_spotted_tame.png","observed file is placed in the minecraft namespace","observed"
"resource","textures","minecraft:textures/entity/wolf/wolf_striped_tame.png","assets/minecraft/textures/entity/wolf/wolf_striped_tame.png","observed file is placed in the minecraft namespace","observed"
"resource","textures","minecraft:textures/entity/wolf/wolf_tame.png","assets/minecraft/textures/entity/wolf/wolf_tame.png","observed file is placed in the minecraft namespace","observed"
"resource","textures","minecraft:textures/entity/wolf/wolf_woods_tame.png","assets/minecraft/textures/entity/wolf/wolf_woods_tame.png","observed file is placed in the minecraft namespace","observed"
"resource","textures","minecraft:textures/entity/zombie/drowned.png","assets/minecraft/textures/entity/zombie/drowned.png","observed file is placed in the minecraft namespace","observed"
"resource","textures","minecraft:textures/entity/zombie/drowned_baby.png","assets/minecraft/textures/entity/zombie/drowned_baby.png","observed file is placed in the minecraft namespace","observed"
"resource","textures","minecraft:textures/entity/zombie/drowned_outer_layer.png","assets/minecraft/textures/entity/zombie/drowned_outer_layer.png","observed file is placed in the minecraft namespace","observed"
"resource","textures","minecraft:textures/entity/zombie/drowned_outer_layer_baby.png","assets/minecraft/textures/entity/zombie/drowned_outer_layer_baby.png","observed file is placed in the minecraft namespace","observed"
"resource","textures","minecraft:textures/entity/zombie/husk.png","assets/minecraft/textures/entity/zombie/husk.png","observed file is placed in the minecraft namespace","observed"
"resource","textures","minecraft:textures/entity/zombie/husk_baby.png","assets/minecraft/textures/entity/zombie/husk_baby.png","observed file is placed in the minecraft namespace","observed"
"resource","textures","minecraft:textures/entity/zombie/zombie.png","assets/minecraft/textures/entity/zombie/zombie.png","observed file is placed in the minecraft namespace","observed"
"resource","textures","minecraft:textures/entity/zombie/zombie_baby.png","assets/minecraft/textures/entity/zombie/zombie_baby.png","observed file is placed in the minecraft namespace","observed"
"resource","textures","minecraft:textures/entity/zombie_villager/zombie_villager.png","assets/minecraft/textures/entity/zombie_villager/zombie_villager.png","observed file is placed in the minecraft namespace","observed"
"resource","textures","minecraft:textures/entity/zombie_villager/zombie_villager_baby.png","assets/minecraft/textures/entity/zombie_villager/zombie_villager_baby.png","observed file is placed in the minecraft namespace","observed"
"resource","textures","minecraft:textures/environment/celestial/moon/_list.json","assets/minecraft/textures/environment/celestial/moon/_list.json","observed file is placed in the minecraft namespace","observed"
"resource","textures","minecraft:textures/environment/celestial/moon/first_quarter.png","assets/minecraft/textures/environment/celestial/moon/first_quarter.png","observed file is placed in the minecraft namespace","observed"
"resource","textures","minecraft:textures/environment/celestial/moon/full_moon.png","assets/minecraft/textures/environment/celestial/moon/full_moon.png","observed file is placed in the minecraft namespace","observed"
"resource","textures","minecraft:textures/environment/celestial/moon/new_moon.png","assets/minecraft/textures/environment/celestial/moon/new_moon.png","observed file is placed in the minecraft namespace","observed"
"resource","textures","minecraft:textures/environment/celestial/moon/third_quarter.png","assets/minecraft/textures/environment/celestial/moon/third_quarter.png","observed file is placed in the minecraft namespace","observed"
"resource","textures","minecraft:textures/environment/celestial/moon/waning_crescent.png","assets/minecraft/textures/environment/celestial/moon/waning_crescent.png","observed file is placed in the minecraft namespace","observed"
"resource","textures","minecraft:textures/environment/celestial/moon/waning_gibbous.png","assets/minecraft/textures/environment/celestial/moon/waning_gibbous.png","observed file is placed in the minecraft namespace","observed"
"resource","textures","minecraft:textures/environment/celestial/moon/waxing_crescent.png","assets/minecraft/textures/environment/celestial/moon/waxing_crescent.png","observed file is placed in the minecraft namespace","observed"
"resource","textures","minecraft:textures/environment/celestial/moon/waxing_gibbous.png","assets/minecraft/textures/environment/celestial/moon/waxing_gibbous.png","observed file is placed in the minecraft namespace","observed"
"resource","textures","minecraft:textures/environment/celestial/sun.png","assets/minecraft/textures/environment/celestial/sun.png","observed file is placed in the minecraft namespace","observed"
"resource","textures","minecraft:textures/environment/rain.png","assets/minecraft/textures/environment/rain.png","observed file is placed in the minecraft namespace","observed"
"resource","textures","minecraft:textures/font/custom_emojis.png","assets/minecraft/textures/font/custom_emojis.png","observed file is placed in the minecraft namespace","observed"
"resource","textures","minecraft:textures/font/nonlatin_european.png","assets/minecraft/textures/font/nonlatin_european.png","observed file is placed in the minecraft namespace","observed"
"resource","textures","minecraft:textures/gui/advancements/window.png","assets/minecraft/textures/gui/advancements/window.png","observed file is placed in the minecraft namespace","observed"
"resource","textures","minecraft:textures/gui/container/anvil.png","assets/minecraft/textures/gui/container/anvil.png","observed file is placed in the minecraft namespace","observed"
"resource","textures","minecraft:textures/gui/container/blast_furnace.png","assets/minecraft/textures/gui/container/blast_furnace.png","observed file is placed in the minecraft namespace","observed"
"resource","textures","minecraft:textures/gui/container/brewing_stand.png","assets/minecraft/textures/gui/container/brewing_stand.png","observed file is placed in the minecraft namespace","observed"
"resource","textures","minecraft:textures/gui/container/cartography_table.png","assets/minecraft/textures/gui/container/cartography_table.png","observed file is placed in the minecraft namespace","observed"
"resource","textures","minecraft:textures/gui/container/crafting_table.png","assets/minecraft/textures/gui/container/crafting_table.png","observed file is placed in the minecraft namespace","observed"
"resource","textures","minecraft:textures/gui/container/creative_inventory/tab_inventory.png","assets/minecraft/textures/gui/container/creative_inventory/tab_inventory.png","observed file is placed in the minecraft namespace","observed"
"resource","textures","minecraft:textures/gui/container/creative_inventory/tab_item_search.png","assets/minecraft/textures/gui/container/creative_inventory/tab_item_search.png","observed file is placed in the minecraft namespace","observed"
"resource","textures","minecraft:textures/gui/container/creative_inventory/tab_items.png","assets/minecraft/textures/gui/container/creative_inventory/tab_items.png","observed file is placed in the minecraft namespace","observed"
"resource","textures","minecraft:textures/gui/container/dispenser.png","assets/minecraft/textures/gui/container/dispenser.png","observed file is placed in the minecraft namespace","observed"
"resource","textures","minecraft:textures/gui/container/dropper.png","assets/minecraft/textures/gui/container/dropper.png","observed file is placed in the minecraft namespace","observed"
"resource","textures","minecraft:textures/gui/container/furnace.png","assets/minecraft/textures/gui/container/furnace.png","observed file is placed in the minecraft namespace","observed"
"resource","textures","minecraft:textures/gui/container/generic_54.png","assets/minecraft/textures/gui/container/generic_54.png","observed file is placed in the minecraft namespace","observed"
"resource","textures","minecraft:textures/gui/container/grindstone.png","assets/minecraft/textures/gui/container/grindstone.png","observed file is placed in the minecraft namespace","observed"
"resource","textures","minecraft:textures/gui/container/hopper.png","assets/minecraft/textures/gui/container/hopper.png","observed file is placed in the minecraft namespace","observed"
"resource","textures","minecraft:textures/gui/container/inventory.png","assets/minecraft/textures/gui/container/inventory.png","observed file is placed in the minecraft namespace","observed"
"resource","textures","minecraft:textures/gui/container/loom.png","assets/minecraft/textures/gui/container/loom.png","observed file is placed in the minecraft namespace","observed"
"resource","textures","minecraft:textures/gui/container/shulker_box.png","assets/minecraft/textures/gui/container/shulker_box.png","observed file is placed in the minecraft namespace","observed"
"resource","textures","minecraft:textures/gui/container/smithing.png","assets/minecraft/textures/gui/container/smithing.png","observed file is placed in the minecraft namespace","observed"
"resource","textures","minecraft:textures/gui/container/smoker.png","assets/minecraft/textures/gui/container/smoker.png","observed file is placed in the minecraft namespace","observed"
"resource","textures","minecraft:textures/gui/container/stonecutter.png","assets/minecraft/textures/gui/container/stonecutter.png","observed file is placed in the minecraft namespace","observed"
"resource","textures","minecraft:textures/gui/container/villager.png","assets/minecraft/textures/gui/container/villager.png","observed file is placed in the minecraft namespace","observed"
"resource","textures","minecraft:textures/gui/recipe_book.png","assets/minecraft/textures/gui/recipe_book.png","observed file is placed in the minecraft namespace","observed"
"resource","textures","minecraft:textures/gui/sprites/advancements/_list.json","assets/minecraft/textures/gui/sprites/advancements/_list.json","observed file is placed in the minecraft namespace","observed"
"resource","textures","minecraft:textures/gui/sprites/advancements/box_obtained.png","assets/minecraft/textures/gui/sprites/advancements/box_obtained.png","observed file is placed in the minecraft namespace","observed"
"resource","textures","minecraft:textures/gui/sprites/advancements/box_obtained.png.mcmeta","assets/minecraft/textures/gui/sprites/advancements/box_obtained.png.mcmeta","observed file is placed in the minecraft namespace","observed"
"resource","textures","minecraft:textures/gui/sprites/advancements/box_unobtained.png","assets/minecraft/textures/gui/sprites/advancements/box_unobtained.png","observed file is placed in the minecraft namespace","observed"
"resource","textures","minecraft:textures/gui/sprites/advancements/box_unobtained.png.mcmeta","assets/minecraft/textures/gui/sprites/advancements/box_unobtained.png.mcmeta","observed file is placed in the minecraft namespace","observed"
"resource","textures","minecraft:textures/gui/sprites/advancements/challenge_frame_obtained.png","assets/minecraft/textures/gui/sprites/advancements/challenge_frame_obtained.png","observed file is placed in the minecraft namespace","observed"
"resource","textures","minecraft:textures/gui/sprites/advancements/challenge_frame_unobtained.png","assets/minecraft/textures/gui/sprites/advancements/challenge_frame_unobtained.png","observed file is placed in the minecraft namespace","observed"
"resource","textures","minecraft:textures/gui/sprites/advancements/goal_frame_obtained.png","assets/minecraft/textures/gui/sprites/advancements/goal_frame_obtained.png","observed file is placed in the minecraft namespace","observed"
"resource","textures","minecraft:textures/gui/sprites/advancements/goal_frame_unobtained.png","assets/minecraft/textures/gui/sprites/advancements/goal_frame_unobtained.png","observed file is placed in the minecraft namespace","observed"
"resource","textures","minecraft:textures/gui/sprites/advancements/tab_above_left.png","assets/minecraft/textures/gui/sprites/advancements/tab_above_left.png","observed file is placed in the minecraft namespace","observed"
"resource","textures","minecraft:textures/gui/sprites/advancements/tab_above_left_selected.png","assets/minecraft/textures/gui/sprites/advancements/tab_above_left_selected.png","observed file is placed in the minecraft namespace","observed"
"resource","textures","minecraft:textures/gui/sprites/advancements/tab_above_middle.png","assets/minecraft/textures/gui/sprites/advancements/tab_above_middle.png","observed file is placed in the minecraft namespace","observed"
"resource","textures","minecraft:textures/gui/sprites/advancements/tab_above_middle_selected.png","assets/minecraft/textures/gui/sprites/advancements/tab_above_middle_selected.png","observed file is placed in the minecraft namespace","observed"
"resource","textures","minecraft:textures/gui/sprites/advancements/tab_above_right.png","assets/minecraft/textures/gui/sprites/advancements/tab_above_right.png","observed file is placed in the minecraft namespace","observed"
"resource","textures","minecraft:textures/gui/sprites/advancements/tab_above_right_selected.png","assets/minecraft/textures/gui/sprites/advancements/tab_above_right_selected.png","observed file is placed in the minecraft namespace","observed"
"resource","textures","minecraft:textures/gui/sprites/advancements/tab_below_left.png","assets/minecraft/textures/gui/sprites/advancements/tab_below_left.png","observed file is placed in the minecraft namespace","observed"
"resource","textures","minecraft:textures/gui/sprites/advancements/tab_below_left_selected.png","assets/minecraft/textures/gui/sprites/advancements/tab_below_left_selected.png","observed file is placed in the minecraft namespace","observed"
"resource","textures","minecraft:textures/gui/sprites/advancements/tab_below_middle.png","assets/minecraft/textures/gui/sprites/advancements/tab_below_middle.png","observed file is placed in the minecraft namespace","observed"
"resource","textures","minecraft:textures/gui/sprites/advancements/tab_below_middle_selected.png","assets/minecraft/textures/gui/sprites/advancements/tab_below_middle_selected.png","observed file is placed in the minecraft namespace","observed"
"resource","textures","minecraft:textures/gui/sprites/advancements/tab_below_right.png","assets/minecraft/textures/gui/sprites/advancements/tab_below_right.png","observed file is placed in the minecraft namespace","observed"
"resource","textures","minecraft:textures/gui/sprites/advancements/tab_below_right_selected.png","assets/minecraft/textures/gui/sprites/advancements/tab_below_right_selected.png","observed file is placed in the minecraft namespace","observed"
"resource","textures","minecraft:textures/gui/sprites/advancements/tab_left_bottom.png","assets/minecraft/textures/gui/sprites/advancements/tab_left_bottom.png","observed file is placed in the minecraft namespace","observed"
"resource","textures","minecraft:textures/gui/sprites/advancements/tab_left_bottom_selected.png","assets/minecraft/textures/gui/sprites/advancements/tab_left_bottom_selected.png","observed file is placed in the minecraft namespace","observed"
"resource","textures","minecraft:textures/gui/sprites/advancements/tab_left_middle.png","assets/minecraft/textures/gui/sprites/advancements/tab_left_middle.png","observed file is placed in the minecraft namespace","observed"
"resource","textures","minecraft:textures/gui/sprites/advancements/tab_left_middle_selected.png","assets/minecraft/textures/gui/sprites/advancements/tab_left_middle_selected.png","observed file is placed in the minecraft namespace","observed"
"resource","textures","minecraft:textures/gui/sprites/advancements/tab_left_top.png","assets/minecraft/textures/gui/sprites/advancements/tab_left_top.png","observed file is placed in the minecraft namespace","observed"
"resource","textures","minecraft:textures/gui/sprites/advancements/tab_left_top_selected.png","assets/minecraft/textures/gui/sprites/advancements/tab_left_top_selected.png","observed file is placed in the minecraft namespace","observed"
"resource","textures","minecraft:textures/gui/sprites/advancements/tab_right_bottom.png","assets/minecraft/textures/gui/sprites/advancements/tab_right_bottom.png","observed file is placed in the minecraft namespace","observed"
"resource","textures","minecraft:textures/gui/sprites/advancements/tab_right_bottom_selected.png","assets/minecraft/textures/gui/sprites/advancements/tab_right_bottom_selected.png","observed file is placed in the minecraft namespace","observed"
"resource","textures","minecraft:textures/gui/sprites/advancements/tab_right_middle.png","assets/minecraft/textures/gui/sprites/advancements/tab_right_middle.png","observed file is placed in the minecraft namespace","observed"
"resource","textures","minecraft:textures/gui/sprites/advancements/tab_right_middle_selected.png","assets/minecraft/textures/gui/sprites/advancements/tab_right_middle_selected.png","observed file is placed in the minecraft namespace","observed"
"resource","textures","minecraft:textures/gui/sprites/advancements/tab_right_top.png","assets/minecraft/textures/gui/sprites/advancements/tab_right_top.png","observed file is placed in the minecraft namespace","observed"
"resource","textures","minecraft:textures/gui/sprites/advancements/tab_right_top_selected.png","assets/minecraft/textures/gui/sprites/advancements/tab_right_top_selected.png","observed file is placed in the minecraft namespace","observed"
"resource","textures","minecraft:textures/gui/sprites/advancements/task_frame_obtained.png","assets/minecraft/textures/gui/sprites/advancements/task_frame_obtained.png","observed file is placed in the minecraft namespace","observed"
"resource","textures","minecraft:textures/gui/sprites/advancements/task_frame_unobtained.png","assets/minecraft/textures/gui/sprites/advancements/task_frame_unobtained.png","observed file is placed in the minecraft namespace","observed"
"resource","textures","minecraft:textures/gui/sprites/advancements/title_box.png","assets/minecraft/textures/gui/sprites/advancements/title_box.png","observed file is placed in the minecraft namespace","observed"
"resource","textures","minecraft:textures/gui/sprites/advancements/title_box.png.mcmeta","assets/minecraft/textures/gui/sprites/advancements/title_box.png.mcmeta","observed file is placed in the minecraft namespace","observed"
"resource","textures","minecraft:textures/gui/sprites/container/anvil/error.png","assets/minecraft/textures/gui/sprites/container/anvil/error.png","observed file is placed in the minecraft namespace","observed"
"resource","textures","minecraft:textures/gui/sprites/container/anvil/text_field.png","assets/minecraft/textures/gui/sprites/container/anvil/text_field.png","observed file is placed in the minecraft namespace","observed"
"resource","textures","minecraft:textures/gui/sprites/container/anvil/text_field_disabled.png","assets/minecraft/textures/gui/sprites/container/anvil/text_field_disabled.png","observed file is placed in the minecraft namespace","observed"
"resource","textures","minecraft:textures/gui/sprites/container/blast_furnace/burn_progress.png","assets/minecraft/textures/gui/sprites/container/blast_furnace/burn_progress.png","observed file is placed in the minecraft namespace","observed"
"resource","textures","minecraft:textures/gui/sprites/container/blast_furnace/lit_progress.png","assets/minecraft/textures/gui/sprites/container/blast_furnace/lit_progress.png","observed file is placed in the minecraft namespace","observed"
"resource","textures","minecraft:textures/gui/sprites/container/brewing_stand/brew_progress.png","assets/minecraft/textures/gui/sprites/container/brewing_stand/brew_progress.png","observed file is placed in the minecraft namespace","observed"
"resource","textures","minecraft:textures/gui/sprites/container/brewing_stand/bubbles.png","assets/minecraft/textures/gui/sprites/container/brewing_stand/bubbles.png","observed file is placed in the minecraft namespace","observed"
"resource","textures","minecraft:textures/gui/sprites/container/brewing_stand/fuel_length.png","assets/minecraft/textures/gui/sprites/container/brewing_stand/fuel_length.png","observed file is placed in the minecraft namespace","observed"
"resource","textures","minecraft:textures/gui/sprites/container/creative_inventory/scroller.png","assets/minecraft/textures/gui/sprites/container/creative_inventory/scroller.png","observed file is placed in the minecraft namespace","observed"
"resource","textures","minecraft:textures/gui/sprites/container/creative_inventory/scroller_disabled.png","assets/minecraft/textures/gui/sprites/container/creative_inventory/scroller_disabled.png","observed file is placed in the minecraft namespace","observed"
"resource","textures","minecraft:textures/gui/sprites/container/creative_inventory/tab_bottom_selected_1.png","assets/minecraft/textures/gui/sprites/container/creative_inventory/tab_bottom_selected_1.png","observed file is placed in the minecraft namespace","observed"
"resource","textures","minecraft:textures/gui/sprites/container/creative_inventory/tab_bottom_selected_2.png","assets/minecraft/textures/gui/sprites/container/creative_inventory/tab_bottom_selected_2.png","observed file is placed in the minecraft namespace","observed"
"resource","textures","minecraft:textures/gui/sprites/container/creative_inventory/tab_bottom_selected_3.png","assets/minecraft/textures/gui/sprites/container/creative_inventory/tab_bottom_selected_3.png","observed file is placed in the minecraft namespace","observed"
"resource","textures","minecraft:textures/gui/sprites/container/creative_inventory/tab_bottom_selected_4.png","assets/minecraft/textures/gui/sprites/container/creative_inventory/tab_bottom_selected_4.png","observed file is placed in the minecraft namespace","observed"
"resource","textures","minecraft:textures/gui/sprites/container/creative_inventory/tab_bottom_selected_5.png","assets/minecraft/textures/gui/sprites/container/creative_inventory/tab_bottom_selected_5.png","observed file is placed in the minecraft namespace","observed"
"resource","textures","minecraft:textures/gui/sprites/container/creative_inventory/tab_bottom_selected_6.png","assets/minecraft/textures/gui/sprites/container/creative_inventory/tab_bottom_selected_6.png","observed file is placed in the minecraft namespace","observed"
"resource","textures","minecraft:textures/gui/sprites/container/creative_inventory/tab_bottom_selected_7.png","assets/minecraft/textures/gui/sprites/container/creative_inventory/tab_bottom_selected_7.png","observed file is placed in the minecraft namespace","observed"
"resource","textures","minecraft:textures/gui/sprites/container/creative_inventory/tab_bottom_unselected_1.png","assets/minecraft/textures/gui/sprites/container/creative_inventory/tab_bottom_unselected_1.png","observed file is placed in the minecraft namespace","observed"
"resource","textures","minecraft:textures/gui/sprites/container/creative_inventory/tab_bottom_unselected_2.png","assets/minecraft/textures/gui/sprites/container/creative_inventory/tab_bottom_unselected_2.png","observed file is placed in the minecraft namespace","observed"
"resource","textures","minecraft:textures/gui/sprites/container/creative_inventory/tab_bottom_unselected_3.png","assets/minecraft/textures/gui/sprites/container/creative_inventory/tab_bottom_unselected_3.png","observed file is placed in the minecraft namespace","observed"
"resource","textures","minecraft:textures/gui/sprites/container/creative_inventory/tab_bottom_unselected_4.png","assets/minecraft/textures/gui/sprites/container/creative_inventory/tab_bottom_unselected_4.png","observed file is placed in the minecraft namespace","observed"
"resource","textures","minecraft:textures/gui/sprites/container/creative_inventory/tab_bottom_unselected_5.png","assets/minecraft/textures/gui/sprites/container/creative_inventory/tab_bottom_unselected_5.png","observed file is placed in the minecraft namespace","observed"
"resource","textures","minecraft:textures/gui/sprites/container/creative_inventory/tab_bottom_unselected_6.png","assets/minecraft/textures/gui/sprites/container/creative_inventory/tab_bottom_unselected_6.png","observed file is placed in the minecraft namespace","observed"
"resource","textures","minecraft:textures/gui/sprites/container/creative_inventory/tab_bottom_unselected_7.png","assets/minecraft/textures/gui/sprites/container/creative_inventory/tab_bottom_unselected_7.png","observed file is placed in the minecraft namespace","observed"
"resource","textures","minecraft:textures/gui/sprites/container/creative_inventory/tab_top_selected_1.png","assets/minecraft/textures/gui/sprites/container/creative_inventory/tab_top_selected_1.png","observed file is placed in the minecraft namespace","observed"
"resource","textures","minecraft:textures/gui/sprites/container/creative_inventory/tab_top_selected_2.png","assets/minecraft/textures/gui/sprites/container/creative_inventory/tab_top_selected_2.png","observed file is placed in the minecraft namespace","observed"
"resource","textures","minecraft:textures/gui/sprites/container/creative_inventory/tab_top_selected_3.png","assets/minecraft/textures/gui/sprites/container/creative_inventory/tab_top_selected_3.png","observed file is placed in the minecraft namespace","observed"
"resource","textures","minecraft:textures/gui/sprites/container/creative_inventory/tab_top_selected_4.png","assets/minecraft/textures/gui/sprites/container/creative_inventory/tab_top_selected_4.png","observed file is placed in the minecraft namespace","observed"
"resource","textures","minecraft:textures/gui/sprites/container/creative_inventory/tab_top_selected_5.png","assets/minecraft/textures/gui/sprites/container/creative_inventory/tab_top_selected_5.png","observed file is placed in the minecraft namespace","observed"
"resource","textures","minecraft:textures/gui/sprites/container/creative_inventory/tab_top_selected_6.png","assets/minecraft/textures/gui/sprites/container/creative_inventory/tab_top_selected_6.png","observed file is placed in the minecraft namespace","observed"
"resource","textures","minecraft:textures/gui/sprites/container/creative_inventory/tab_top_selected_7.png","assets/minecraft/textures/gui/sprites/container/creative_inventory/tab_top_selected_7.png","observed file is placed in the minecraft namespace","observed"
"resource","textures","minecraft:textures/gui/sprites/container/creative_inventory/tab_top_unselected_1.png","assets/minecraft/textures/gui/sprites/container/creative_inventory/tab_top_unselected_1.png","observed file is placed in the minecraft namespace","observed"
"resource","textures","minecraft:textures/gui/sprites/container/creative_inventory/tab_top_unselected_2.png","assets/minecraft/textures/gui/sprites/container/creative_inventory/tab_top_unselected_2.png","observed file is placed in the minecraft namespace","observed"
"resource","textures","minecraft:textures/gui/sprites/container/creative_inventory/tab_top_unselected_3.png","assets/minecraft/textures/gui/sprites/container/creative_inventory/tab_top_unselected_3.png","observed file is placed in the minecraft namespace","observed"
"resource","textures","minecraft:textures/gui/sprites/container/creative_inventory/tab_top_unselected_4.png","assets/minecraft/textures/gui/sprites/container/creative_inventory/tab_top_unselected_4.png","observed file is placed in the minecraft namespace","observed"
"resource","textures","minecraft:textures/gui/sprites/container/creative_inventory/tab_top_unselected_5.png","assets/minecraft/textures/gui/sprites/container/creative_inventory/tab_top_unselected_5.png","observed file is placed in the minecraft namespace","observed"
"resource","textures","minecraft:textures/gui/sprites/container/creative_inventory/tab_top_unselected_6.png","assets/minecraft/textures/gui/sprites/container/creative_inventory/tab_top_unselected_6.png","observed file is placed in the minecraft namespace","observed"
"resource","textures","minecraft:textures/gui/sprites/container/creative_inventory/tab_top_unselected_7.png","assets/minecraft/textures/gui/sprites/container/creative_inventory/tab_top_unselected_7.png","observed file is placed in the minecraft namespace","observed"
"resource","textures","minecraft:textures/gui/sprites/container/furnace/burn_progress.png","assets/minecraft/textures/gui/sprites/container/furnace/burn_progress.png","observed file is placed in the minecraft namespace","observed"
"resource","textures","minecraft:textures/gui/sprites/container/furnace/lit_progress.png","assets/minecraft/textures/gui/sprites/container/furnace/lit_progress.png","observed file is placed in the minecraft namespace","observed"
"resource","textures","minecraft:textures/gui/sprites/container/loom/error.png","assets/minecraft/textures/gui/sprites/container/loom/error.png","observed file is placed in the minecraft namespace","observed"
"resource","textures","minecraft:textures/gui/sprites/container/loom/pattern.png","assets/minecraft/textures/gui/sprites/container/loom/pattern.png","observed file is placed in the minecraft namespace","observed"
"resource","textures","minecraft:textures/gui/sprites/container/loom/pattern_highlighted.png","assets/minecraft/textures/gui/sprites/container/loom/pattern_highlighted.png","observed file is placed in the minecraft namespace","observed"
"resource","textures","minecraft:textures/gui/sprites/container/loom/pattern_selected.png","assets/minecraft/textures/gui/sprites/container/loom/pattern_selected.png","observed file is placed in the minecraft namespace","observed"
"resource","textures","minecraft:textures/gui/sprites/container/loom/scroller.png","assets/minecraft/textures/gui/sprites/container/loom/scroller.png","observed file is placed in the minecraft namespace","observed"
"resource","textures","minecraft:textures/gui/sprites/container/loom/scroller_disabled.png","assets/minecraft/textures/gui/sprites/container/loom/scroller_disabled.png","observed file is placed in the minecraft namespace","observed"
"resource","textures","minecraft:textures/gui/sprites/container/slot/amethyst_shard.png","assets/minecraft/textures/gui/sprites/container/slot/amethyst_shard.png","observed file is placed in the minecraft namespace","observed"
"resource","textures","minecraft:textures/gui/sprites/container/slot/axe.png","assets/minecraft/textures/gui/sprites/container/slot/axe.png","observed file is placed in the minecraft namespace","observed"
"resource","textures","minecraft:textures/gui/sprites/container/slot/banner.png","assets/minecraft/textures/gui/sprites/container/slot/banner.png","observed file is placed in the minecraft namespace","observed"
"resource","textures","minecraft:textures/gui/sprites/container/slot/banner_pattern.png","assets/minecraft/textures/gui/sprites/container/slot/banner_pattern.png","observed file is placed in the minecraft namespace","observed"
"resource","textures","minecraft:textures/gui/sprites/container/slot/boots.png","assets/minecraft/textures/gui/sprites/container/slot/boots.png","observed file is placed in the minecraft namespace","observed"
"resource","textures","minecraft:textures/gui/sprites/container/slot/brewing_fuel.png","assets/minecraft/textures/gui/sprites/container/slot/brewing_fuel.png","observed file is placed in the minecraft namespace","observed"
"resource","textures","minecraft:textures/gui/sprites/container/slot/chestplate.png","assets/minecraft/textures/gui/sprites/container/slot/chestplate.png","observed file is placed in the minecraft namespace","observed"
"resource","textures","minecraft:textures/gui/sprites/container/slot/diamond.png","assets/minecraft/textures/gui/sprites/container/slot/diamond.png","observed file is placed in the minecraft namespace","observed"
"resource","textures","minecraft:textures/gui/sprites/container/slot/dye.png","assets/minecraft/textures/gui/sprites/container/slot/dye.png","observed file is placed in the minecraft namespace","observed"
"resource","textures","minecraft:textures/gui/sprites/container/slot/emerald.png","assets/minecraft/textures/gui/sprites/container/slot/emerald.png","observed file is placed in the minecraft namespace","observed"
"resource","textures","minecraft:textures/gui/sprites/container/slot/helmet.png","assets/minecraft/textures/gui/sprites/container/slot/helmet.png","observed file is placed in the minecraft namespace","observed"
"resource","textures","minecraft:textures/gui/sprites/container/slot/hoe.png","assets/minecraft/textures/gui/sprites/container/slot/hoe.png","observed file is placed in the minecraft namespace","observed"
"resource","textures","minecraft:textures/gui/sprites/container/slot/horse_armor.png","assets/minecraft/textures/gui/sprites/container/slot/horse_armor.png","observed file is placed in the minecraft namespace","observed"
"resource","textures","minecraft:textures/gui/sprites/container/slot/ingot.png","assets/minecraft/textures/gui/sprites/container/slot/ingot.png","observed file is placed in the minecraft namespace","observed"
"resource","textures","minecraft:textures/gui/sprites/container/slot/lapis_lazuli.png","assets/minecraft/textures/gui/sprites/container/slot/lapis_lazuli.png","observed file is placed in the minecraft namespace","observed"
"resource","textures","minecraft:textures/gui/sprites/container/slot/leggings.png","assets/minecraft/textures/gui/sprites/container/slot/leggings.png","observed file is placed in the minecraft namespace","observed"
"resource","textures","minecraft:textures/gui/sprites/container/slot/llama_armor.png","assets/minecraft/textures/gui/sprites/container/slot/llama_armor.png","observed file is placed in the minecraft namespace","observed"
"resource","textures","minecraft:textures/gui/sprites/container/slot/pickaxe.png","assets/minecraft/textures/gui/sprites/container/slot/pickaxe.png","observed file is placed in the minecraft namespace","observed"
"resource","textures","minecraft:textures/gui/sprites/container/slot/potion.png","assets/minecraft/textures/gui/sprites/container/slot/potion.png","observed file is placed in the minecraft namespace","observed"
"resource","textures","minecraft:textures/gui/sprites/container/slot/quartz.png","assets/minecraft/textures/gui/sprites/container/slot/quartz.png","observed file is placed in the minecraft namespace","observed"
"resource","textures","minecraft:textures/gui/sprites/container/slot/redstone_dust.png","assets/minecraft/textures/gui/sprites/container/slot/redstone_dust.png","observed file is placed in the minecraft namespace","observed"
"resource","textures","minecraft:textures/gui/sprites/container/slot/saddle.png","assets/minecraft/textures/gui/sprites/container/slot/saddle.png","observed file is placed in the minecraft namespace","observed"
"resource","textures","minecraft:textures/gui/sprites/container/slot/shield.png","assets/minecraft/textures/gui/sprites/container/slot/shield.png","observed file is placed in the minecraft namespace","observed"
"resource","textures","minecraft:textures/gui/sprites/container/slot/shovel.png","assets/minecraft/textures/gui/sprites/container/slot/shovel.png","observed file is placed in the minecraft namespace","observed"
"resource","textures","minecraft:textures/gui/sprites/container/slot/smithing_template_armor_trim.png","assets/minecraft/textures/gui/sprites/container/slot/smithing_template_armor_trim.png","observed file is placed in the minecraft namespace","observed"
"resource","textures","minecraft:textures/gui/sprites/container/slot/smithing_template_netherite_upgrade.png","assets/minecraft/textures/gui/sprites/container/slot/smithing_template_netherite_upgrade.png","observed file is placed in the minecraft namespace","observed"
"resource","textures","minecraft:textures/gui/sprites/container/slot/sword.png","assets/minecraft/textures/gui/sprites/container/slot/sword.png","observed file is placed in the minecraft namespace","observed"
"resource","textures","minecraft:textures/gui/sprites/container/smithing/error.png","assets/minecraft/textures/gui/sprites/container/smithing/error.png","observed file is placed in the minecraft namespace","observed"
"resource","textures","minecraft:textures/gui/sprites/container/smoker/burn_progress.png","assets/minecraft/textures/gui/sprites/container/smoker/burn_progress.png","observed file is placed in the minecraft namespace","observed"
"resource","textures","minecraft:textures/gui/sprites/container/smoker/lit_progress.png","assets/minecraft/textures/gui/sprites/container/smoker/lit_progress.png","observed file is placed in the minecraft namespace","observed"
"resource","textures","minecraft:textures/gui/sprites/container/villager/discount_strikethrough.png","assets/minecraft/textures/gui/sprites/container/villager/discount_strikethrough.png","observed file is placed in the minecraft namespace","observed"
"resource","textures","minecraft:textures/gui/sprites/container/villager/experience_bar_background.png","assets/minecraft/textures/gui/sprites/container/villager/experience_bar_background.png","observed file is placed in the minecraft namespace","observed"
"resource","textures","minecraft:textures/gui/sprites/container/villager/experience_bar_current.png","assets/minecraft/textures/gui/sprites/container/villager/experience_bar_current.png","observed file is placed in the minecraft namespace","observed"
"resource","textures","minecraft:textures/gui/sprites/container/villager/out_of_stock.png","assets/minecraft/textures/gui/sprites/container/villager/out_of_stock.png","observed file is placed in the minecraft namespace","observed"
"resource","textures","minecraft:textures/gui/sprites/container/villager/scroller.png","assets/minecraft/textures/gui/sprites/container/villager/scroller.png","observed file is placed in the minecraft namespace","observed"
"resource","textures","minecraft:textures/gui/sprites/container/villager/scroller_disabled.png","assets/minecraft/textures/gui/sprites/container/villager/scroller_disabled.png","observed file is placed in the minecraft namespace","observed"
"resource","textures","minecraft:textures/gui/sprites/container/villager/trade_arrow.png","assets/minecraft/textures/gui/sprites/container/villager/trade_arrow.png","observed file is placed in the minecraft namespace","observed"
"resource","textures","minecraft:textures/gui/sprites/container/villager/trade_arrow_out_of_stock.png","assets/minecraft/textures/gui/sprites/container/villager/trade_arrow_out_of_stock.png","observed file is placed in the minecraft namespace","observed"
"resource","textures","minecraft:textures/gui/sprites/hud/air.png","assets/minecraft/textures/gui/sprites/hud/air.png","observed file is placed in the minecraft namespace","observed"
"resource","textures","minecraft:textures/gui/sprites/hud/air_bursting.png","assets/minecraft/textures/gui/sprites/hud/air_bursting.png","observed file is placed in the minecraft namespace","observed"
"resource","textures","minecraft:textures/gui/sprites/hud/air_empty.png","assets/minecraft/textures/gui/sprites/hud/air_empty.png","observed file is placed in the minecraft namespace","observed"
"resource","textures","minecraft:textures/gui/sprites/hud/armor_empty.png","assets/minecraft/textures/gui/sprites/hud/armor_empty.png","observed file is placed in the minecraft namespace","observed"
"resource","textures","minecraft:textures/gui/sprites/hud/armor_full.png","assets/minecraft/textures/gui/sprites/hud/armor_full.png","observed file is placed in the minecraft namespace","observed"
"resource","textures","minecraft:textures/gui/sprites/hud/armor_half.png","assets/minecraft/textures/gui/sprites/hud/armor_half.png","observed file is placed in the minecraft namespace","observed"
"resource","textures","minecraft:textures/gui/sprites/hud/crosshair.png","assets/minecraft/textures/gui/sprites/hud/crosshair.png","observed file is placed in the minecraft namespace","observed"
"resource","textures","minecraft:textures/gui/sprites/hud/experience_bar_background.png","assets/minecraft/textures/gui/sprites/hud/experience_bar_background.png","observed file is placed in the minecraft namespace","observed"
"resource","textures","minecraft:textures/gui/sprites/hud/experience_bar_progress.png","assets/minecraft/textures/gui/sprites/hud/experience_bar_progress.png","observed file is placed in the minecraft namespace","observed"
"resource","textures","minecraft:textures/gui/sprites/hud/food_empty.png","assets/minecraft/textures/gui/sprites/hud/food_empty.png","observed file is placed in the minecraft namespace","observed"
"resource","textures","minecraft:textures/gui/sprites/hud/food_empty_hunger.png","assets/minecraft/textures/gui/sprites/hud/food_empty_hunger.png","observed file is placed in the minecraft namespace","observed"
"resource","textures","minecraft:textures/gui/sprites/hud/food_full.png","assets/minecraft/textures/gui/sprites/hud/food_full.png","observed file is placed in the minecraft namespace","observed"
"resource","textures","minecraft:textures/gui/sprites/hud/food_full_hunger.png","assets/minecraft/textures/gui/sprites/hud/food_full_hunger.png","observed file is placed in the minecraft namespace","observed"
"resource","textures","minecraft:textures/gui/sprites/hud/food_half.png","assets/minecraft/textures/gui/sprites/hud/food_half.png","observed file is placed in the minecraft namespace","observed"
"resource","textures","minecraft:textures/gui/sprites/hud/food_half_hunger.png","assets/minecraft/textures/gui/sprites/hud/food_half_hunger.png","observed file is placed in the minecraft namespace","observed"
"resource","textures","minecraft:textures/gui/sprites/hud/heart/absorbing_full.png","assets/minecraft/textures/gui/sprites/hud/heart/absorbing_full.png","observed file is placed in the minecraft namespace","observed"
"resource","textures","minecraft:textures/gui/sprites/hud/heart/absorbing_full_blinking.png","assets/minecraft/textures/gui/sprites/hud/heart/absorbing_full_blinking.png","observed file is placed in the minecraft namespace","observed"
"resource","textures","minecraft:textures/gui/sprites/hud/heart/absorbing_half.png","assets/minecraft/textures/gui/sprites/hud/heart/absorbing_half.png","observed file is placed in the minecraft namespace","observed"
"resource","textures","minecraft:textures/gui/sprites/hud/heart/absorbing_half_blinking.png","assets/minecraft/textures/gui/sprites/hud/heart/absorbing_half_blinking.png","observed file is placed in the minecraft namespace","observed"
"resource","textures","minecraft:textures/gui/sprites/hud/heart/absorbing_hardcore_full.png","assets/minecraft/textures/gui/sprites/hud/heart/absorbing_hardcore_full.png","observed file is placed in the minecraft namespace","observed"
"resource","textures","minecraft:textures/gui/sprites/hud/heart/absorbing_hardcore_full_blinking.png","assets/minecraft/textures/gui/sprites/hud/heart/absorbing_hardcore_full_blinking.png","observed file is placed in the minecraft namespace","observed"
"resource","textures","minecraft:textures/gui/sprites/hud/heart/absorbing_hardcore_half.png","assets/minecraft/textures/gui/sprites/hud/heart/absorbing_hardcore_half.png","observed file is placed in the minecraft namespace","observed"
"resource","textures","minecraft:textures/gui/sprites/hud/heart/absorbing_hardcore_half_blinking.png","assets/minecraft/textures/gui/sprites/hud/heart/absorbing_hardcore_half_blinking.png","observed file is placed in the minecraft namespace","observed"
"resource","textures","minecraft:textures/gui/sprites/hud/heart/container.png","assets/minecraft/textures/gui/sprites/hud/heart/container.png","observed file is placed in the minecraft namespace","observed"
"resource","textures","minecraft:textures/gui/sprites/hud/heart/container_blinking.png","assets/minecraft/textures/gui/sprites/hud/heart/container_blinking.png","observed file is placed in the minecraft namespace","observed"
"resource","textures","minecraft:textures/gui/sprites/hud/heart/frozen_full.png","assets/minecraft/textures/gui/sprites/hud/heart/frozen_full.png","observed file is placed in the minecraft namespace","observed"
"resource","textures","minecraft:textures/gui/sprites/hud/heart/frozen_full_blinking.png","assets/minecraft/textures/gui/sprites/hud/heart/frozen_full_blinking.png","observed file is placed in the minecraft namespace","observed"
"resource","textures","minecraft:textures/gui/sprites/hud/heart/frozen_half.png","assets/minecraft/textures/gui/sprites/hud/heart/frozen_half.png","observed file is placed in the minecraft namespace","observed"
"resource","textures","minecraft:textures/gui/sprites/hud/heart/frozen_half_blinking.png","assets/minecraft/textures/gui/sprites/hud/heart/frozen_half_blinking.png","observed file is placed in the minecraft namespace","observed"
"resource","textures","minecraft:textures/gui/sprites/hud/heart/full.png","assets/minecraft/textures/gui/sprites/hud/heart/full.png","observed file is placed in the minecraft namespace","observed"
"resource","textures","minecraft:textures/gui/sprites/hud/heart/full_blinking.png","assets/minecraft/textures/gui/sprites/hud/heart/full_blinking.png","observed file is placed in the minecraft namespace","observed"
"resource","textures","minecraft:textures/gui/sprites/hud/heart/half.png","assets/minecraft/textures/gui/sprites/hud/heart/half.png","observed file is placed in the minecraft namespace","observed"
"resource","textures","minecraft:textures/gui/sprites/hud/heart/half_blinking.png","assets/minecraft/textures/gui/sprites/hud/heart/half_blinking.png","observed file is placed in the minecraft namespace","observed"
"resource","textures","minecraft:textures/gui/sprites/hud/heart/poisoned_full.png","assets/minecraft/textures/gui/sprites/hud/heart/poisoned_full.png","observed file is placed in the minecraft namespace","observed"
"resource","textures","minecraft:textures/gui/sprites/hud/heart/poisoned_full_blinking.png","assets/minecraft/textures/gui/sprites/hud/heart/poisoned_full_blinking.png","observed file is placed in the minecraft namespace","observed"
"resource","textures","minecraft:textures/gui/sprites/hud/heart/poisoned_half.png","assets/minecraft/textures/gui/sprites/hud/heart/poisoned_half.png","observed file is placed in the minecraft namespace","observed"
"resource","textures","minecraft:textures/gui/sprites/hud/heart/poisoned_half_blinking.png","assets/minecraft/textures/gui/sprites/hud/heart/poisoned_half_blinking.png","observed file is placed in the minecraft namespace","observed"
"resource","textures","minecraft:textures/gui/sprites/hud/heart/vehicle_container.png","assets/minecraft/textures/gui/sprites/hud/heart/vehicle_container.png","observed file is placed in the minecraft namespace","observed"
"resource","textures","minecraft:textures/gui/sprites/hud/heart/vehicle_full.png","assets/minecraft/textures/gui/sprites/hud/heart/vehicle_full.png","observed file is placed in the minecraft namespace","observed"
"resource","textures","minecraft:textures/gui/sprites/hud/heart/vehicle_half.png","assets/minecraft/textures/gui/sprites/hud/heart/vehicle_half.png","observed file is placed in the minecraft namespace","observed"
"resource","textures","minecraft:textures/gui/sprites/hud/heart/withered_full.png","assets/minecraft/textures/gui/sprites/hud/heart/withered_full.png","observed file is placed in the minecraft namespace","observed"
"resource","textures","minecraft:textures/gui/sprites/hud/heart/withered_full_blinking.png","assets/minecraft/textures/gui/sprites/hud/heart/withered_full_blinking.png","observed file is placed in the minecraft namespace","observed"
"resource","textures","minecraft:textures/gui/sprites/hud/heart/withered_half.png","assets/minecraft/textures/gui/sprites/hud/heart/withered_half.png","observed file is placed in the minecraft namespace","observed"
"resource","textures","minecraft:textures/gui/sprites/hud/heart/withered_half_blinking.png","assets/minecraft/textures/gui/sprites/hud/heart/withered_half_blinking.png","observed file is placed in the minecraft namespace","observed"
"resource","textures","minecraft:textures/gui/sprites/hud/hotbar.png","assets/minecraft/textures/gui/sprites/hud/hotbar.png","observed file is placed in the minecraft namespace","observed"
"resource","textures","minecraft:textures/gui/sprites/hud/hotbar_offhand_left.png","assets/minecraft/textures/gui/sprites/hud/hotbar_offhand_left.png","observed file is placed in the minecraft namespace","observed"
"resource","textures","minecraft:textures/gui/sprites/hud/hotbar_offhand_right.png","assets/minecraft/textures/gui/sprites/hud/hotbar_offhand_right.png","observed file is placed in the minecraft namespace","observed"
"resource","textures","minecraft:textures/gui/sprites/hud/hotbar_selection.png","assets/minecraft/textures/gui/sprites/hud/hotbar_selection.png","observed file is placed in the minecraft namespace","observed"
"resource","textures","minecraft:textures/gui/sprites/recipe_book/button.png","assets/minecraft/textures/gui/sprites/recipe_book/button.png","observed file is placed in the minecraft namespace","observed"
"resource","textures","minecraft:textures/gui/sprites/recipe_book/button_highlighted.png","assets/minecraft/textures/gui/sprites/recipe_book/button_highlighted.png","observed file is placed in the minecraft namespace","observed"
"resource","textures","minecraft:textures/gui/sprites/recipe_book/crafting_overlay.png","assets/minecraft/textures/gui/sprites/recipe_book/crafting_overlay.png","observed file is placed in the minecraft namespace","observed"
"resource","textures","minecraft:textures/gui/sprites/recipe_book/crafting_overlay_disabled.png","assets/minecraft/textures/gui/sprites/recipe_book/crafting_overlay_disabled.png","observed file is placed in the minecraft namespace","observed"
"resource","textures","minecraft:textures/gui/sprites/recipe_book/crafting_overlay_disabled_highlighted.png","assets/minecraft/textures/gui/sprites/recipe_book/crafting_overlay_disabled_highlighted.png","observed file is placed in the minecraft namespace","observed"
"resource","textures","minecraft:textures/gui/sprites/recipe_book/crafting_overlay_highlighted.png","assets/minecraft/textures/gui/sprites/recipe_book/crafting_overlay_highlighted.png","observed file is placed in the minecraft namespace","observed"
"resource","textures","minecraft:textures/gui/sprites/recipe_book/filter_disabled.png","assets/minecraft/textures/gui/sprites/recipe_book/filter_disabled.png","observed file is placed in the minecraft namespace","observed"
"resource","textures","minecraft:textures/gui/sprites/recipe_book/filter_disabled_highlighted.png","assets/minecraft/textures/gui/sprites/recipe_book/filter_disabled_highlighted.png","observed file is placed in the minecraft namespace","observed"
"resource","textures","minecraft:textures/gui/sprites/recipe_book/filter_enabled.png","assets/minecraft/textures/gui/sprites/recipe_book/filter_enabled.png","observed file is placed in the minecraft namespace","observed"
"resource","textures","minecraft:textures/gui/sprites/recipe_book/filter_enabled_highlighted.png","assets/minecraft/textures/gui/sprites/recipe_book/filter_enabled_highlighted.png","observed file is placed in the minecraft namespace","observed"
"resource","textures","minecraft:textures/gui/sprites/recipe_book/furnace_filter_disabled.png","assets/minecraft/textures/gui/sprites/recipe_book/furnace_filter_disabled.png","observed file is placed in the minecraft namespace","observed"
"resource","textures","minecraft:textures/gui/sprites/recipe_book/furnace_filter_disabled_highlighted.png","assets/minecraft/textures/gui/sprites/recipe_book/furnace_filter_disabled_highlighted.png","observed file is placed in the minecraft namespace","observed"
"resource","textures","minecraft:textures/gui/sprites/recipe_book/furnace_filter_enabled.png","assets/minecraft/textures/gui/sprites/recipe_book/furnace_filter_enabled.png","observed file is placed in the minecraft namespace","observed"
"resource","textures","minecraft:textures/gui/sprites/recipe_book/furnace_filter_enabled_highlighted.png","assets/minecraft/textures/gui/sprites/recipe_book/furnace_filter_enabled_highlighted.png","observed file is placed in the minecraft namespace","observed"
"resource","textures","minecraft:textures/gui/sprites/recipe_book/furnace_overlay.png","assets/minecraft/textures/gui/sprites/recipe_book/furnace_overlay.png","observed file is placed in the minecraft namespace","observed"
"resource","textures","minecraft:textures/gui/sprites/recipe_book/furnace_overlay_disabled.png","assets/minecraft/textures/gui/sprites/recipe_book/furnace_overlay_disabled.png","observed file is placed in the minecraft namespace","observed"
"resource","textures","minecraft:textures/gui/sprites/recipe_book/furnace_overlay_disabled_highlighted.png","assets/minecraft/textures/gui/sprites/recipe_book/furnace_overlay_disabled_highlighted.png","observed file is placed in the minecraft namespace","observed"
"resource","textures","minecraft:textures/gui/sprites/recipe_book/furnace_overlay_highlighted.png","assets/minecraft/textures/gui/sprites/recipe_book/furnace_overlay_highlighted.png","observed file is placed in the minecraft namespace","observed"
"resource","textures","minecraft:textures/gui/sprites/recipe_book/overlay_recipe.png","assets/minecraft/textures/gui/sprites/recipe_book/overlay_recipe.png","observed file is placed in the minecraft namespace","observed"
"resource","textures","minecraft:textures/gui/sprites/recipe_book/overlay_recipe.png.mcmeta","assets/minecraft/textures/gui/sprites/recipe_book/overlay_recipe.png.mcmeta","observed file is placed in the minecraft namespace","observed"
"resource","textures","minecraft:textures/gui/sprites/recipe_book/page_backward.png","assets/minecraft/textures/gui/sprites/recipe_book/page_backward.png","observed file is placed in the minecraft namespace","observed"
"resource","textures","minecraft:textures/gui/sprites/recipe_book/page_backward_highlighted.png","assets/minecraft/textures/gui/sprites/recipe_book/page_backward_highlighted.png","observed file is placed in the minecraft namespace","observed"
"resource","textures","minecraft:textures/gui/sprites/recipe_book/page_forward.png","assets/minecraft/textures/gui/sprites/recipe_book/page_forward.png","observed file is placed in the minecraft namespace","observed"
"resource","textures","minecraft:textures/gui/sprites/recipe_book/page_forward_highlighted.png","assets/minecraft/textures/gui/sprites/recipe_book/page_forward_highlighted.png","observed file is placed in the minecraft namespace","observed"
"resource","textures","minecraft:textures/gui/sprites/recipe_book/slot_craftable.png","assets/minecraft/textures/gui/sprites/recipe_book/slot_craftable.png","observed file is placed in the minecraft namespace","observed"
"resource","textures","minecraft:textures/gui/sprites/recipe_book/slot_many_craftable.png","assets/minecraft/textures/gui/sprites/recipe_book/slot_many_craftable.png","observed file is placed in the minecraft namespace","observed"
"resource","textures","minecraft:textures/gui/sprites/recipe_book/slot_many_uncraftable.png","assets/minecraft/textures/gui/sprites/recipe_book/slot_many_uncraftable.png","observed file is placed in the minecraft namespace","observed"
"resource","textures","minecraft:textures/gui/sprites/recipe_book/slot_uncraftable.png","assets/minecraft/textures/gui/sprites/recipe_book/slot_uncraftable.png","observed file is placed in the minecraft namespace","observed"
"resource","textures","minecraft:textures/gui/sprites/recipe_book/tab.png","assets/minecraft/textures/gui/sprites/recipe_book/tab.png","observed file is placed in the minecraft namespace","observed"
"resource","textures","minecraft:textures/gui/sprites/recipe_book/tab_selected.png","assets/minecraft/textures/gui/sprites/recipe_book/tab_selected.png","observed file is placed in the minecraft namespace","observed"
"resource","textures","minecraft:textures/gui/sprites/widget/button.png","assets/minecraft/textures/gui/sprites/widget/button.png","observed file is placed in the minecraft namespace","observed"
"resource","textures","minecraft:textures/gui/sprites/widget/button.png.mcmeta","assets/minecraft/textures/gui/sprites/widget/button.png.mcmeta","observed file is placed in the minecraft namespace","observed"
"resource","textures","minecraft:textures/gui/sprites/widget/button_disabled.png","assets/minecraft/textures/gui/sprites/widget/button_disabled.png","observed file is placed in the minecraft namespace","observed"
"resource","textures","minecraft:textures/gui/sprites/widget/button_disabled.png.mcmeta","assets/minecraft/textures/gui/sprites/widget/button_disabled.png.mcmeta","observed file is placed in the minecraft namespace","observed"
"resource","textures","minecraft:textures/gui/sprites/widget/button_highlighted.png","assets/minecraft/textures/gui/sprites/widget/button_highlighted.png","observed file is placed in the minecraft namespace","observed"
"resource","textures","minecraft:textures/gui/sprites/widget/button_highlighted.png.mcmeta","assets/minecraft/textures/gui/sprites/widget/button_highlighted.png.mcmeta","observed file is placed in the minecraft namespace","observed"
"resource","textures","minecraft:textures/gui/sprites/widget/scroller.png.mcmeta","assets/minecraft/textures/gui/sprites/widget/scroller.png.mcmeta","observed file is placed in the minecraft namespace","observed"
"resource","textures","minecraft:textures/gui/sprites/widget/scroller_background.png.mcmeta","assets/minecraft/textures/gui/sprites/widget/scroller_background.png.mcmeta","observed file is placed in the minecraft namespace","observed"
"resource","textures","minecraft:textures/gui/sprites/widget/slider.png","assets/minecraft/textures/gui/sprites/widget/slider.png","observed file is placed in the minecraft namespace","observed"
"resource","textures","minecraft:textures/gui/sprites/widget/slider_handle.png","assets/minecraft/textures/gui/sprites/widget/slider_handle.png","observed file is placed in the minecraft namespace","observed"
"resource","textures","minecraft:textures/gui/sprites/widget/slider_handle_highlighted.png","assets/minecraft/textures/gui/sprites/widget/slider_handle_highlighted.png","observed file is placed in the minecraft namespace","observed"
"resource","textures","minecraft:textures/gui/sprites/widget/slider_handle_highlighted.png.mcmeta","assets/minecraft/textures/gui/sprites/widget/slider_handle_highlighted.png.mcmeta","observed file is placed in the minecraft namespace","observed"
"resource","textures","minecraft:textures/gui/sprites/widget/slider_highlighted.png.mcmeta","assets/minecraft/textures/gui/sprites/widget/slider_highlighted.png.mcmeta","observed file is placed in the minecraft namespace","observed"
"resource","textures","minecraft:textures/gui/title/background/panorama_0.png","assets/minecraft/textures/gui/title/background/panorama_0.png","observed file is placed in the minecraft namespace","observed"
"resource","textures","minecraft:textures/gui/title/background/panorama_1.png","assets/minecraft/textures/gui/title/background/panorama_1.png","observed file is placed in the minecraft namespace","observed"
"resource","textures","minecraft:textures/gui/title/background/panorama_2.png","assets/minecraft/textures/gui/title/background/panorama_2.png","observed file is placed in the minecraft namespace","observed"
"resource","textures","minecraft:textures/gui/title/background/panorama_3.png","assets/minecraft/textures/gui/title/background/panorama_3.png","observed file is placed in the minecraft namespace","observed"
"resource","textures","minecraft:textures/gui/title/background/panorama_4.png","assets/minecraft/textures/gui/title/background/panorama_4.png","observed file is placed in the minecraft namespace","observed"
"resource","textures","minecraft:textures/gui/title/background/panorama_5.png","assets/minecraft/textures/gui/title/background/panorama_5.png","observed file is placed in the minecraft namespace","observed"
"resource","textures","minecraft:textures/gui/title/edition.png","assets/minecraft/textures/gui/title/edition.png","observed file is placed in the minecraft namespace","observed"
"resource","textures","minecraft:textures/gui/title/minceraft.png","assets/minecraft/textures/gui/title/minceraft.png","observed file is placed in the minecraft namespace","observed"
"resource","textures","minecraft:textures/gui/title/minecraft.png","assets/minecraft/textures/gui/title/minecraft.png","observed file is placed in the minecraft namespace","observed"
"resource","textures","minecraft:textures/item/abbey_map.png","assets/minecraft/textures/item/abbey_map.png","observed file is placed in the minecraft namespace","observed"
"resource","textures","minecraft:textures/item/adamant_claymore.png","assets/minecraft/textures/item/adamant_claymore.png","observed file is placed in the minecraft namespace","observed"
"resource","textures","minecraft:textures/item/adamant_dolabra.png","assets/minecraft/textures/item/adamant_dolabra.png","observed file is placed in the minecraft namespace","observed"
"resource","textures","minecraft:textures/item/adamant_mattock.png","assets/minecraft/textures/item/adamant_mattock.png","observed file is placed in the minecraft namespace","observed"
"resource","textures","minecraft:textures/item/alaska_blackfish.png","assets/minecraft/textures/item/alaska_blackfish.png","observed file is placed in the minecraft namespace","observed"
"resource","textures","minecraft:textures/item/allium.png","assets/minecraft/textures/item/allium.png","observed file is placed in the minecraft namespace","observed"
"resource","textures","minecraft:textures/item/amber.png","assets/minecraft/textures/item/amber.png","observed file is placed in the minecraft namespace","observed"
"resource","textures","minecraft:textures/item/amber_earrings.png","assets/minecraft/textures/item/amber_earrings.png","observed file is placed in the minecraft namespace","observed"
"resource","textures","minecraft:textures/item/amnestic.png","assets/minecraft/textures/item/amnestic.png","observed file is placed in the minecraft namespace","observed"
"resource","textures","minecraft:textures/item/amnestic_wrapped.png","assets/minecraft/textures/item/amnestic_wrapped.png","observed file is placed in the minecraft namespace","observed"
"resource","textures","minecraft:textures/item/anchovy.png","assets/minecraft/textures/item/anchovy.png","observed file is placed in the minecraft namespace","observed"
"resource","textures","minecraft:textures/item/apotropaic_arrow.png","assets/minecraft/textures/item/apotropaic_arrow.png","observed file is placed in the minecraft namespace","observed"
"resource","textures","minecraft:textures/item/apple.png","assets/minecraft/textures/item/apple.png","observed file is placed in the minecraft namespace","observed"
"resource","textures","minecraft:textures/item/apple_empanada.png","assets/minecraft/textures/item/apple_empanada.png","observed file is placed in the minecraft namespace","observed"
"resource","textures","minecraft:textures/item/application.png","assets/minecraft/textures/item/application.png","observed file is placed in the minecraft namespace","observed"
"resource","textures","minecraft:textures/item/arapaima.png","assets/minecraft/textures/item/arapaima.png","observed file is placed in the minecraft namespace","observed"
"resource","textures","minecraft:textures/item/archaeologists_brush.png","assets/minecraft/textures/item/archaeologists_brush.png","observed file is placed in the minecraft namespace","observed"
"resource","textures","minecraft:textures/item/armadillo_spawn_egg.png","assets/minecraft/textures/item/armadillo_spawn_egg.png","observed file is placed in the minecraft namespace","observed"
"resource","textures","minecraft:textures/item/armoured_catfish.png","assets/minecraft/textures/item/armoured_catfish.png","observed file is placed in the minecraft namespace","observed"
"resource","textures","minecraft:textures/item/arrow.png","assets/minecraft/textures/item/arrow.png","observed file is placed in the minecraft namespace","observed"
"resource","textures","minecraft:textures/item/avesta.png","assets/minecraft/textures/item/avesta.png","observed file is placed in the minecraft namespace","observed"
"resource","textures","minecraft:textures/item/axolotl.png","assets/minecraft/textures/item/axolotl.png","observed file is placed in the minecraft namespace","observed"
"resource","textures","minecraft:textures/item/axolotl_bucket.png","assets/minecraft/textures/item/axolotl_bucket.png","observed file is placed in the minecraft namespace","observed"
"resource","textures","minecraft:textures/item/azure_bluet.png","assets/minecraft/textures/item/azure_bluet.png","observed file is placed in the minecraft namespace","observed"
"resource","textures","minecraft:textures/item/baked_apple.png","assets/minecraft/textures/item/baked_apple.png","observed file is placed in the minecraft namespace","observed"
"resource","textures","minecraft:textures/item/baked_golden_apple.png","assets/minecraft/textures/item/baked_golden_apple.png","observed file is placed in the minecraft namespace","observed"
"resource","textures","minecraft:textures/item/baked_potato.png","assets/minecraft/textures/item/baked_potato.png","observed file is placed in the minecraft namespace","observed"
"resource","textures","minecraft:textures/item/bass.png","assets/minecraft/textures/item/bass.png","observed file is placed in the minecraft namespace","observed"
"resource","textures","minecraft:textures/item/beacon_kindling.png","assets/minecraft/textures/item/beacon_kindling.png","observed file is placed in the minecraft namespace","observed"
"resource","textures","minecraft:textures/item/beetroot.png","assets/minecraft/textures/item/beetroot.png","observed file is placed in the minecraft namespace","observed"
"resource","textures","minecraft:textures/item/beetroot_seeds.png","assets/minecraft/textures/item/beetroot_seeds.png","observed file is placed in the minecraft namespace","observed"
"resource","textures","minecraft:textures/item/beetroot_soup.png","assets/minecraft/textures/item/beetroot_soup.png","observed file is placed in the minecraft namespace","observed"
"resource","textures","minecraft:textures/item/bell.png","assets/minecraft/textures/item/bell.png","observed file is placed in the minecraft namespace","observed"
"resource","textures","minecraft:textures/item/benzene.png","assets/minecraft/textures/item/benzene.png","observed file is placed in the minecraft namespace","observed"
"resource","textures","minecraft:textures/item/big_placeholder_fish.png","assets/minecraft/textures/item/big_placeholder_fish.png","observed file is placed in the minecraft namespace","observed"
"resource","textures","minecraft:textures/item/binding_candle.png","assets/minecraft/textures/item/binding_candle.png","observed file is placed in the minecraft namespace","observed"
"resource","textures","minecraft:textures/item/black_seabass.png","assets/minecraft/textures/item/black_seabass.png","observed file is placed in the minecraft namespace","observed"
"resource","textures","minecraft:textures/item/blaze_powder.png","assets/minecraft/textures/item/blaze_powder.png","observed file is placed in the minecraft namespace","observed"
"resource","textures","minecraft:textures/item/blaze_rod.png","assets/minecraft/textures/item/blaze_rod.png","observed file is placed in the minecraft namespace","observed"
"resource","textures","minecraft:textures/item/blessing_aeolus.png","assets/minecraft/textures/item/blessing_aeolus.png","observed file is placed in the minecraft namespace","observed"
"resource","textures","minecraft:textures/item/blessing_apollo.png","assets/minecraft/textures/item/blessing_apollo.png","observed file is placed in the minecraft namespace","observed"
"resource","textures","minecraft:textures/item/blessing_arachnae.png","assets/minecraft/textures/item/blessing_arachnae.png","observed file is placed in the minecraft namespace","observed"
"resource","textures","minecraft:textures/item/blessing_ares.png","assets/minecraft/textures/item/blessing_ares.png","observed file is placed in the minecraft namespace","observed"
"resource","textures","minecraft:textures/item/blessing_artemis.png","assets/minecraft/textures/item/blessing_artemis.png","observed file is placed in the minecraft namespace","observed"
"resource","textures","minecraft:textures/item/blessing_clement.png","assets/minecraft/textures/item/blessing_clement.png","observed file is placed in the minecraft namespace","observed"
"resource","textures","minecraft:textures/item/blessing_cronus.png","assets/minecraft/textures/item/blessing_cronus.png","observed file is placed in the minecraft namespace","observed"
"resource","textures","minecraft:textures/item/blessing_daedalus.png","assets/minecraft/textures/item/blessing_daedalus.png","observed file is placed in the minecraft namespace","observed"
"resource","textures","minecraft:textures/item/blessing_demeter.png","assets/minecraft/textures/item/blessing_demeter.png","observed file is placed in the minecraft namespace","observed"
"resource","textures","minecraft:textures/item/blessing_eros.png","assets/minecraft/textures/item/blessing_eros.png","observed file is placed in the minecraft namespace","observed"
"resource","textures","minecraft:textures/item/blessing_glaucus.png","assets/minecraft/textures/item/blessing_glaucus.png","observed file is placed in the minecraft namespace","observed"
"resource","textures","minecraft:textures/item/blessing_god_king.png","assets/minecraft/textures/item/blessing_god_king.png","observed file is placed in the minecraft namespace","observed"
"resource","textures","minecraft:textures/item/blessing_hyacinthus.png","assets/minecraft/textures/item/blessing_hyacinthus.png","observed file is placed in the minecraft namespace","observed"
"resource","textures","minecraft:textures/item/blessing_icarus.png","assets/minecraft/textures/item/blessing_icarus.png","observed file is placed in the minecraft namespace","observed"
"resource","textures","minecraft:textures/item/blessing_lu_ban.png","assets/minecraft/textures/item/blessing_lu_ban.png","observed file is placed in the minecraft namespace","observed"
"resource","textures","minecraft:textures/item/blessing_paris.png","assets/minecraft/textures/item/blessing_paris.png","observed file is placed in the minecraft namespace","observed"
"resource","textures","minecraft:textures/item/blessing_prometheus.png","assets/minecraft/textures/item/blessing_prometheus.png","observed file is placed in the minecraft namespace","observed"
"resource","textures","minecraft:textures/item/blessing_talos.png","assets/minecraft/textures/item/blessing_talos.png","observed file is placed in the minecraft namespace","observed"
"resource","textures","minecraft:textures/item/blessing_warding.png","assets/minecraft/textures/item/blessing_warding.png","observed file is placed in the minecraft namespace","observed"
"resource","textures","minecraft:textures/item/blessing_will.png","assets/minecraft/textures/item/blessing_will.png","observed file is placed in the minecraft namespace","observed"
"resource","textures","minecraft:textures/item/blessing_yama.png","assets/minecraft/textures/item/blessing_yama.png","observed file is placed in the minecraft namespace","observed"
"resource","textures","minecraft:textures/item/blessing_yamm.png","assets/minecraft/textures/item/blessing_yamm.png","observed file is placed in the minecraft namespace","observed"
"resource","textures","minecraft:textures/item/bloodrage_hatchet.png","assets/minecraft/textures/item/bloodrage_hatchet.png","observed file is placed in the minecraft namespace","observed"
"resource","textures","minecraft:textures/item/blue_egg.png","assets/minecraft/textures/item/blue_egg.png","observed file is placed in the minecraft namespace","observed"
"resource","textures","minecraft:textures/item/blue_orchid.png","assets/minecraft/textures/item/blue_orchid.png","observed file is placed in the minecraft namespace","observed"
"resource","textures","minecraft:textures/item/bluegill.png","assets/minecraft/textures/item/bluegill.png","observed file is placed in the minecraft namespace","observed"
"resource","textures","minecraft:textures/item/bokguk.png","assets/minecraft/textures/item/bokguk.png","observed file is placed in the minecraft namespace","observed"
"resource","textures","minecraft:textures/item/book.png","assets/minecraft/textures/item/book.png","observed file is placed in the minecraft namespace","observed"
"resource","textures","minecraft:textures/item/bow.png","assets/minecraft/textures/item/bow.png","observed file is placed in the minecraft namespace","observed"
"resource","textures","minecraft:textures/item/bow_pulling_0.png","assets/minecraft/textures/item/bow_pulling_0.png","observed file is placed in the minecraft namespace","observed"
"resource","textures","minecraft:textures/item/bow_pulling_1.png","assets/minecraft/textures/item/bow_pulling_1.png","observed file is placed in the minecraft namespace","observed"
"resource","textures","minecraft:textures/item/bow_pulling_2.png","assets/minecraft/textures/item/bow_pulling_2.png","observed file is placed in the minecraft namespace","observed"
"resource","textures","minecraft:textures/item/bowl.png","assets/minecraft/textures/item/bowl.png","observed file is placed in the minecraft namespace","observed"
"resource","textures","minecraft:textures/item/braised_brown_mushroom.png","assets/minecraft/textures/item/braised_brown_mushroom.png","observed file is placed in the minecraft namespace","observed"
"resource","textures","minecraft:textures/item/braised_crimson_fungus.png","assets/minecraft/textures/item/braised_crimson_fungus.png","observed file is placed in the minecraft namespace","observed"
"resource","textures","minecraft:textures/item/braised_red_mushroom.png","assets/minecraft/textures/item/braised_red_mushroom.png","observed file is placed in the minecraft namespace","observed"
"resource","textures","minecraft:textures/item/braised_warped_fungus.png","assets/minecraft/textures/item/braised_warped_fungus.png","observed file is placed in the minecraft namespace","observed"
"resource","textures","minecraft:textures/item/bread.png","assets/minecraft/textures/item/bread.png","observed file is placed in the minecraft namespace","observed"
"resource","textures","minecraft:textures/item/broken_iron_axe.png","assets/minecraft/textures/item/broken_iron_axe.png","observed file is placed in the minecraft namespace","observed"
"resource","textures","minecraft:textures/item/broken_iron_sword.png","assets/minecraft/textures/item/broken_iron_sword.png","observed file is placed in the minecraft namespace","observed"
"resource","textures","minecraft:textures/item/bronze_axe.png","assets/minecraft/textures/item/bronze_axe.png","observed file is placed in the minecraft namespace","observed"
"resource","textures","minecraft:textures/item/bronze_boots.png","assets/minecraft/textures/item/bronze_boots.png","observed file is placed in the minecraft namespace","observed"
"resource","textures","minecraft:textures/item/bronze_chestplate.png","assets/minecraft/textures/item/bronze_chestplate.png","observed file is placed in the minecraft namespace","observed"
"resource","textures","minecraft:textures/item/bronze_dolabra.png","assets/minecraft/textures/item/bronze_dolabra.png","observed file is placed in the minecraft namespace","observed"
"resource","textures","minecraft:textures/item/bronze_elytra.png","assets/minecraft/textures/item/bronze_elytra.png","observed file is placed in the minecraft namespace","observed"
"resource","textures","minecraft:textures/item/bronze_elytra_broken.png","assets/minecraft/textures/item/bronze_elytra_broken.png","observed file is placed in the minecraft namespace","observed"
"resource","textures","minecraft:textures/item/bronze_helmet.png","assets/minecraft/textures/item/bronze_helmet.png","observed file is placed in the minecraft namespace","observed"
"resource","textures","minecraft:textures/item/bronze_hoe.png","assets/minecraft/textures/item/bronze_hoe.png","observed file is placed in the minecraft namespace","observed"
"resource","textures","minecraft:textures/item/bronze_laurel.png","assets/minecraft/textures/item/bronze_laurel.png","observed file is placed in the minecraft namespace","observed"
"resource","textures","minecraft:textures/item/bronze_leggings.png","assets/minecraft/textures/item/bronze_leggings.png","observed file is placed in the minecraft namespace","observed"
"resource","textures","minecraft:textures/item/bronze_mattock.png","assets/minecraft/textures/item/bronze_mattock.png","observed file is placed in the minecraft namespace","observed"
"resource","textures","minecraft:textures/item/bronze_pickaxe.png","assets/minecraft/textures/item/bronze_pickaxe.png","observed file is placed in the minecraft namespace","observed"
"resource","textures","minecraft:textures/item/bronze_shears.png","assets/minecraft/textures/item/bronze_shears.png","observed file is placed in the minecraft namespace","observed"
"resource","textures","minecraft:textures/item/bronze_shovel.png","assets/minecraft/textures/item/bronze_shovel.png","observed file is placed in the minecraft namespace","observed"
"resource","textures","minecraft:textures/item/bronze_spear.png","assets/minecraft/textures/item/bronze_spear.png","observed file is placed in the minecraft namespace","observed"
"resource","textures","minecraft:textures/item/bronze_spear_in_hand.png","assets/minecraft/textures/item/bronze_spear_in_hand.png","observed file is placed in the minecraft namespace","observed"
"resource","textures","minecraft:textures/item/bronze_sword.png","assets/minecraft/textures/item/bronze_sword.png","observed file is placed in the minecraft namespace","observed"
"resource","textures","minecraft:textures/item/brown_egg.png","assets/minecraft/textures/item/brown_egg.png","observed file is placed in the minecraft namespace","observed"
"resource","textures","minecraft:textures/item/brown_mushroom.png","assets/minecraft/textures/item/brown_mushroom.png","observed file is placed in the minecraft namespace","observed"
"resource","textures","minecraft:textures/item/brownie.png","assets/minecraft/textures/item/brownie.png","observed file is placed in the minecraft namespace","observed"
"resource","textures","minecraft:textures/item/bruschetta.png","assets/minecraft/textures/item/bruschetta.png","observed file is placed in the minecraft namespace","observed"
"resource","textures","minecraft:textures/item/bucket.png","assets/minecraft/textures/item/bucket.png","observed file is placed in the minecraft namespace","observed"
"resource","textures","minecraft:textures/item/bujurqui.png","assets/minecraft/textures/item/bujurqui.png","observed file is placed in the minecraft namespace","observed"
"resource","textures","minecraft:textures/item/butcher_knife.png","assets/minecraft/textures/item/butcher_knife.png","observed file is placed in the minecraft namespace","observed"
"resource","textures","minecraft:textures/item/campfire.png","assets/minecraft/textures/item/campfire.png","observed file is placed in the minecraft namespace","observed"
"resource","textures","minecraft:textures/item/canned_apples.png","assets/minecraft/textures/item/canned_apples.png","observed file is placed in the minecraft namespace","observed"
"resource","textures","minecraft:textures/item/canned_golden_apples.png","assets/minecraft/textures/item/canned_golden_apples.png","observed file is placed in the minecraft namespace","observed"
"resource","textures","minecraft:textures/item/carbon_rich_iron.png","assets/minecraft/textures/item/carbon_rich_iron.png","observed file is placed in the minecraft namespace","observed"
"resource","textures","minecraft:textures/item/carp.png","assets/minecraft/textures/item/carp.png","observed file is placed in the minecraft namespace","observed"
"resource","textures","minecraft:textures/item/carrot.png","assets/minecraft/textures/item/carrot.png","observed file is placed in the minecraft namespace","observed"
"resource","textures","minecraft:textures/item/carrot_cupcake.png","assets/minecraft/textures/item/carrot_cupcake.png","observed file is placed in the minecraft namespace","observed"
"resource","textures","minecraft:textures/item/catfish.png","assets/minecraft/textures/item/catfish.png","observed file is placed in the minecraft namespace","observed"
"resource","textures","minecraft:textures/item/chainmail_boots.png","assets/minecraft/textures/item/chainmail_boots.png","observed file is placed in the minecraft namespace","observed"
"resource","textures","minecraft:textures/item/chainmail_chestplate.png","assets/minecraft/textures/item/chainmail_chestplate.png","observed file is placed in the minecraft namespace","observed"
"resource","textures","minecraft:textures/item/chainmail_helmet.png","assets/minecraft/textures/item/chainmail_helmet.png","observed file is placed in the minecraft namespace","observed"
"resource","textures","minecraft:textures/item/chainmail_leggings.png","assets/minecraft/textures/item/chainmail_leggings.png","observed file is placed in the minecraft namespace","observed"
"resource","textures","minecraft:textures/item/char.png","assets/minecraft/textures/item/char.png","observed file is placed in the minecraft namespace","observed"
"resource","textures","minecraft:textures/item/charred_fish.png","assets/minecraft/textures/item/charred_fish.png","observed file is placed in the minecraft namespace","observed"
"resource","textures","minecraft:textures/item/charred_meat.png","assets/minecraft/textures/item/charred_meat.png","observed file is placed in the minecraft namespace","observed"
"resource","textures","minecraft:textures/item/charred_potato.png","assets/minecraft/textures/item/charred_potato.png","observed file is placed in the minecraft namespace","observed"
"resource","textures","minecraft:textures/item/cheerful_clay_statue.png","assets/minecraft/textures/item/cheerful_clay_statue.png","observed file is placed in the minecraft namespace","observed"
"resource","textures","minecraft:textures/item/cheese_pizza.png","assets/minecraft/textures/item/cheese_pizza.png","observed file is placed in the minecraft namespace","observed"
"resource","textures","minecraft:textures/item/chest_minecart.png","assets/minecraft/textures/item/chest_minecart.png","observed file is placed in the minecraft namespace","observed"
"resource","textures","minecraft:textures/item/chocolate.png","assets/minecraft/textures/item/chocolate.png","observed file is placed in the minecraft namespace","observed"
"resource","textures","minecraft:textures/item/chocolate_chip_cookie.png","assets/minecraft/textures/item/chocolate_chip_cookie.png","observed file is placed in the minecraft namespace","observed"
"resource","textures","minecraft:textures/item/chorus_mochi.png","assets/minecraft/textures/item/chorus_mochi.png","observed file is placed in the minecraft namespace","observed"
"resource","textures","minecraft:textures/item/chorus_mochi_recipe.png","assets/minecraft/textures/item/chorus_mochi_recipe.png","observed file is placed in the minecraft namespace","observed"
"resource","textures","minecraft:textures/item/closed_eyeblossom.png","assets/minecraft/textures/item/closed_eyeblossom.png","observed file is placed in the minecraft namespace","observed"
"resource","textures","minecraft:textures/item/cod_bucket.png","assets/minecraft/textures/item/cod_bucket.png","observed file is placed in the minecraft namespace","observed"
"resource","textures","minecraft:textures/item/compound_bow.png","assets/minecraft/textures/item/compound_bow.png","observed file is placed in the minecraft namespace","observed"
"resource","textures","minecraft:textures/item/compound_bow_pulling_0.png","assets/minecraft/textures/item/compound_bow_pulling_0.png","observed file is placed in the minecraft namespace","observed"
"resource","textures","minecraft:textures/item/compound_bow_pulling_1.png","assets/minecraft/textures/item/compound_bow_pulling_1.png","observed file is placed in the minecraft namespace","observed"
"resource","textures","minecraft:textures/item/compound_bow_pulling_2.png","assets/minecraft/textures/item/compound_bow_pulling_2.png","observed file is placed in the minecraft namespace","observed"
"resource","textures","minecraft:textures/item/cooked_cod.png","assets/minecraft/textures/item/cooked_cod.png","observed file is placed in the minecraft namespace","observed"
"resource","textures","minecraft:textures/item/cooked_pufferfish.png","assets/minecraft/textures/item/cooked_pufferfish.png","observed file is placed in the minecraft namespace","observed"
"resource","textures","minecraft:textures/item/cooked_rabbit.png","assets/minecraft/textures/item/cooked_rabbit.png","observed file is placed in the minecraft namespace","observed"
"resource","textures","minecraft:textures/item/cooked_salmon.png","assets/minecraft/textures/item/cooked_salmon.png","observed file is placed in the minecraft namespace","observed"
"resource","textures","minecraft:textures/item/cookie.png","assets/minecraft/textures/item/cookie.png","observed file is placed in the minecraft namespace","observed"
"resource","textures","minecraft:textures/item/copper_axe.png","assets/minecraft/textures/item/copper_axe.png","observed file is placed in the minecraft namespace","observed"
"resource","textures","minecraft:textures/item/copper_axe_exposed.png","assets/minecraft/textures/item/copper_axe_exposed.png","observed file is placed in the minecraft namespace","observed"
"resource","textures","minecraft:textures/item/copper_axe_oxidized.png","assets/minecraft/textures/item/copper_axe_oxidized.png","observed file is placed in the minecraft namespace","observed"
"resource","textures","minecraft:textures/item/copper_axe_weathered.png","assets/minecraft/textures/item/copper_axe_weathered.png","observed file is placed in the minecraft namespace","observed"
"resource","textures","minecraft:textures/item/copper_boots.png","assets/minecraft/textures/item/copper_boots.png","observed file is placed in the minecraft namespace","observed"
"resource","textures","minecraft:textures/item/copper_chain.png","assets/minecraft/textures/item/copper_chain.png","observed file is placed in the minecraft namespace","observed"
"resource","textures","minecraft:textures/item/copper_chestplate.png","assets/minecraft/textures/item/copper_chestplate.png","observed file is placed in the minecraft namespace","observed"
"resource","textures","minecraft:textures/item/copper_compass1.png","assets/minecraft/textures/item/copper_compass1.png","observed file is placed in the minecraft namespace","observed"
"resource","textures","minecraft:textures/item/copper_compass10.png","assets/minecraft/textures/item/copper_compass10.png","observed file is placed in the minecraft namespace","observed"
"resource","textures","minecraft:textures/item/copper_compass11.png","assets/minecraft/textures/item/copper_compass11.png","observed file is placed in the minecraft namespace","observed"
"resource","textures","minecraft:textures/item/copper_compass12.png","assets/minecraft/textures/item/copper_compass12.png","observed file is placed in the minecraft namespace","observed"
"resource","textures","minecraft:textures/item/copper_compass13.png","assets/minecraft/textures/item/copper_compass13.png","observed file is placed in the minecraft namespace","observed"
"resource","textures","minecraft:textures/item/copper_compass14.png","assets/minecraft/textures/item/copper_compass14.png","observed file is placed in the minecraft namespace","observed"
"resource","textures","minecraft:textures/item/copper_compass15.png","assets/minecraft/textures/item/copper_compass15.png","observed file is placed in the minecraft namespace","observed"
"resource","textures","minecraft:textures/item/copper_compass16.png","assets/minecraft/textures/item/copper_compass16.png","observed file is placed in the minecraft namespace","observed"
"resource","textures","minecraft:textures/item/copper_compass17.png","assets/minecraft/textures/item/copper_compass17.png","observed file is placed in the minecraft namespace","observed"
"resource","textures","minecraft:textures/item/copper_compass18.png","assets/minecraft/textures/item/copper_compass18.png","observed file is placed in the minecraft namespace","observed"
"resource","textures","minecraft:textures/item/copper_compass19.png","assets/minecraft/textures/item/copper_compass19.png","observed file is placed in the minecraft namespace","observed"
"resource","textures","minecraft:textures/item/copper_compass2.png","assets/minecraft/textures/item/copper_compass2.png","observed file is placed in the minecraft namespace","observed"
"resource","textures","minecraft:textures/item/copper_compass20.png","assets/minecraft/textures/item/copper_compass20.png","observed file is placed in the minecraft namespace","observed"
"resource","textures","minecraft:textures/item/copper_compass21.png","assets/minecraft/textures/item/copper_compass21.png","observed file is placed in the minecraft namespace","observed"
"resource","textures","minecraft:textures/item/copper_compass22.png","assets/minecraft/textures/item/copper_compass22.png","observed file is placed in the minecraft namespace","observed"
"resource","textures","minecraft:textures/item/copper_compass23.png","assets/minecraft/textures/item/copper_compass23.png","observed file is placed in the minecraft namespace","observed"
"resource","textures","minecraft:textures/item/copper_compass24.png","assets/minecraft/textures/item/copper_compass24.png","observed file is placed in the minecraft namespace","observed"
"resource","textures","minecraft:textures/item/copper_compass25.png","assets/minecraft/textures/item/copper_compass25.png","observed file is placed in the minecraft namespace","observed"
"resource","textures","minecraft:textures/item/copper_compass26.png","assets/minecraft/textures/item/copper_compass26.png","observed file is placed in the minecraft namespace","observed"
"resource","textures","minecraft:textures/item/copper_compass27.png","assets/minecraft/textures/item/copper_compass27.png","observed file is placed in the minecraft namespace","observed"
"resource","textures","minecraft:textures/item/copper_compass28.png","assets/minecraft/textures/item/copper_compass28.png","observed file is placed in the minecraft namespace","observed"
"resource","textures","minecraft:textures/item/copper_compass29.png","assets/minecraft/textures/item/copper_compass29.png","observed file is placed in the minecraft namespace","observed"
"resource","textures","minecraft:textures/item/copper_compass3.png","assets/minecraft/textures/item/copper_compass3.png","observed file is placed in the minecraft namespace","observed"
"resource","textures","minecraft:textures/item/copper_compass30.png","assets/minecraft/textures/item/copper_compass30.png","observed file is placed in the minecraft namespace","observed"
"resource","textures","minecraft:textures/item/copper_compass31.png","assets/minecraft/textures/item/copper_compass31.png","observed file is placed in the minecraft namespace","observed"
"resource","textures","minecraft:textures/item/copper_compass32.png","assets/minecraft/textures/item/copper_compass32.png","observed file is placed in the minecraft namespace","observed"
"resource","textures","minecraft:textures/item/copper_compass4.png","assets/minecraft/textures/item/copper_compass4.png","observed file is placed in the minecraft namespace","observed"
"resource","textures","minecraft:textures/item/copper_compass5.png","assets/minecraft/textures/item/copper_compass5.png","observed file is placed in the minecraft namespace","observed"
"resource","textures","minecraft:textures/item/copper_compass6.png","assets/minecraft/textures/item/copper_compass6.png","observed file is placed in the minecraft namespace","observed"
"resource","textures","minecraft:textures/item/copper_compass7.png","assets/minecraft/textures/item/copper_compass7.png","observed file is placed in the minecraft namespace","observed"
"resource","textures","minecraft:textures/item/copper_compass8.png","assets/minecraft/textures/item/copper_compass8.png","observed file is placed in the minecraft namespace","observed"
"resource","textures","minecraft:textures/item/copper_compass9.png","assets/minecraft/textures/item/copper_compass9.png","observed file is placed in the minecraft namespace","observed"
"resource","textures","minecraft:textures/item/copper_dolabra.png","assets/minecraft/textures/item/copper_dolabra.png","observed file is placed in the minecraft namespace","observed"
"resource","textures","minecraft:textures/item/copper_dolabra_exposed.png","assets/minecraft/textures/item/copper_dolabra_exposed.png","observed file is placed in the minecraft namespace","observed"
"resource","textures","minecraft:textures/item/copper_dolabra_oxidized.png","assets/minecraft/textures/item/copper_dolabra_oxidized.png","observed file is placed in the minecraft namespace","observed"
"resource","textures","minecraft:textures/item/copper_dolabra_weathered.png","assets/minecraft/textures/item/copper_dolabra_weathered.png","observed file is placed in the minecraft namespace","observed"
"resource","textures","minecraft:textures/item/copper_helmet.png","assets/minecraft/textures/item/copper_helmet.png","observed file is placed in the minecraft namespace","observed"
"resource","textures","minecraft:textures/item/copper_hoe.png","assets/minecraft/textures/item/copper_hoe.png","observed file is placed in the minecraft namespace","observed"
"resource","textures","minecraft:textures/item/copper_hoe_exposed.png","assets/minecraft/textures/item/copper_hoe_exposed.png","observed file is placed in the minecraft namespace","observed"
"resource","textures","minecraft:textures/item/copper_hoe_oxidized.png","assets/minecraft/textures/item/copper_hoe_oxidized.png","observed file is placed in the minecraft namespace","observed"
"resource","textures","minecraft:textures/item/copper_hoe_weathered.png","assets/minecraft/textures/item/copper_hoe_weathered.png","observed file is placed in the minecraft namespace","observed"
"resource","textures","minecraft:textures/item/copper_ingot.png","assets/minecraft/textures/item/copper_ingot.png","observed file is placed in the minecraft namespace","observed"
"resource","textures","minecraft:textures/item/copper_leggings.png","assets/minecraft/textures/item/copper_leggings.png","observed file is placed in the minecraft namespace","observed"
"resource","textures","minecraft:textures/item/copper_mattock.png","assets/minecraft/textures/item/copper_mattock.png","observed file is placed in the minecraft namespace","observed"
"resource","textures","minecraft:textures/item/copper_mattock_exposed.png","assets/minecraft/textures/item/copper_mattock_exposed.png","observed file is placed in the minecraft namespace","observed"
"resource","textures","minecraft:textures/item/copper_mattock_oxidized.png","assets/minecraft/textures/item/copper_mattock_oxidized.png","observed file is placed in the minecraft namespace","observed"
"resource","textures","minecraft:textures/item/copper_mattock_weathered.png","assets/minecraft/textures/item/copper_mattock_weathered.png","observed file is placed in the minecraft namespace","observed"
"resource","textures","minecraft:textures/item/copper_nautilus_armor.png","assets/minecraft/textures/item/copper_nautilus_armor.png","observed file is placed in the minecraft namespace","observed"
"resource","textures","minecraft:textures/item/copper_pickaxe.png","assets/minecraft/textures/item/copper_pickaxe.png","observed file is placed in the minecraft namespace","observed"
"resource","textures","minecraft:textures/item/copper_pickaxe_exposed.png","assets/minecraft/textures/item/copper_pickaxe_exposed.png","observed file is placed in the minecraft namespace","observed"
"resource","textures","minecraft:textures/item/copper_pickaxe_oxidized.png","assets/minecraft/textures/item/copper_pickaxe_oxidized.png","observed file is placed in the minecraft namespace","observed"
"resource","textures","minecraft:textures/item/copper_pickaxe_weathered.png","assets/minecraft/textures/item/copper_pickaxe_weathered.png","observed file is placed in the minecraft namespace","observed"
"resource","textures","minecraft:textures/item/copper_shears.png","assets/minecraft/textures/item/copper_shears.png","observed file is placed in the minecraft namespace","observed"
"resource","textures","minecraft:textures/item/copper_shears_exposed.png","assets/minecraft/textures/item/copper_shears_exposed.png","observed file is placed in the minecraft namespace","observed"
"resource","textures","minecraft:textures/item/copper_shears_oxidized.png","assets/minecraft/textures/item/copper_shears_oxidized.png","observed file is placed in the minecraft namespace","observed"
"resource","textures","minecraft:textures/item/copper_shears_weathered.png","assets/minecraft/textures/item/copper_shears_weathered.png","observed file is placed in the minecraft namespace","observed"
"resource","textures","minecraft:textures/item/copper_shovel.png","assets/minecraft/textures/item/copper_shovel.png","observed file is placed in the minecraft namespace","observed"
"resource","textures","minecraft:textures/item/copper_shovel_exposed.png","assets/minecraft/textures/item/copper_shovel_exposed.png","observed file is placed in the minecraft namespace","observed"
"resource","textures","minecraft:textures/item/copper_shovel_oxidized.png","assets/minecraft/textures/item/copper_shovel_oxidized.png","observed file is placed in the minecraft namespace","observed"
"resource","textures","minecraft:textures/item/copper_shovel_weathered.png","assets/minecraft/textures/item/copper_shovel_weathered.png","observed file is placed in the minecraft namespace","observed"
"resource","textures","minecraft:textures/item/copper_spear.png","assets/minecraft/textures/item/copper_spear.png","observed file is placed in the minecraft namespace","observed"
"resource","textures","minecraft:textures/item/copper_spear_in_hand.png","assets/minecraft/textures/item/copper_spear_in_hand.png","observed file is placed in the minecraft namespace","observed"
"resource","textures","minecraft:textures/item/copper_sword.png","assets/minecraft/textures/item/copper_sword.png","observed file is placed in the minecraft namespace","observed"
"resource","textures","minecraft:textures/item/copper_sword_exposed.png","assets/minecraft/textures/item/copper_sword_exposed.png","observed file is placed in the minecraft namespace","observed"
"resource","textures","minecraft:textures/item/copper_sword_oxidized.png","assets/minecraft/textures/item/copper_sword_oxidized.png","observed file is placed in the minecraft namespace","observed"
"resource","textures","minecraft:textures/item/copper_sword_weathered.png","assets/minecraft/textures/item/copper_sword_weathered.png","observed file is placed in the minecraft namespace","observed"
"resource","textures","minecraft:textures/item/cornflower.png","assets/minecraft/textures/item/cornflower.png","observed file is placed in the minecraft namespace","observed"
"resource","textures","minecraft:textures/item/crappie.png","assets/minecraft/textures/item/crappie.png","observed file is placed in the minecraft namespace","observed"
"resource","textures","minecraft:textures/item/crate_cold_cow.png","assets/minecraft/textures/item/crate_cold_cow.png","observed file is placed in the minecraft namespace","observed"
"resource","textures","minecraft:textures/item/crate_cold_pig.png","assets/minecraft/textures/item/crate_cold_pig.png","observed file is placed in the minecraft namespace","observed"
"resource","textures","minecraft:textures/item/crate_empty.png","assets/minecraft/textures/item/crate_empty.png","observed file is placed in the minecraft namespace","observed"
"resource","textures","minecraft:textures/item/crate_sheep_black.png","assets/minecraft/textures/item/crate_sheep_black.png","observed file is placed in the minecraft namespace","observed"
"resource","textures","minecraft:textures/item/crate_sheep_brown.png","assets/minecraft/textures/item/crate_sheep_brown.png","observed file is placed in the minecraft namespace","observed"
"resource","textures","minecraft:textures/item/crate_sheep_white.png","assets/minecraft/textures/item/crate_sheep_white.png","observed file is placed in the minecraft namespace","observed"
"resource","textures","minecraft:textures/item/crate_temperate_cow.png","assets/minecraft/textures/item/crate_temperate_cow.png","observed file is placed in the minecraft namespace","observed"
"resource","textures","minecraft:textures/item/crate_temperate_pig.png","assets/minecraft/textures/item/crate_temperate_pig.png","observed file is placed in the minecraft namespace","observed"
"resource","textures","minecraft:textures/item/crate_warm_cow.png","assets/minecraft/textures/item/crate_warm_cow.png","observed file is placed in the minecraft namespace","observed"
"resource","textures","minecraft:textures/item/crate_warm_pig.png","assets/minecraft/textures/item/crate_warm_pig.png","observed file is placed in the minecraft namespace","observed"
"resource","textures","minecraft:textures/item/crimson_fungus.png","assets/minecraft/textures/item/crimson_fungus.png","observed file is placed in the minecraft namespace","observed"
"resource","textures","minecraft:textures/item/crimson_stroganoff.png","assets/minecraft/textures/item/crimson_stroganoff.png","observed file is placed in the minecraft namespace","observed"
"resource","textures","minecraft:textures/item/crook.png","assets/minecraft/textures/item/crook.png","observed file is placed in the minecraft namespace","observed"
"resource","textures","minecraft:textures/item/curry_vindaloo.png","assets/minecraft/textures/item/curry_vindaloo.png","observed file is placed in the minecraft namespace","observed"
"resource","textures","minecraft:textures/item/cyan_rose_classic.png","assets/minecraft/textures/item/cyan_rose_classic.png","observed file is placed in the minecraft namespace","observed"
"resource","textures","minecraft:textures/item/dandelion.png","assets/minecraft/textures/item/dandelion.png","observed file is placed in the minecraft namespace","observed"
"resource","textures","minecraft:textures/item/dandelion_classic.png","assets/minecraft/textures/item/dandelion_classic.png","observed file is placed in the minecraft namespace","observed"
"resource","textures","minecraft:textures/item/diamond.png","assets/minecraft/textures/item/diamond.png","observed file is placed in the minecraft namespace","observed"
"resource","textures","minecraft:textures/item/diamond_axe.png","assets/minecraft/textures/item/diamond_axe.png","observed file is placed in the minecraft namespace","observed"
"resource","textures","minecraft:textures/item/diamond_boots.png","assets/minecraft/textures/item/diamond_boots.png","observed file is placed in the minecraft namespace","observed"
"resource","textures","minecraft:textures/item/diamond_chestplate.png","assets/minecraft/textures/item/diamond_chestplate.png","observed file is placed in the minecraft namespace","observed"
"resource","textures","minecraft:textures/item/diamond_dolabra.png","assets/minecraft/textures/item/diamond_dolabra.png","observed file is placed in the minecraft namespace","observed"
"resource","textures","minecraft:textures/item/diamond_helmet.png","assets/minecraft/textures/item/diamond_helmet.png","observed file is placed in the minecraft namespace","observed"
"resource","textures","minecraft:textures/item/diamond_hoe.png","assets/minecraft/textures/item/diamond_hoe.png","observed file is placed in the minecraft namespace","observed"
"resource","textures","minecraft:textures/item/diamond_horse_armor.png","assets/minecraft/textures/item/diamond_horse_armor.png","observed file is placed in the minecraft namespace","observed"
"resource","textures","minecraft:textures/item/diamond_leggings.png","assets/minecraft/textures/item/diamond_leggings.png","observed file is placed in the minecraft namespace","observed"
"resource","textures","minecraft:textures/item/diamond_mattock.png","assets/minecraft/textures/item/diamond_mattock.png","observed file is placed in the minecraft namespace","observed"
"resource","textures","minecraft:textures/item/diamond_nautilus_armor.png","assets/minecraft/textures/item/diamond_nautilus_armor.png","observed file is placed in the minecraft namespace","observed"
"resource","textures","minecraft:textures/item/diamond_pickaxe.png","assets/minecraft/textures/item/diamond_pickaxe.png","observed file is placed in the minecraft namespace","observed"
"resource","textures","minecraft:textures/item/diamond_shovel.png","assets/minecraft/textures/item/diamond_shovel.png","observed file is placed in the minecraft namespace","observed"
"resource","textures","minecraft:textures/item/diamond_spear.png","assets/minecraft/textures/item/diamond_spear.png","observed file is placed in the minecraft namespace","observed"
"resource","textures","minecraft:textures/item/diamond_spear_in_hand.png","assets/minecraft/textures/item/diamond_spear_in_hand.png","observed file is placed in the minecraft namespace","observed"
"resource","textures","minecraft:textures/item/diamond_sword.png","assets/minecraft/textures/item/diamond_sword.png","observed file is placed in the minecraft namespace","observed"
"resource","textures","minecraft:textures/item/disc_fragment_5.png","assets/minecraft/textures/item/disc_fragment_5.png","observed file is placed in the minecraft namespace","observed"
"resource","textures","minecraft:textures/item/divine_comedy.png","assets/minecraft/textures/item/divine_comedy.png","observed file is placed in the minecraft namespace","observed"
"resource","textures","minecraft:textures/item/dough.png","assets/minecraft/textures/item/dough.png","observed file is placed in the minecraft namespace","observed"
"resource","textures","minecraft:textures/item/echo_fish.png","assets/minecraft/textures/item/echo_fish.png","observed file is placed in the minecraft namespace","observed"
"resource","textures","minecraft:textures/item/echo_shard.png","assets/minecraft/textures/item/echo_shard.png","observed file is placed in the minecraft namespace","observed"
"resource","textures","minecraft:textures/item/echo_shard.png.mcmeta","assets/minecraft/textures/item/echo_shard.png.mcmeta","observed file is placed in the minecraft namespace","observed"
"resource","textures","minecraft:textures/item/echo_shard_alt.png","assets/minecraft/textures/item/echo_shard_alt.png","observed file is placed in the minecraft namespace","observed"
"resource","textures","minecraft:textures/item/egg.png","assets/minecraft/textures/item/egg.png","observed file is placed in the minecraft namespace","observed"
"resource","textures","minecraft:textures/item/electrum_axe.png","assets/minecraft/textures/item/electrum_axe.png","observed file is placed in the minecraft namespace","observed"
"resource","textures","minecraft:textures/item/electrum_boots.png","assets/minecraft/textures/item/electrum_boots.png","observed file is placed in the minecraft namespace","observed"
"resource","textures","minecraft:textures/item/electrum_chestplate.png","assets/minecraft/textures/item/electrum_chestplate.png","observed file is placed in the minecraft namespace","observed"
"resource","textures","minecraft:textures/item/electrum_dolabra.png","assets/minecraft/textures/item/electrum_dolabra.png","observed file is placed in the minecraft namespace","observed"
"resource","textures","minecraft:textures/item/electrum_helmet.png","assets/minecraft/textures/item/electrum_helmet.png","observed file is placed in the minecraft namespace","observed"
"resource","textures","minecraft:textures/item/electrum_hoe.png","assets/minecraft/textures/item/electrum_hoe.png","observed file is placed in the minecraft namespace","observed"
"resource","textures","minecraft:textures/item/electrum_horse_armor.png","assets/minecraft/textures/item/electrum_horse_armor.png","observed file is placed in the minecraft namespace","observed"
"resource","textures","minecraft:textures/item/electrum_leggings.png","assets/minecraft/textures/item/electrum_leggings.png","observed file is placed in the minecraft namespace","observed"
"resource","textures","minecraft:textures/item/electrum_mattock.png","assets/minecraft/textures/item/electrum_mattock.png","observed file is placed in the minecraft namespace","observed"
"resource","textures","minecraft:textures/item/electrum_pickaxe.png","assets/minecraft/textures/item/electrum_pickaxe.png","observed file is placed in the minecraft namespace","observed"
"resource","textures","minecraft:textures/item/electrum_shovel.png","assets/minecraft/textures/item/electrum_shovel.png","observed file is placed in the minecraft namespace","observed"
"resource","textures","minecraft:textures/item/electrum_spear.png","assets/minecraft/textures/item/electrum_spear.png","observed file is placed in the minecraft namespace","observed"
"resource","textures","minecraft:textures/item/electrum_spear_in_hand.png","assets/minecraft/textures/item/electrum_spear_in_hand.png","observed file is placed in the minecraft namespace","observed"
"resource","textures","minecraft:textures/item/electrum_sword.png","assets/minecraft/textures/item/electrum_sword.png","observed file is placed in the minecraft namespace","observed"
"resource","textures","minecraft:textures/item/elytra.png","assets/minecraft/textures/item/elytra.png","observed file is placed in the minecraft namespace","observed"
"resource","textures","minecraft:textures/item/elytra_broken.png","assets/minecraft/textures/item/elytra_broken.png","observed file is placed in the minecraft namespace","observed"
"resource","textures","minecraft:textures/item/emerald.png","assets/minecraft/textures/item/emerald.png","observed file is placed in the minecraft namespace","observed"
"resource","textures","minecraft:textures/item/enchanted_book.png","assets/minecraft/textures/item/enchanted_book.png","observed file is placed in the minecraft namespace","observed"
"resource","textures","minecraft:textures/item/ender_eye.png","assets/minecraft/textures/item/ender_eye.png","observed file is placed in the minecraft namespace","observed"
"resource","textures","minecraft:textures/item/ender_pearl.png","assets/minecraft/textures/item/ender_pearl.png","observed file is placed in the minecraft namespace","observed"
"resource","textures","minecraft:textures/item/enoch.png","assets/minecraft/textures/item/enoch.png","observed file is placed in the minecraft namespace","observed"
"resource","textures","minecraft:textures/item/european_eel.png","assets/minecraft/textures/item/european_eel.png","observed file is placed in the minecraft namespace","observed"
"resource","textures","minecraft:textures/item/exotic_seed_bundle.png","assets/minecraft/textures/item/exotic_seed_bundle.png","observed file is placed in the minecraft namespace","observed"
"resource","textures","minecraft:textures/item/exotic_seed_bundle_open_front.png","assets/minecraft/textures/item/exotic_seed_bundle_open_front.png","observed file is placed in the minecraft namespace","observed"
"resource","textures","minecraft:textures/item/exposed_copper_chain.png","assets/minecraft/textures/item/exposed_copper_chain.png","observed file is placed in the minecraft namespace","observed"
"resource","textures","minecraft:textures/item/fish_bones.png","assets/minecraft/textures/item/fish_bones.png","observed file is placed in the minecraft namespace","observed"
"resource","textures","minecraft:textures/item/flint_and_steel.png","assets/minecraft/textures/item/flint_and_steel.png","observed file is placed in the minecraft namespace","observed"
"resource","textures","minecraft:textures/item/floral_bundle.png","assets/minecraft/textures/item/floral_bundle.png","observed file is placed in the minecraft namespace","observed"
"resource","textures","minecraft:textures/item/floral_bundle_open_front.png","assets/minecraft/textures/item/floral_bundle_open_front.png","observed file is placed in the minecraft namespace","observed"
"resource","textures","minecraft:textures/item/flounder.png","assets/minecraft/textures/item/flounder.png","observed file is placed in the minecraft namespace","observed"
"resource","textures","minecraft:textures/item/flour.png","assets/minecraft/textures/item/flour.png","observed file is placed in the minecraft namespace","observed"
"resource","textures","minecraft:textures/item/flour_bag.png","assets/minecraft/textures/item/flour_bag.png","observed file is placed in the minecraft namespace","observed"
"resource","textures","minecraft:textures/item/flower_pot.png","assets/minecraft/textures/item/flower_pot.png","observed file is placed in the minecraft namespace","observed"
"resource","textures","minecraft:textures/item/flying_fish.png","assets/minecraft/textures/item/flying_fish.png","observed file is placed in the minecraft namespace","observed"
"resource","textures","minecraft:textures/item/fox_pelt.png","assets/minecraft/textures/item/fox_pelt.png","observed file is placed in the minecraft namespace","observed"
"resource","textures","minecraft:textures/item/french_toast.png","assets/minecraft/textures/item/french_toast.png","observed file is placed in the minecraft namespace","observed"
"resource","textures","minecraft:textures/item/freshwater_pufferfish.png","assets/minecraft/textures/item/freshwater_pufferfish.png","observed file is placed in the minecraft namespace","observed"
"resource","textures","minecraft:textures/item/fried_egg.png","assets/minecraft/textures/item/fried_egg.png","observed file is placed in the minecraft namespace","observed"
"resource","textures","minecraft:textures/item/frog_spawn_egg.png","assets/minecraft/textures/item/frog_spawn_egg.png","observed file is placed in the minecraft namespace","observed"
"resource","textures","minecraft:textures/item/furnace_minecart.png","assets/minecraft/textures/item/furnace_minecart.png","observed file is placed in the minecraft namespace","observed"
"resource","textures","minecraft:textures/item/gar.png","assets/minecraft/textures/item/gar.png","observed file is placed in the minecraft namespace","observed"
"resource","textures","minecraft:textures/item/gay_fish.png","assets/minecraft/textures/item/gay_fish.png","observed file is placed in the minecraft namespace","observed"
"resource","textures","minecraft:textures/item/gimmari.png","assets/minecraft/textures/item/gimmari.png","observed file is placed in the minecraft namespace","observed"
"resource","textures","minecraft:textures/item/glass_bottle.png","assets/minecraft/textures/item/glass_bottle.png","observed file is placed in the minecraft namespace","observed"
"resource","textures","minecraft:textures/item/glistering_melon_slice.png","assets/minecraft/textures/item/glistering_melon_slice.png","observed file is placed in the minecraft namespace","observed"
"resource","textures","minecraft:textures/item/glow_berry_crumble.png","assets/minecraft/textures/item/glow_berry_crumble.png","observed file is placed in the minecraft namespace","observed"
"resource","textures","minecraft:textures/item/glow_ink_sac.png","assets/minecraft/textures/item/glow_ink_sac.png","observed file is placed in the minecraft namespace","observed"
"resource","textures","minecraft:textures/item/glow_item_frame.png","assets/minecraft/textures/item/glow_item_frame.png","observed file is placed in the minecraft namespace","observed"
"resource","textures","minecraft:textures/item/glow_jam.png","assets/minecraft/textures/item/glow_jam.png","observed file is placed in the minecraft namespace","observed"
"resource","textures","minecraft:textures/item/glow_mash.png","assets/minecraft/textures/item/glow_mash.png","observed file is placed in the minecraft namespace","observed"
"resource","textures","minecraft:textures/item/gnocchi.png","assets/minecraft/textures/item/gnocchi.png","observed file is placed in the minecraft namespace","observed"
"resource","textures","minecraft:textures/item/gnocchi_recipe.png","assets/minecraft/textures/item/gnocchi_recipe.png","observed file is placed in the minecraft namespace","observed"
"resource","textures","minecraft:textures/item/gold_ingot.png","assets/minecraft/textures/item/gold_ingot.png","observed file is placed in the minecraft namespace","observed"
"resource","textures","minecraft:textures/item/golden_apple.png","assets/minecraft/textures/item/golden_apple.png","observed file is placed in the minecraft namespace","observed"
"resource","textures","minecraft:textures/item/golden_apple_empanada.png","assets/minecraft/textures/item/golden_apple_empanada.png","observed file is placed in the minecraft namespace","observed"
"resource","textures","minecraft:textures/item/golden_axe.png","assets/minecraft/textures/item/golden_axe.png","observed file is placed in the minecraft namespace","observed"
"resource","textures","minecraft:textures/item/golden_boots.png","assets/minecraft/textures/item/golden_boots.png","observed file is placed in the minecraft namespace","observed"
"resource","textures","minecraft:textures/item/golden_carrot.png","assets/minecraft/textures/item/golden_carrot.png","observed file is placed in the minecraft namespace","observed"
"resource","textures","minecraft:textures/item/golden_carrot_cupcake.png","assets/minecraft/textures/item/golden_carrot_cupcake.png","observed file is placed in the minecraft namespace","observed"
"resource","textures","minecraft:textures/item/golden_chestplate.png","assets/minecraft/textures/item/golden_chestplate.png","observed file is placed in the minecraft namespace","observed"
"resource","textures","minecraft:textures/item/golden_compass1.png","assets/minecraft/textures/item/golden_compass1.png","observed file is placed in the minecraft namespace","observed"
"resource","textures","minecraft:textures/item/golden_compass10.png","assets/minecraft/textures/item/golden_compass10.png","observed file is placed in the minecraft namespace","observed"
"resource","textures","minecraft:textures/item/golden_compass11.png","assets/minecraft/textures/item/golden_compass11.png","observed file is placed in the minecraft namespace","observed"
"resource","textures","minecraft:textures/item/golden_compass12.png","assets/minecraft/textures/item/golden_compass12.png","observed file is placed in the minecraft namespace","observed"
"resource","textures","minecraft:textures/item/golden_compass13.png","assets/minecraft/textures/item/golden_compass13.png","observed file is placed in the minecraft namespace","observed"
"resource","textures","minecraft:textures/item/golden_compass14.png","assets/minecraft/textures/item/golden_compass14.png","observed file is placed in the minecraft namespace","observed"
"resource","textures","minecraft:textures/item/golden_compass15.png","assets/minecraft/textures/item/golden_compass15.png","observed file is placed in the minecraft namespace","observed"
"resource","textures","minecraft:textures/item/golden_compass16.png","assets/minecraft/textures/item/golden_compass16.png","observed file is placed in the minecraft namespace","observed"
"resource","textures","minecraft:textures/item/golden_compass17.png","assets/minecraft/textures/item/golden_compass17.png","observed file is placed in the minecraft namespace","observed"
"resource","textures","minecraft:textures/item/golden_compass18.png","assets/minecraft/textures/item/golden_compass18.png","observed file is placed in the minecraft namespace","observed"
"resource","textures","minecraft:textures/item/golden_compass19.png","assets/minecraft/textures/item/golden_compass19.png","observed file is placed in the minecraft namespace","observed"
"resource","textures","minecraft:textures/item/golden_compass2.png","assets/minecraft/textures/item/golden_compass2.png","observed file is placed in the minecraft namespace","observed"
"resource","textures","minecraft:textures/item/golden_compass20.png","assets/minecraft/textures/item/golden_compass20.png","observed file is placed in the minecraft namespace","observed"
"resource","textures","minecraft:textures/item/golden_compass21.png","assets/minecraft/textures/item/golden_compass21.png","observed file is placed in the minecraft namespace","observed"
"resource","textures","minecraft:textures/item/golden_compass22.png","assets/minecraft/textures/item/golden_compass22.png","observed file is placed in the minecraft namespace","observed"
"resource","textures","minecraft:textures/item/golden_compass23.png","assets/minecraft/textures/item/golden_compass23.png","observed file is placed in the minecraft namespace","observed"
"resource","textures","minecraft:textures/item/golden_compass24.png","assets/minecraft/textures/item/golden_compass24.png","observed file is placed in the minecraft namespace","observed"
"resource","textures","minecraft:textures/item/golden_compass25.png","assets/minecraft/textures/item/golden_compass25.png","observed file is placed in the minecraft namespace","observed"
"resource","textures","minecraft:textures/item/golden_compass26.png","assets/minecraft/textures/item/golden_compass26.png","observed file is placed in the minecraft namespace","observed"
"resource","textures","minecraft:textures/item/golden_compass27.png","assets/minecraft/textures/item/golden_compass27.png","observed file is placed in the minecraft namespace","observed"
"resource","textures","minecraft:textures/item/golden_compass28.png","assets/minecraft/textures/item/golden_compass28.png","observed file is placed in the minecraft namespace","observed"
"resource","textures","minecraft:textures/item/golden_compass29.png","assets/minecraft/textures/item/golden_compass29.png","observed file is placed in the minecraft namespace","observed"
"resource","textures","minecraft:textures/item/golden_compass3.png","assets/minecraft/textures/item/golden_compass3.png","observed file is placed in the minecraft namespace","observed"
"resource","textures","minecraft:textures/item/golden_compass30.png","assets/minecraft/textures/item/golden_compass30.png","observed file is placed in the minecraft namespace","observed"
"resource","textures","minecraft:textures/item/golden_compass31.png","assets/minecraft/textures/item/golden_compass31.png","observed file is placed in the minecraft namespace","observed"
"resource","textures","minecraft:textures/item/golden_compass32.png","assets/minecraft/textures/item/golden_compass32.png","observed file is placed in the minecraft namespace","observed"
"resource","textures","minecraft:textures/item/golden_compass4.png","assets/minecraft/textures/item/golden_compass4.png","observed file is placed in the minecraft namespace","observed"
"resource","textures","minecraft:textures/item/golden_compass5.png","assets/minecraft/textures/item/golden_compass5.png","observed file is placed in the minecraft namespace","observed"
"resource","textures","minecraft:textures/item/golden_compass6.png","assets/minecraft/textures/item/golden_compass6.png","observed file is placed in the minecraft namespace","observed"
"resource","textures","minecraft:textures/item/golden_compass7.png","assets/minecraft/textures/item/golden_compass7.png","observed file is placed in the minecraft namespace","observed"
"resource","textures","minecraft:textures/item/golden_compass8.png","assets/minecraft/textures/item/golden_compass8.png","observed file is placed in the minecraft namespace","observed"
"resource","textures","minecraft:textures/item/golden_compass9.png","assets/minecraft/textures/item/golden_compass9.png","observed file is placed in the minecraft namespace","observed"
"resource","textures","minecraft:textures/item/golden_dandelion.png","assets/minecraft/textures/item/golden_dandelion.png","observed file is placed in the minecraft namespace","observed"
"resource","textures","minecraft:textures/item/golden_helmet.png","assets/minecraft/textures/item/golden_helmet.png","observed file is placed in the minecraft namespace","observed"
"resource","textures","minecraft:textures/item/golden_hoe.png","assets/minecraft/textures/item/golden_hoe.png","observed file is placed in the minecraft namespace","observed"
"resource","textures","minecraft:textures/item/golden_leggings.png","assets/minecraft/textures/item/golden_leggings.png","observed file is placed in the minecraft namespace","observed"
"resource","textures","minecraft:textures/item/golden_nautilus_armor.png","assets/minecraft/textures/item/golden_nautilus_armor.png","observed file is placed in the minecraft namespace","observed"
"resource","textures","minecraft:textures/item/golden_pickaxe.png","assets/minecraft/textures/item/golden_pickaxe.png","observed file is placed in the minecraft namespace","observed"
"resource","textures","minecraft:textures/item/golden_pickled_carrots.png","assets/minecraft/textures/item/golden_pickled_carrots.png","observed file is placed in the minecraft namespace","observed"
"resource","textures","minecraft:textures/item/golden_shovel.png","assets/minecraft/textures/item/golden_shovel.png","observed file is placed in the minecraft namespace","observed"
"resource","textures","minecraft:textures/item/golden_spear.png","assets/minecraft/textures/item/golden_spear.png","observed file is placed in the minecraft namespace","observed"
"resource","textures","minecraft:textures/item/golden_spear_in_hand.png","assets/minecraft/textures/item/golden_spear_in_hand.png","observed file is placed in the minecraft namespace","observed"
"resource","textures","minecraft:textures/item/golden_steamed_carrots.png","assets/minecraft/textures/item/golden_steamed_carrots.png","observed file is placed in the minecraft namespace","observed"
"resource","textures","minecraft:textures/item/golden_sword.png","assets/minecraft/textures/item/golden_sword.png","observed file is placed in the minecraft namespace","observed"
"resource","textures","minecraft:textures/item/green_curry.png","assets/minecraft/textures/item/green_curry.png","observed file is placed in the minecraft namespace","observed"
"resource","textures","minecraft:textures/item/grilled_melon.png","assets/minecraft/textures/item/grilled_melon.png","observed file is placed in the minecraft namespace","observed"
"resource","textures","minecraft:textures/item/grilled_tomatoes.png","assets/minecraft/textures/item/grilled_tomatoes.png","observed file is placed in the minecraft namespace","observed"
"resource","textures","minecraft:textures/item/gunpowder.png","assets/minecraft/textures/item/gunpowder.png","observed file is placed in the minecraft namespace","observed"
"resource","textures","minecraft:textures/item/guppy.png","assets/minecraft/textures/item/guppy.png","observed file is placed in the minecraft namespace","observed"
"resource","textures","minecraft:textures/item/gurnard.png","assets/minecraft/textures/item/gurnard.png","observed file is placed in the minecraft namespace","observed"
"resource","textures","minecraft:textures/item/hammer.png","assets/minecraft/textures/item/hammer.png","observed file is placed in the minecraft namespace","observed"
"resource","textures","minecraft:textures/item/heart.png","assets/minecraft/textures/item/heart.png","observed file is placed in the minecraft namespace","observed"
"resource","textures","minecraft:textures/item/heart_container.png","assets/minecraft/textures/item/heart_container.png","observed file is placed in the minecraft namespace","observed"
"resource","textures","minecraft:textures/item/heart_of_the_sea.png","assets/minecraft/textures/item/heart_of_the_sea.png","observed file is placed in the minecraft namespace","observed"
"resource","textures","minecraft:textures/item/herring.png","assets/minecraft/textures/item/herring.png","observed file is placed in the minecraft namespace","observed"
"resource","textures","minecraft:textures/item/honey_bottle.png","assets/minecraft/textures/item/honey_bottle.png","observed file is placed in the minecraft namespace","observed"
"resource","textures","minecraft:textures/item/honey_ginger_tea.png","assets/minecraft/textures/item/honey_ginger_tea.png","observed file is placed in the minecraft namespace","observed"
"resource","textures","minecraft:textures/item/honied_french_toast.png","assets/minecraft/textures/item/honied_french_toast.png","observed file is placed in the minecraft namespace","observed"
"resource","textures","minecraft:textures/item/hopper_minecart.png","assets/minecraft/textures/item/hopper_minecart.png","observed file is placed in the minecraft namespace","observed"
"resource","textures","minecraft:textures/item/humpback_whitefish.png","assets/minecraft/textures/item/humpback_whitefish.png","observed file is placed in the minecraft namespace","observed"
"resource","textures","minecraft:textures/item/invisible_item_frame.png","assets/minecraft/textures/item/invisible_item_frame.png","observed file is placed in the minecraft namespace","observed"
"resource","textures","minecraft:textures/item/iron_axe.png","assets/minecraft/textures/item/iron_axe.png","observed file is placed in the minecraft namespace","observed"
"resource","textures","minecraft:textures/item/iron_boots.png","assets/minecraft/textures/item/iron_boots.png","observed file is placed in the minecraft namespace","observed"
"resource","textures","minecraft:textures/item/iron_chain.png","assets/minecraft/textures/item/iron_chain.png","observed file is placed in the minecraft namespace","observed"
"resource","textures","minecraft:textures/item/iron_chestplate.png","assets/minecraft/textures/item/iron_chestplate.png","observed file is placed in the minecraft namespace","observed"
"resource","textures","minecraft:textures/item/iron_dolabra.png","assets/minecraft/textures/item/iron_dolabra.png","observed file is placed in the minecraft namespace","observed"
"resource","textures","minecraft:textures/item/iron_door.png","assets/minecraft/textures/item/iron_door.png","observed file is placed in the minecraft namespace","observed"
"resource","textures","minecraft:textures/item/iron_helmet.png","assets/minecraft/textures/item/iron_helmet.png","observed file is placed in the minecraft namespace","observed"
"resource","textures","minecraft:textures/item/iron_hoe.png","assets/minecraft/textures/item/iron_hoe.png","observed file is placed in the minecraft namespace","observed"
"resource","textures","minecraft:textures/item/iron_ingot.png","assets/minecraft/textures/item/iron_ingot.png","observed file is placed in the minecraft namespace","observed"
"resource","textures","minecraft:textures/item/iron_leggings.png","assets/minecraft/textures/item/iron_leggings.png","observed file is placed in the minecraft namespace","observed"
"resource","textures","minecraft:textures/item/iron_mattock.png","assets/minecraft/textures/item/iron_mattock.png","observed file is placed in the minecraft namespace","observed"
"resource","textures","minecraft:textures/item/iron_nautilus_armor.png","assets/minecraft/textures/item/iron_nautilus_armor.png","observed file is placed in the minecraft namespace","observed"
"resource","textures","minecraft:textures/item/iron_nugget.png","assets/minecraft/textures/item/iron_nugget.png","observed file is placed in the minecraft namespace","observed"
"resource","textures","minecraft:textures/item/iron_pickaxe.png","assets/minecraft/textures/item/iron_pickaxe.png","observed file is placed in the minecraft namespace","observed"
"resource","textures","minecraft:textures/item/iron_shovel.png","assets/minecraft/textures/item/iron_shovel.png","observed file is placed in the minecraft namespace","observed"
"resource","textures","minecraft:textures/item/iron_spear.png","assets/minecraft/textures/item/iron_spear.png","observed file is placed in the minecraft namespace","observed"
"resource","textures","minecraft:textures/item/iron_spear_in_hand.png","assets/minecraft/textures/item/iron_spear_in_hand.png","observed file is placed in the minecraft namespace","observed"
"resource","textures","minecraft:textures/item/iron_sword.png","assets/minecraft/textures/item/iron_sword.png","observed file is placed in the minecraft namespace","observed"
"resource","textures","minecraft:textures/item/item_frame.png","assets/minecraft/textures/item/item_frame.png","observed file is placed in the minecraft namespace","observed"
"resource","textures","minecraft:textures/item/japanese_curry.png","assets/minecraft/textures/item/japanese_curry.png","observed file is placed in the minecraft namespace","observed"
"resource","textures","minecraft:textures/item/kontomire_stew.png","assets/minecraft/textures/item/kontomire_stew.png","observed file is placed in the minecraft namespace","observed"
"resource","textures","minecraft:textures/item/lamprey.png","assets/minecraft/textures/item/lamprey.png","observed file is placed in the minecraft namespace","observed"
"resource","textures","minecraft:textures/item/latke.png","assets/minecraft/textures/item/latke.png","observed file is placed in the minecraft namespace","observed"
"resource","textures","minecraft:textures/item/lava_bucket.png","assets/minecraft/textures/item/lava_bucket.png","observed file is placed in the minecraft namespace","observed"
"resource","textures","minecraft:textures/item/leather.png","assets/minecraft/textures/item/leather.png","observed file is placed in the minecraft namespace","observed"
"resource","textures","minecraft:textures/item/leather_boots.png","assets/minecraft/textures/item/leather_boots.png","observed file is placed in the minecraft namespace","observed"
"resource","textures","minecraft:textures/item/leather_chestplate.png","assets/minecraft/textures/item/leather_chestplate.png","observed file is placed in the minecraft namespace","observed"
"resource","textures","minecraft:textures/item/leather_chestplate_overlay.png","assets/minecraft/textures/item/leather_chestplate_overlay.png","observed file is placed in the minecraft namespace","observed"
"resource","textures","minecraft:textures/item/leather_helmet.png","assets/minecraft/textures/item/leather_helmet.png","observed file is placed in the minecraft namespace","observed"
"resource","textures","minecraft:textures/item/leather_leggings.png","assets/minecraft/textures/item/leather_leggings.png","observed file is placed in the minecraft namespace","observed"
"resource","textures","minecraft:textures/item/leather_leggings_overlay.png","assets/minecraft/textures/item/leather_leggings_overlay.png","observed file is placed in the minecraft namespace","observed"
"resource","textures","minecraft:textures/item/lilac.png","assets/minecraft/textures/item/lilac.png","observed file is placed in the minecraft namespace","observed"
"resource","textures","minecraft:textures/item/lily_of_the_valley.png","assets/minecraft/textures/item/lily_of_the_valley.png","observed file is placed in the minecraft namespace","observed"
"resource","textures","minecraft:textures/item/lily_pad.png","assets/minecraft/textures/item/lily_pad.png","observed file is placed in the minecraft namespace","observed"
"resource","textures","minecraft:textures/item/lingering_potion.png","assets/minecraft/textures/item/lingering_potion.png","observed file is placed in the minecraft namespace","observed"
"resource","textures","minecraft:textures/item/mace.png","assets/minecraft/textures/item/mace.png","observed file is placed in the minecraft namespace","observed"
"resource","textures","minecraft:textures/item/mahi_mahi.png","assets/minecraft/textures/item/mahi_mahi.png","observed file is placed in the minecraft namespace","observed"
"resource","textures","minecraft:textures/item/mead.png","assets/minecraft/textures/item/mead.png","observed file is placed in the minecraft namespace","observed"
"resource","textures","minecraft:textures/item/meat_pizza.png","assets/minecraft/textures/item/meat_pizza.png","observed file is placed in the minecraft namespace","observed"
"resource","textures","minecraft:textures/item/mediterranean_killifish.png","assets/minecraft/textures/item/mediterranean_killifish.png","observed file is placed in the minecraft namespace","observed"
"resource","textures","minecraft:textures/item/melon_sorbet.png","assets/minecraft/textures/item/melon_sorbet.png","observed file is placed in the minecraft namespace","observed"
"resource","textures","minecraft:textures/item/milk_bucket.png","assets/minecraft/textures/item/milk_bucket.png","observed file is placed in the minecraft namespace","observed"
"resource","textures","minecraft:textures/item/minecart.png","assets/minecraft/textures/item/minecart.png","observed file is placed in the minecraft namespace","observed"
"resource","textures","minecraft:textures/item/monkfish.png","assets/minecraft/textures/item/monkfish.png","observed file is placed in the minecraft namespace","observed"
"resource","textures","minecraft:textures/item/mournful_clay_statue.png","assets/minecraft/textures/item/mournful_clay_statue.png","observed file is placed in the minecraft namespace","observed"
"resource","textures","minecraft:textures/item/multishot.png","assets/minecraft/textures/item/multishot.png","observed file is placed in the minecraft namespace","observed"
"resource","textures","minecraft:textures/item/mushroom_pizza.png","assets/minecraft/textures/item/mushroom_pizza.png","observed file is placed in the minecraft namespace","observed"
"resource","textures","minecraft:textures/item/mushroom_stew.png","assets/minecraft/textures/item/mushroom_stew.png","observed file is placed in the minecraft namespace","observed"
"resource","textures","minecraft:textures/item/mushy_bundle.png","assets/minecraft/textures/item/mushy_bundle.png","observed file is placed in the minecraft namespace","observed"
"resource","textures","minecraft:textures/item/mushy_bundle_open_front.png","assets/minecraft/textures/item/mushy_bundle_open_front.png","observed file is placed in the minecraft namespace","observed"
"resource","textures","minecraft:textures/item/music_disc_11.png","assets/minecraft/textures/item/music_disc_11.png","observed file is placed in the minecraft namespace","observed"
"resource","textures","minecraft:textures/item/music_disc_13.png","assets/minecraft/textures/item/music_disc_13.png","observed file is placed in the minecraft namespace","observed"
"resource","textures","minecraft:textures/item/music_disc_5.png","assets/minecraft/textures/item/music_disc_5.png","observed file is placed in the minecraft namespace","observed"
"resource","textures","minecraft:textures/item/music_disc_blocks.png","assets/minecraft/textures/item/music_disc_blocks.png","observed file is placed in the minecraft namespace","observed"
"resource","textures","minecraft:textures/item/music_disc_bounce.png","assets/minecraft/textures/item/music_disc_bounce.png","observed file is placed in the minecraft namespace","observed"
"resource","textures","minecraft:textures/item/music_disc_cat.png","assets/minecraft/textures/item/music_disc_cat.png","observed file is placed in the minecraft namespace","observed"
"resource","textures","minecraft:textures/item/music_disc_chirp.png","assets/minecraft/textures/item/music_disc_chirp.png","observed file is placed in the minecraft namespace","observed"
"resource","textures","minecraft:textures/item/music_disc_creator.png","assets/minecraft/textures/item/music_disc_creator.png","observed file is placed in the minecraft namespace","observed"
"resource","textures","minecraft:textures/item/music_disc_creator_music_box.png","assets/minecraft/textures/item/music_disc_creator_music_box.png","observed file is placed in the minecraft namespace","observed"
"resource","textures","minecraft:textures/item/music_disc_dry_hands.png","assets/minecraft/textures/item/music_disc_dry_hands.png","observed file is placed in the minecraft namespace","observed"
"resource","textures","minecraft:textures/item/music_disc_far.png","assets/minecraft/textures/item/music_disc_far.png","observed file is placed in the minecraft namespace","observed"
"resource","textures","minecraft:textures/item/music_disc_golden.png","assets/minecraft/textures/item/music_disc_golden.png","observed file is placed in the minecraft namespace","observed"
"resource","textures","minecraft:textures/item/music_disc_labyrinthine.png","assets/minecraft/textures/item/music_disc_labyrinthine.png","observed file is placed in the minecraft namespace","observed"
"resource","textures","minecraft:textures/item/music_disc_lava_chicken.png","assets/minecraft/textures/item/music_disc_lava_chicken.png","observed file is placed in the minecraft namespace","observed"
"resource","textures","minecraft:textures/item/music_disc_mall.png","assets/minecraft/textures/item/music_disc_mall.png","observed file is placed in the minecraft namespace","observed"
"resource","textures","minecraft:textures/item/music_disc_mellohi.png","assets/minecraft/textures/item/music_disc_mellohi.png","observed file is placed in the minecraft namespace","observed"
"resource","textures","minecraft:textures/item/music_disc_otherside.png","assets/minecraft/textures/item/music_disc_otherside.png","observed file is placed in the minecraft namespace","observed"
"resource","textures","minecraft:textures/item/music_disc_pigstep.png","assets/minecraft/textures/item/music_disc_pigstep.png","observed file is placed in the minecraft namespace","observed"
"resource","textures","minecraft:textures/item/music_disc_precipice.png","assets/minecraft/textures/item/music_disc_precipice.png","observed file is placed in the minecraft namespace","observed"
"resource","textures","minecraft:textures/item/music_disc_relic.png","assets/minecraft/textures/item/music_disc_relic.png","observed file is placed in the minecraft namespace","observed"
"resource","textures","minecraft:textures/item/music_disc_stal.png","assets/minecraft/textures/item/music_disc_stal.png","observed file is placed in the minecraft namespace","observed"
"resource","textures","minecraft:textures/item/music_disc_strad.png","assets/minecraft/textures/item/music_disc_strad.png","observed file is placed in the minecraft namespace","observed"
"resource","textures","minecraft:textures/item/music_disc_tears.png","assets/minecraft/textures/item/music_disc_tears.png","observed file is placed in the minecraft namespace","observed"
"resource","textures","minecraft:textures/item/music_disc_wait.png","assets/minecraft/textures/item/music_disc_wait.png","observed file is placed in the minecraft namespace","observed"
"resource","textures","minecraft:textures/item/music_disc_ward.png","assets/minecraft/textures/item/music_disc_ward.png","observed file is placed in the minecraft namespace","observed"
"resource","textures","minecraft:textures/item/muskellunge.png","assets/minecraft/textures/item/muskellunge.png","observed file is placed in the minecraft namespace","observed"
"resource","textures","minecraft:textures/item/naan.png","assets/minecraft/textures/item/naan.png","observed file is placed in the minecraft namespace","observed"
"resource","textures","minecraft:textures/item/nether_star.png","assets/minecraft/textures/item/nether_star.png","observed file is placed in the minecraft namespace","observed"
"resource","textures","minecraft:textures/item/nether_wart.png","assets/minecraft/textures/item/nether_wart.png","observed file is placed in the minecraft namespace","observed"
"resource","textures","minecraft:textures/item/netherite_axe.png","assets/minecraft/textures/item/netherite_axe.png","observed file is placed in the minecraft namespace","observed"
"resource","textures","minecraft:textures/item/netherite_boots.png","assets/minecraft/textures/item/netherite_boots.png","observed file is placed in the minecraft namespace","observed"
"resource","textures","minecraft:textures/item/netherite_chestplate.png","assets/minecraft/textures/item/netherite_chestplate.png","observed file is placed in the minecraft namespace","observed"
"resource","textures","minecraft:textures/item/netherite_helmet.png","assets/minecraft/textures/item/netherite_helmet.png","observed file is placed in the minecraft namespace","observed"
"resource","textures","minecraft:textures/item/netherite_hoe.png","assets/minecraft/textures/item/netherite_hoe.png","observed file is placed in the minecraft namespace","observed"
"resource","textures","minecraft:textures/item/netherite_ingot.png","assets/minecraft/textures/item/netherite_ingot.png","observed file is placed in the minecraft namespace","observed"
"resource","textures","minecraft:textures/item/netherite_leggings.png","assets/minecraft/textures/item/netherite_leggings.png","observed file is placed in the minecraft namespace","observed"
"resource","textures","minecraft:textures/item/netherite_pickaxe.png","assets/minecraft/textures/item/netherite_pickaxe.png","observed file is placed in the minecraft namespace","observed"
"resource","textures","minecraft:textures/item/netherite_shovel.png","assets/minecraft/textures/item/netherite_shovel.png","observed file is placed in the minecraft namespace","observed"
"resource","textures","minecraft:textures/item/netherite_spear.png","assets/minecraft/textures/item/netherite_spear.png","observed file is placed in the minecraft namespace","observed"
"resource","textures","minecraft:textures/item/netherite_spear_in_hand.png","assets/minecraft/textures/item/netherite_spear_in_hand.png","observed file is placed in the minecraft namespace","observed"
"resource","textures","minecraft:textures/item/netherite_sword.png","assets/minecraft/textures/item/netherite_sword.png","observed file is placed in the minecraft namespace","observed"
"resource","textures","minecraft:textures/item/netherite_upgrade_smithing_template.png","assets/minecraft/textures/item/netherite_upgrade_smithing_template.png","observed file is placed in the minecraft namespace","observed"
"resource","textures","minecraft:textures/item/nightshade_arrow.png","assets/minecraft/textures/item/nightshade_arrow.png","observed file is placed in the minecraft namespace","observed"
"resource","textures","minecraft:textures/item/northern_pike.png","assets/minecraft/textures/item/northern_pike.png","observed file is placed in the minecraft namespace","observed"
"resource","textures","minecraft:textures/item/oarfish.png","assets/minecraft/textures/item/oarfish.png","observed file is placed in the minecraft namespace","observed"
"resource","textures","minecraft:textures/item/oarfish_in_hand.png","assets/minecraft/textures/item/oarfish_in_hand.png","observed file is placed in the minecraft namespace","observed"
"resource","textures","minecraft:textures/item/ofuda.png","assets/minecraft/textures/item/ofuda.png","observed file is placed in the minecraft namespace","observed"
"resource","textures","minecraft:textures/item/opah.png","assets/minecraft/textures/item/opah.png","observed file is placed in the minecraft namespace","observed"
"resource","textures","minecraft:textures/item/opal.png","assets/minecraft/textures/item/opal.png","observed file is placed in the minecraft namespace","observed"
"resource","textures","minecraft:textures/item/opal_earrings.png","assets/minecraft/textures/item/opal_earrings.png","observed file is placed in the minecraft namespace","observed"
"resource","textures","minecraft:textures/item/open_eyeblossom.png","assets/minecraft/textures/item/open_eyeblossom.png","observed file is placed in the minecraft namespace","observed"
"resource","textures","minecraft:textures/item/orange_tulip.png","assets/minecraft/textures/item/orange_tulip.png","observed file is placed in the minecraft namespace","observed"
"resource","textures","minecraft:textures/item/oxeye_daisy.png","assets/minecraft/textures/item/oxeye_daisy.png","observed file is placed in the minecraft namespace","observed"
"resource","textures","minecraft:textures/item/oxidized_copper_chain.png","assets/minecraft/textures/item/oxidized_copper_chain.png","observed file is placed in the minecraft namespace","observed"
"resource","textures","minecraft:textures/item/pad_thai.png","assets/minecraft/textures/item/pad_thai.png","observed file is placed in the minecraft namespace","observed"
"resource","textures","minecraft:textures/item/painted_moray.png","assets/minecraft/textures/item/painted_moray.png","observed file is placed in the minecraft namespace","observed"
"resource","textures","minecraft:textures/item/palatinate_sword.png","assets/minecraft/textures/item/palatinate_sword.png","observed file is placed in the minecraft namespace","observed"
"resource","textures","minecraft:textures/item/pale_fish.png","assets/minecraft/textures/item/pale_fish.png","observed file is placed in the minecraft namespace","observed"
"resource","textures","minecraft:textures/item/paneer_makhani.png","assets/minecraft/textures/item/paneer_makhani.png","observed file is placed in the minecraft namespace","observed"
"resource","textures","minecraft:textures/item/papal_outpost_map.png","assets/minecraft/textures/item/papal_outpost_map.png","observed file is placed in the minecraft namespace","observed"
"resource","textures","minecraft:textures/item/paradise_lost.png","assets/minecraft/textures/item/paradise_lost.png","observed file is placed in the minecraft namespace","observed"
"resource","textures","minecraft:textures/item/peony.png","assets/minecraft/textures/item/peony.png","observed file is placed in the minecraft namespace","observed"
"resource","textures","minecraft:textures/item/phantom_membrane.png","assets/minecraft/textures/item/phantom_membrane.png","observed file is placed in the minecraft namespace","observed"
"resource","textures","minecraft:textures/item/pickle_everything.png","assets/minecraft/textures/item/pickle_everything.png","observed file is placed in the minecraft namespace","observed"
"resource","textures","minecraft:textures/item/pickled_carrots.png","assets/minecraft/textures/item/pickled_carrots.png","observed file is placed in the minecraft namespace","observed"
"resource","textures","minecraft:textures/item/pickled_crimson_fungus.png","assets/minecraft/textures/item/pickled_crimson_fungus.png","observed file is placed in the minecraft namespace","observed"
"resource","textures","minecraft:textures/item/pickled_mushrooms.png","assets/minecraft/textures/item/pickled_mushrooms.png","observed file is placed in the minecraft namespace","observed"
"resource","textures","minecraft:textures/item/pickled_potatoes.png","assets/minecraft/textures/item/pickled_potatoes.png","observed file is placed in the minecraft namespace","observed"
"resource","textures","minecraft:textures/item/pickled_red_mushrooms.png","assets/minecraft/textures/item/pickled_red_mushrooms.png","observed file is placed in the minecraft namespace","observed"
"resource","textures","minecraft:textures/item/pickled_tomatoes.png","assets/minecraft/textures/item/pickled_tomatoes.png","observed file is placed in the minecraft namespace","observed"
"resource","textures","minecraft:textures/item/pickled_warped_fungus.png","assets/minecraft/textures/item/pickled_warped_fungus.png","observed file is placed in the minecraft namespace","observed"
"resource","textures","minecraft:textures/item/pink_petals.png","assets/minecraft/textures/item/pink_petals.png","observed file is placed in the minecraft namespace","observed"
"resource","textures","minecraft:textures/item/pink_tulip.png","assets/minecraft/textures/item/pink_tulip.png","observed file is placed in the minecraft namespace","observed"
"resource","textures","minecraft:textures/item/piranha.png","assets/minecraft/textures/item/piranha.png","observed file is placed in the minecraft namespace","observed"
"resource","textures","minecraft:textures/item/poisonous_potato.png","assets/minecraft/textures/item/poisonous_potato.png","observed file is placed in the minecraft namespace","observed"
"resource","textures","minecraft:textures/item/poppy.png","assets/minecraft/textures/item/poppy.png","observed file is placed in the minecraft namespace","observed"
"resource","textures","minecraft:textures/item/porkchop_classic.png","assets/minecraft/textures/item/porkchop_classic.png","observed file is placed in the minecraft namespace","observed"
"resource","textures","minecraft:textures/item/potato.png","assets/minecraft/textures/item/potato.png","observed file is placed in the minecraft namespace","observed"
"resource","textures","minecraft:textures/item/potion.png","assets/minecraft/textures/item/potion.png","observed file is placed in the minecraft namespace","observed"
"resource","textures","minecraft:textures/item/potion_overlay.png","assets/minecraft/textures/item/potion_overlay.png","observed file is placed in the minecraft namespace","observed"
"resource","textures","minecraft:textures/item/powder_snow_bucket.png","assets/minecraft/textures/item/powder_snow_bucket.png","observed file is placed in the minecraft namespace","observed"
"resource","textures","minecraft:textures/item/prismarine_crystals.png","assets/minecraft/textures/item/prismarine_crystals.png","observed file is placed in the minecraft namespace","observed"
"resource","textures","minecraft:textures/item/prismarine_shard.png","assets/minecraft/textures/item/prismarine_shard.png","observed file is placed in the minecraft namespace","observed"
"resource","textures","minecraft:textures/item/puerquito.png","assets/minecraft/textures/item/puerquito.png","observed file is placed in the minecraft namespace","observed"
"resource","textures","minecraft:textures/item/pufferfish_bucket.png","assets/minecraft/textures/item/pufferfish_bucket.png","observed file is placed in the minecraft namespace","observed"
"resource","textures","minecraft:textures/item/pumpkin_empanada.png","assets/minecraft/textures/item/pumpkin_empanada.png","observed file is placed in the minecraft namespace","observed"
"resource","textures","minecraft:textures/item/pumpkin_jam.png","assets/minecraft/textures/item/pumpkin_jam.png","observed file is placed in the minecraft namespace","observed"
"resource","textures","minecraft:textures/item/pumpkin_slice.png","assets/minecraft/textures/item/pumpkin_slice.png","observed file is placed in the minecraft namespace","observed"
"resource","textures","minecraft:textures/item/pupusa.png","assets/minecraft/textures/item/pupusa.png","observed file is placed in the minecraft namespace","observed"
"resource","textures","minecraft:textures/item/quran.png","assets/minecraft/textures/item/quran.png","observed file is placed in the minecraft namespace","observed"
"resource","textures","minecraft:textures/item/rabbit.png","assets/minecraft/textures/item/rabbit.png","observed file is placed in the minecraft namespace","observed"
"resource","textures","minecraft:textures/item/rabbit_hide.png","assets/minecraft/textures/item/rabbit_hide.png","observed file is placed in the minecraft namespace","observed"
"resource","textures","minecraft:textures/item/rainbow_wrasse.png","assets/minecraft/textures/item/rainbow_wrasse.png","observed file is placed in the minecraft namespace","observed"
"resource","textures","minecraft:textures/item/ramen.png","assets/minecraft/textures/item/ramen.png","observed file is placed in the minecraft namespace","observed"
"resource","textures","minecraft:textures/item/red_mushroom.png","assets/minecraft/textures/item/red_mushroom.png","observed file is placed in the minecraft namespace","observed"
"resource","textures","minecraft:textures/item/red_mushroom_stroganoff.png","assets/minecraft/textures/item/red_mushroom_stroganoff.png","observed file is placed in the minecraft namespace","observed"
"resource","textures","minecraft:textures/item/red_tulip.png","assets/minecraft/textures/item/red_tulip.png","observed file is placed in the minecraft namespace","observed"
"resource","textures","minecraft:textures/item/redstone.png","assets/minecraft/textures/item/redstone.png","observed file is placed in the minecraft namespace","observed"
"resource","textures","minecraft:textures/item/rind_jam.png","assets/minecraft/textures/item/rind_jam.png","observed file is placed in the minecraft namespace","observed"
"resource","textures","minecraft:textures/item/rose_bush.png","assets/minecraft/textures/item/rose_bush.png","observed file is placed in the minecraft namespace","observed"
"resource","textures","minecraft:textures/item/rose_classic.png","assets/minecraft/textures/item/rose_classic.png","observed file is placed in the minecraft namespace","observed"
"resource","textures","minecraft:textures/item/ruby.png","assets/minecraft/textures/item/ruby.png","observed file is placed in the minecraft namespace","observed"
"resource","textures","minecraft:textures/item/ruby_circlet.png","assets/minecraft/textures/item/ruby_circlet.png","observed file is placed in the minecraft namespace","observed"
"resource","textures","minecraft:textures/item/rusty_axe.png","assets/minecraft/textures/item/rusty_axe.png","observed file is placed in the minecraft namespace","observed"
"resource","textures","minecraft:textures/item/saddle.png","assets/minecraft/textures/item/saddle.png","observed file is placed in the minecraft namespace","observed"
"resource","textures","minecraft:textures/item/salmon.png","assets/minecraft/textures/item/salmon.png","observed file is placed in the minecraft namespace","observed"
"resource","textures","minecraft:textures/item/salmon_bucket.png","assets/minecraft/textures/item/salmon_bucket.png","observed file is placed in the minecraft namespace","observed"
"resource","textures","minecraft:textures/item/sculk_vein.png","assets/minecraft/textures/item/sculk_vein.png","observed file is placed in the minecraft namespace","observed"
"resource","textures","minecraft:textures/item/secret_ingredient.png","assets/minecraft/textures/item/secret_ingredient.png","observed file is placed in the minecraft namespace","observed"
"resource","textures","minecraft:textures/item/secret_meal.png","assets/minecraft/textures/item/secret_meal.png","observed file is placed in the minecraft namespace","observed"
"resource","textures","minecraft:textures/item/seed_bundle.png","assets/minecraft/textures/item/seed_bundle.png","observed file is placed in the minecraft namespace","observed"
"resource","textures","minecraft:textures/item/seed_bundle_open_back.png","assets/minecraft/textures/item/seed_bundle_open_back.png","observed file is placed in the minecraft namespace","observed"
"resource","textures","minecraft:textures/item/seed_bundle_open_front.png","assets/minecraft/textures/item/seed_bundle_open_front.png","observed file is placed in the minecraft namespace","observed"
"resource","textures","minecraft:textures/item/shad.png","assets/minecraft/textures/item/shad.png","observed file is placed in the minecraft namespace","observed"
"resource","textures","minecraft:textures/item/shakudo_axe.png","assets/minecraft/textures/item/shakudo_axe.png","observed file is placed in the minecraft namespace","observed"
"resource","textures","minecraft:textures/item/shakudo_boots.png","assets/minecraft/textures/item/shakudo_boots.png","observed file is placed in the minecraft namespace","observed"
"resource","textures","minecraft:textures/item/shakudo_chestplate.png","assets/minecraft/textures/item/shakudo_chestplate.png","observed file is placed in the minecraft namespace","observed"
"resource","textures","minecraft:textures/item/shakudo_dolabra.png","assets/minecraft/textures/item/shakudo_dolabra.png","observed file is placed in the minecraft namespace","observed"
"resource","textures","minecraft:textures/item/shakudo_elytra.png","assets/minecraft/textures/item/shakudo_elytra.png","observed file is placed in the minecraft namespace","observed"
"resource","textures","minecraft:textures/item/shakudo_elytra_broken.png","assets/minecraft/textures/item/shakudo_elytra_broken.png","observed file is placed in the minecraft namespace","observed"
"resource","textures","minecraft:textures/item/shakudo_helmet.png","assets/minecraft/textures/item/shakudo_helmet.png","observed file is placed in the minecraft namespace","observed"
"resource","textures","minecraft:textures/item/shakudo_hoe.png","assets/minecraft/textures/item/shakudo_hoe.png","observed file is placed in the minecraft namespace","observed"
"resource","textures","minecraft:textures/item/shakudo_leggings.png","assets/minecraft/textures/item/shakudo_leggings.png","observed file is placed in the minecraft namespace","observed"
"resource","textures","minecraft:textures/item/shakudo_mattock.png","assets/minecraft/textures/item/shakudo_mattock.png","observed file is placed in the minecraft namespace","observed"
"resource","textures","minecraft:textures/item/shakudo_pickaxe.png","assets/minecraft/textures/item/shakudo_pickaxe.png","observed file is placed in the minecraft namespace","observed"
"resource","textures","minecraft:textures/item/shakudo_shovel.png","assets/minecraft/textures/item/shakudo_shovel.png","observed file is placed in the minecraft namespace","observed"
"resource","textures","minecraft:textures/item/shakudo_spear.png","assets/minecraft/textures/item/shakudo_spear.png","observed file is placed in the minecraft namespace","observed"
"resource","textures","minecraft:textures/item/shakudo_spear_in_hand.png","assets/minecraft/textures/item/shakudo_spear_in_hand.png","observed file is placed in the minecraft namespace","observed"
"resource","textures","minecraft:textures/item/shears.png","assets/minecraft/textures/item/shears.png","observed file is placed in the minecraft namespace","observed"
"resource","textures","minecraft:textures/item/short_dry_grass.png","assets/minecraft/textures/item/short_dry_grass.png","observed file is placed in the minecraft namespace","observed"
"resource","textures","minecraft:textures/item/shulker_shell.png","assets/minecraft/textures/item/shulker_shell.png","observed file is placed in the minecraft namespace","observed"
"resource","textures","minecraft:textures/item/siberian_sturgeon.png","assets/minecraft/textures/item/siberian_sturgeon.png","observed file is placed in the minecraft namespace","observed"
"resource","textures","minecraft:textures/item/silver_sword.png","assets/minecraft/textures/item/silver_sword.png","observed file is placed in the minecraft namespace","observed"
"resource","textures","minecraft:textures/item/skate.png","assets/minecraft/textures/item/skate.png","observed file is placed in the minecraft namespace","observed"
"resource","textures","minecraft:textures/item/small_placeholder_fish.png","assets/minecraft/textures/item/small_placeholder_fish.png","observed file is placed in the minecraft namespace","observed"
"resource","textures","minecraft:textures/item/snow_shovel.png","assets/minecraft/textures/item/snow_shovel.png","observed file is placed in the minecraft namespace","observed"
"resource","textures","minecraft:textures/item/solomon.png","assets/minecraft/textures/item/solomon.png","observed file is placed in the minecraft namespace","observed"
"resource","textures","minecraft:textures/item/soul_campfire.png","assets/minecraft/textures/item/soul_campfire.png","observed file is placed in the minecraft namespace","observed"
"resource","textures","minecraft:textures/item/splash_potion.png","assets/minecraft/textures/item/splash_potion.png","observed file is placed in the minecraft namespace","observed"
"resource","textures","minecraft:textures/item/spoonhead_sculpin.png","assets/minecraft/textures/item/spoonhead_sculpin.png","observed file is placed in the minecraft namespace","observed"
"resource","textures","minecraft:textures/item/steamed_carrots.png","assets/minecraft/textures/item/steamed_carrots.png","observed file is placed in the minecraft namespace","observed"
"resource","textures","minecraft:textures/item/steel_alloy.png","assets/minecraft/textures/item/steel_alloy.png","observed file is placed in the minecraft namespace","observed"
"resource","textures","minecraft:textures/item/steel_axe.png","assets/minecraft/textures/item/steel_axe.png","observed file is placed in the minecraft namespace","observed"
"resource","textures","minecraft:textures/item/steel_boots.png","assets/minecraft/textures/item/steel_boots.png","observed file is placed in the minecraft namespace","observed"
"resource","textures","minecraft:textures/item/steel_chestplate.png","assets/minecraft/textures/item/steel_chestplate.png","observed file is placed in the minecraft namespace","observed"
"resource","textures","minecraft:textures/item/steel_dolabra.png","assets/minecraft/textures/item/steel_dolabra.png","observed file is placed in the minecraft namespace","observed"
"resource","textures","minecraft:textures/item/steel_helmet.png","assets/minecraft/textures/item/steel_helmet.png","observed file is placed in the minecraft namespace","observed"
"resource","textures","minecraft:textures/item/steel_hoe.png","assets/minecraft/textures/item/steel_hoe.png","observed file is placed in the minecraft namespace","observed"
"resource","textures","minecraft:textures/item/steel_leggings.png","assets/minecraft/textures/item/steel_leggings.png","observed file is placed in the minecraft namespace","observed"
"resource","textures","minecraft:textures/item/steel_mattock.png","assets/minecraft/textures/item/steel_mattock.png","observed file is placed in the minecraft namespace","observed"
"resource","textures","minecraft:textures/item/steel_pickaxe.png","assets/minecraft/textures/item/steel_pickaxe.png","observed file is placed in the minecraft namespace","observed"
"resource","textures","minecraft:textures/item/steel_shears.png","assets/minecraft/textures/item/steel_shears.png","observed file is placed in the minecraft namespace","observed"
"resource","textures","minecraft:textures/item/steel_shovel.png","assets/minecraft/textures/item/steel_shovel.png","observed file is placed in the minecraft namespace","observed"
"resource","textures","minecraft:textures/item/steel_spear.png","assets/minecraft/textures/item/steel_spear.png","observed file is placed in the minecraft namespace","observed"
"resource","textures","minecraft:textures/item/steel_spear_in_hand.png","assets/minecraft/textures/item/steel_spear_in_hand.png","observed file is placed in the minecraft namespace","observed"
"resource","textures","minecraft:textures/item/steel_sword.png","assets/minecraft/textures/item/steel_sword.png","observed file is placed in the minecraft namespace","observed"
"resource","textures","minecraft:textures/item/stick.png","assets/minecraft/textures/item/stick.png","observed file is placed in the minecraft namespace","observed"
"resource","textures","minecraft:textures/item/striped_perch.png","assets/minecraft/textures/item/striped_perch.png","observed file is placed in the minecraft namespace","observed"
"resource","textures","minecraft:textures/item/stroganoff.png","assets/minecraft/textures/item/stroganoff.png","observed file is placed in the minecraft namespace","observed"
"resource","textures","minecraft:textures/item/sturdy_leather_boots.png","assets/minecraft/textures/item/sturdy_leather_boots.png","observed file is placed in the minecraft namespace","observed"
"resource","textures","minecraft:textures/item/sturdy_leather_chestplate.png","assets/minecraft/textures/item/sturdy_leather_chestplate.png","observed file is placed in the minecraft namespace","observed"
"resource","textures","minecraft:textures/item/sturdy_leather_helmet.png","assets/minecraft/textures/item/sturdy_leather_helmet.png","observed file is placed in the minecraft namespace","observed"
"resource","textures","minecraft:textures/item/sturdy_leather_helmet_overlay.png","assets/minecraft/textures/item/sturdy_leather_helmet_overlay.png","observed file is placed in the minecraft namespace","observed"
"resource","textures","minecraft:textures/item/sturdy_leather_leggings.png","assets/minecraft/textures/item/sturdy_leather_leggings.png","observed file is placed in the minecraft namespace","observed"
"resource","textures","minecraft:textures/item/sturdy_leather_leggings_overlay.png","assets/minecraft/textures/item/sturdy_leather_leggings_overlay.png","observed file is placed in the minecraft namespace","observed"
"resource","textures","minecraft:textures/item/sturgeon.png","assets/minecraft/textures/item/sturgeon.png","observed file is placed in the minecraft namespace","observed"
"resource","textures","minecraft:textures/item/sulfur_cube_bucket.png","assets/minecraft/textures/item/sulfur_cube_bucket.png","observed file is placed in the minecraft namespace","observed"
"resource","textures","minecraft:textures/item/sulfur_goo.png","assets/minecraft/textures/item/sulfur_goo.png","observed file is placed in the minecraft namespace","observed"
"resource","textures","minecraft:textures/item/sunflower.png","assets/minecraft/textures/item/sunflower.png","observed file is placed in the minecraft namespace","observed"
"resource","textures","minecraft:textures/item/suspicious_stew.png","assets/minecraft/textures/item/suspicious_stew.png","observed file is placed in the minecraft namespace","observed"
"resource","textures","minecraft:textures/item/sweet_berries.png","assets/minecraft/textures/item/sweet_berries.png","observed file is placed in the minecraft namespace","observed"
"resource","textures","minecraft:textures/item/sweet_berry_danish.png","assets/minecraft/textures/item/sweet_berry_danish.png","observed file is placed in the minecraft namespace","observed"
"resource","textures","minecraft:textures/item/sweet_berry_jam.png","assets/minecraft/textures/item/sweet_berry_jam.png","observed file is placed in the minecraft namespace","observed"
"resource","textures","minecraft:textures/item/sweet_berry_mash.png","assets/minecraft/textures/item/sweet_berry_mash.png","observed file is placed in the minecraft namespace","observed"
"resource","textures","minecraft:textures/item/sweet_berry_toast.png","assets/minecraft/textures/item/sweet_berry_toast.png","observed file is placed in the minecraft namespace","observed"
"resource","textures","minecraft:textures/item/sweet_berry_toast_recipe.png","assets/minecraft/textures/item/sweet_berry_toast_recipe.png","observed file is placed in the minecraft namespace","observed"
"resource","textures","minecraft:textures/item/swordfish.png","assets/minecraft/textures/item/swordfish.png","observed file is placed in the minecraft namespace","observed"
"resource","textures","minecraft:textures/item/tadpole_bucket.png","assets/minecraft/textures/item/tadpole_bucket.png","observed file is placed in the minecraft namespace","observed"
"resource","textures","minecraft:textures/item/tadpole_spawn_egg.png","assets/minecraft/textures/item/tadpole_spawn_egg.png","observed file is placed in the minecraft namespace","observed"
"resource","textures","minecraft:textures/item/tall_dry_grass.png","assets/minecraft/textures/item/tall_dry_grass.png","observed file is placed in the minecraft namespace","observed"
"resource","textures","minecraft:textures/item/tallow.png","assets/minecraft/textures/item/tallow.png","observed file is placed in the minecraft namespace","observed"
"resource","textures","minecraft:textures/item/tanakh.png","assets/minecraft/textures/item/tanakh.png","observed file is placed in the minecraft namespace","observed"
"resource","textures","minecraft:textures/item/tinder.png","assets/minecraft/textures/item/tinder.png","observed file is placed in the minecraft namespace","observed"
"resource","textures","minecraft:textures/item/titanium_compass1.png","assets/minecraft/textures/item/titanium_compass1.png","observed file is placed in the minecraft namespace","observed"
"resource","textures","minecraft:textures/item/titanium_compass10.png","assets/minecraft/textures/item/titanium_compass10.png","observed file is placed in the minecraft namespace","observed"
"resource","textures","minecraft:textures/item/titanium_compass11.png","assets/minecraft/textures/item/titanium_compass11.png","observed file is placed in the minecraft namespace","observed"
"resource","textures","minecraft:textures/item/titanium_compass12.png","assets/minecraft/textures/item/titanium_compass12.png","observed file is placed in the minecraft namespace","observed"
"resource","textures","minecraft:textures/item/titanium_compass13.png","assets/minecraft/textures/item/titanium_compass13.png","observed file is placed in the minecraft namespace","observed"
"resource","textures","minecraft:textures/item/titanium_compass14.png","assets/minecraft/textures/item/titanium_compass14.png","observed file is placed in the minecraft namespace","observed"
"resource","textures","minecraft:textures/item/titanium_compass15.png","assets/minecraft/textures/item/titanium_compass15.png","observed file is placed in the minecraft namespace","observed"
"resource","textures","minecraft:textures/item/titanium_compass16.png","assets/minecraft/textures/item/titanium_compass16.png","observed file is placed in the minecraft namespace","observed"
"resource","textures","minecraft:textures/item/titanium_compass17.png","assets/minecraft/textures/item/titanium_compass17.png","observed file is placed in the minecraft namespace","observed"
"resource","textures","minecraft:textures/item/titanium_compass18.png","assets/minecraft/textures/item/titanium_compass18.png","observed file is placed in the minecraft namespace","observed"
"resource","textures","minecraft:textures/item/titanium_compass19.png","assets/minecraft/textures/item/titanium_compass19.png","observed file is placed in the minecraft namespace","observed"
"resource","textures","minecraft:textures/item/titanium_compass2.png","assets/minecraft/textures/item/titanium_compass2.png","observed file is placed in the minecraft namespace","observed"
"resource","textures","minecraft:textures/item/titanium_compass20.png","assets/minecraft/textures/item/titanium_compass20.png","observed file is placed in the minecraft namespace","observed"
"resource","textures","minecraft:textures/item/titanium_compass21.png","assets/minecraft/textures/item/titanium_compass21.png","observed file is placed in the minecraft namespace","observed"
"resource","textures","minecraft:textures/item/titanium_compass22.png","assets/minecraft/textures/item/titanium_compass22.png","observed file is placed in the minecraft namespace","observed"
"resource","textures","minecraft:textures/item/titanium_compass23.png","assets/minecraft/textures/item/titanium_compass23.png","observed file is placed in the minecraft namespace","observed"
"resource","textures","minecraft:textures/item/titanium_compass24.png","assets/minecraft/textures/item/titanium_compass24.png","observed file is placed in the minecraft namespace","observed"
"resource","textures","minecraft:textures/item/titanium_compass25.png","assets/minecraft/textures/item/titanium_compass25.png","observed file is placed in the minecraft namespace","observed"
"resource","textures","minecraft:textures/item/titanium_compass26.png","assets/minecraft/textures/item/titanium_compass26.png","observed file is placed in the minecraft namespace","observed"
"resource","textures","minecraft:textures/item/titanium_compass27.png","assets/minecraft/textures/item/titanium_compass27.png","observed file is placed in the minecraft namespace","observed"
"resource","textures","minecraft:textures/item/titanium_compass28.png","assets/minecraft/textures/item/titanium_compass28.png","observed file is placed in the minecraft namespace","observed"
"resource","textures","minecraft:textures/item/titanium_compass29.png","assets/minecraft/textures/item/titanium_compass29.png","observed file is placed in the minecraft namespace","observed"
"resource","textures","minecraft:textures/item/titanium_compass3.png","assets/minecraft/textures/item/titanium_compass3.png","observed file is placed in the minecraft namespace","observed"
"resource","textures","minecraft:textures/item/titanium_compass30.png","assets/minecraft/textures/item/titanium_compass30.png","observed file is placed in the minecraft namespace","observed"
"resource","textures","minecraft:textures/item/titanium_compass31.png","assets/minecraft/textures/item/titanium_compass31.png","observed file is placed in the minecraft namespace","observed"
"resource","textures","minecraft:textures/item/titanium_compass32.png","assets/minecraft/textures/item/titanium_compass32.png","observed file is placed in the minecraft namespace","observed"
"resource","textures","minecraft:textures/item/titanium_compass4.png","assets/minecraft/textures/item/titanium_compass4.png","observed file is placed in the minecraft namespace","observed"
"resource","textures","minecraft:textures/item/titanium_compass5.png","assets/minecraft/textures/item/titanium_compass5.png","observed file is placed in the minecraft namespace","observed"
"resource","textures","minecraft:textures/item/titanium_compass6.png","assets/minecraft/textures/item/titanium_compass6.png","observed file is placed in the minecraft namespace","observed"
"resource","textures","minecraft:textures/item/titanium_compass7.png","assets/minecraft/textures/item/titanium_compass7.png","observed file is placed in the minecraft namespace","observed"
"resource","textures","minecraft:textures/item/titanium_compass8.png","assets/minecraft/textures/item/titanium_compass8.png","observed file is placed in the minecraft namespace","observed"
"resource","textures","minecraft:textures/item/titanium_compass9.png","assets/minecraft/textures/item/titanium_compass9.png","observed file is placed in the minecraft namespace","observed"
"resource","textures","minecraft:textures/item/tnt_minecart.png","assets/minecraft/textures/item/tnt_minecart.png","observed file is placed in the minecraft namespace","observed"
"resource","textures","minecraft:textures/item/topaz.png","assets/minecraft/textures/item/topaz.png","observed file is placed in the minecraft namespace","observed"
"resource","textures","minecraft:textures/item/topaz_earrings.png","assets/minecraft/textures/item/topaz_earrings.png","observed file is placed in the minecraft namespace","observed"
"resource","textures","minecraft:textures/item/tropical_fish_bucket.png","assets/minecraft/textures/item/tropical_fish_bucket.png","observed file is placed in the minecraft namespace","observed"
"resource","textures","minecraft:textures/item/tunisian_barb.png","assets/minecraft/textures/item/tunisian_barb.png","observed file is placed in the minecraft namespace","observed"
"resource","textures","minecraft:textures/item/turtle_scute.png","assets/minecraft/textures/item/turtle_scute.png","observed file is placed in the minecraft namespace","observed"
"resource","textures","minecraft:textures/item/uncooked_curry.png","assets/minecraft/textures/item/uncooked_curry.png","observed file is placed in the minecraft namespace","observed"
"resource","textures","minecraft:textures/item/uncooked_green_curry.png","assets/minecraft/textures/item/uncooked_green_curry.png","observed file is placed in the minecraft namespace","observed"
"resource","textures","minecraft:textures/item/uncooked_paneer_makhani.png","assets/minecraft/textures/item/uncooked_paneer_makhani.png","observed file is placed in the minecraft namespace","observed"
"resource","textures","minecraft:textures/item/uncooked_ramen.png","assets/minecraft/textures/item/uncooked_ramen.png","observed file is placed in the minecraft namespace","observed"
"resource","textures","minecraft:textures/item/walleye.png","assets/minecraft/textures/item/walleye.png","observed file is placed in the minecraft namespace","observed"
"resource","textures","minecraft:textures/item/warding_stone.png","assets/minecraft/textures/item/warding_stone.png","observed file is placed in the minecraft namespace","observed"
"resource","textures","minecraft:textures/item/warding_sword.png","assets/minecraft/textures/item/warding_sword.png","observed file is placed in the minecraft namespace","observed"
"resource","textures","minecraft:textures/item/warped_fungus.png","assets/minecraft/textures/item/warped_fungus.png","observed file is placed in the minecraft namespace","observed"
"resource","textures","minecraft:textures/item/warped_pizza.png","assets/minecraft/textures/item/warped_pizza.png","observed file is placed in the minecraft namespace","observed"
"resource","textures","minecraft:textures/item/warped_stroganoff.png","assets/minecraft/textures/item/warped_stroganoff.png","observed file is placed in the minecraft namespace","observed"
"resource","textures","minecraft:textures/item/warped_stroganoff_recipe.png","assets/minecraft/textures/item/warped_stroganoff_recipe.png","observed file is placed in the minecraft namespace","observed"
"resource","textures","minecraft:textures/item/water_bucket.png","assets/minecraft/textures/item/water_bucket.png","observed file is placed in the minecraft namespace","observed"
"resource","textures","minecraft:textures/item/waxed_copper_chain.png","assets/minecraft/textures/item/waxed_copper_chain.png","observed file is placed in the minecraft namespace","observed"
"resource","textures","minecraft:textures/item/waxed_exposed_copper_chain.png","assets/minecraft/textures/item/waxed_exposed_copper_chain.png","observed file is placed in the minecraft namespace","observed"
"resource","textures","minecraft:textures/item/waxed_oxidized_copper_chain.png","assets/minecraft/textures/item/waxed_oxidized_copper_chain.png","observed file is placed in the minecraft namespace","observed"
"resource","textures","minecraft:textures/item/waxed_weathered_copper_chain.png","assets/minecraft/textures/item/waxed_weathered_copper_chain.png","observed file is placed in the minecraft namespace","observed"
"resource","textures","minecraft:textures/item/weathered_copper_chain.png","assets/minecraft/textures/item/weathered_copper_chain.png","observed file is placed in the minecraft namespace","observed"
"resource","textures","minecraft:textures/item/wheat.png","assets/minecraft/textures/item/wheat.png","observed file is placed in the minecraft namespace","observed"
"resource","textures","minecraft:textures/item/wheat_seeds.png","assets/minecraft/textures/item/wheat_seeds.png","observed file is placed in the minecraft namespace","observed"
"resource","textures","minecraft:textures/item/white_tulip.png","assets/minecraft/textures/item/white_tulip.png","observed file is placed in the minecraft namespace","observed"
"resource","textures","minecraft:textures/item/wildflowers.png","assets/minecraft/textures/item/wildflowers.png","observed file is placed in the minecraft namespace","observed"
"resource","textures","minecraft:textures/item/wither_rose.png","assets/minecraft/textures/item/wither_rose.png","observed file is placed in the minecraft namespace","observed"
"resource","textures","minecraft:textures/item/wolf_armor.png","assets/minecraft/textures/item/wolf_armor.png","observed file is placed in the minecraft namespace","observed"
"resource","textures","minecraft:textures/item/wolf_armor_overlay.png","assets/minecraft/textures/item/wolf_armor_overlay.png","observed file is placed in the minecraft namespace","observed"
"resource","textures","minecraft:textures/item/wolffish.png","assets/minecraft/textures/item/wolffish.png","observed file is placed in the minecraft namespace","observed"
"resource","textures","minecraft:textures/item/wooden_cross.png","assets/minecraft/textures/item/wooden_cross.png","observed file is placed in the minecraft namespace","observed"
"resource","textures","minecraft:textures/item/wooden_spear.png","assets/minecraft/textures/item/wooden_spear.png","observed file is placed in the minecraft namespace","observed"
"resource","textures","minecraft:textures/item/wooden_spear_in_hand.png","assets/minecraft/textures/item/wooden_spear_in_hand.png","observed file is placed in the minecraft namespace","observed"
"resource","textures","minecraft:textures/misc/enchanted_glint_armor.png","assets/minecraft/textures/misc/enchanted_glint_armor.png","observed file is placed in the minecraft namespace","observed"
"resource","textures","minecraft:textures/misc/enchanted_glint_item.png","assets/minecraft/textures/misc/enchanted_glint_item.png","observed file is placed in the minecraft namespace","observed"
"resource","textures","minecraft:textures/misc/enchanted_item_glint.png.mcmeta","assets/minecraft/textures/misc/enchanted_item_glint.png.mcmeta","observed file is placed in the minecraft namespace","observed"
"resource","textures","minecraft:textures/misc/pumpkinblur.png","assets/minecraft/textures/misc/pumpkinblur.png","observed file is placed in the minecraft namespace","observed"
"resource","textures","minecraft:textures/painting/back.png","assets/minecraft/textures/painting/back.png","observed file is placed in the minecraft namespace","observed"
"resource","textures","minecraft:textures/painting/match.png","assets/minecraft/textures/painting/match.png","observed file is placed in the minecraft namespace","observed"
"resource","textures","minecraft:textures/particle/flame.png","assets/minecraft/textures/particle/flame.png","observed file is placed in the minecraft namespace","observed"
"resource","textures","minecraft:textures/particle/flame2.png","assets/minecraft/textures/particle/flame2.png","observed file is placed in the minecraft namespace","observed"
"resource","textures","minecraft:textures/particle/flame3.png","assets/minecraft/textures/particle/flame3.png","observed file is placed in the minecraft namespace","observed"
"resource","textures","minecraft:textures/particle/smoke_1.png","assets/minecraft/textures/particle/smoke_1.png","observed file is placed in the minecraft namespace","observed"
"resource","textures","minecraft:textures/particle/smoke_2.png","assets/minecraft/textures/particle/smoke_2.png","observed file is placed in the minecraft namespace","observed"
"resource","textures","minecraft:textures/particle/smoke_3.png","assets/minecraft/textures/particle/smoke_3.png","observed file is placed in the minecraft namespace","observed"
"resource","textures","minecraft:textures/particle/smoke_4.png","assets/minecraft/textures/particle/smoke_4.png","observed file is placed in the minecraft namespace","observed"
"resource","textures","minecraft:textures/particle/smoke_5.png","assets/minecraft/textures/particle/smoke_5.png","observed file is placed in the minecraft namespace","observed"
"resource","textures","minecraft:textures/particle/smoke_6.png","assets/minecraft/textures/particle/smoke_6.png","observed file is placed in the minecraft namespace","observed"
"resource","textures","minecraft:textures/particle/smoke_7.png","assets/minecraft/textures/particle/smoke_7.png","observed file is placed in the minecraft namespace","observed"
"resource","textures","minecraft:textures/particle/soul_fire_flame.png","assets/minecraft/textures/particle/soul_fire_flame.png","observed file is placed in the minecraft namespace","observed"
"resource","textures","minecraft:textures/particle/soul_fire_flame2.png","assets/minecraft/textures/particle/soul_fire_flame2.png","observed file is placed in the minecraft namespace","observed"
"resource","textures","minecraft:textures/particle/soul_fire_flame3.png","assets/minecraft/textures/particle/soul_fire_flame3.png","observed file is placed in the minecraft namespace","observed"
"resource","textures","minecraft:textures/particle/splash_0.png","assets/minecraft/textures/particle/splash_0.png","observed file is placed in the minecraft namespace","observed"
"resource","textures","minecraft:textures/particle/splash_1.png","assets/minecraft/textures/particle/splash_1.png","observed file is placed in the minecraft namespace","observed"
"resource","textures","minecraft:textures/particle/splash_2.png","assets/minecraft/textures/particle/splash_2.png","observed file is placed in the minecraft namespace","observed"
"resource","textures","minecraft:textures/particle/splash_3.png","assets/minecraft/textures/particle/splash_3.png","observed file is placed in the minecraft namespace","observed"
"resource","textures","minecraft:textures/trims/color_palettes/iron_darker.png","assets/minecraft/textures/trims/color_palettes/iron_darker.png","observed file is placed in the minecraft namespace","observed"
"resource","textures","minecraft:textures/trims/color_palettes/lapis.png","assets/minecraft/textures/trims/color_palettes/lapis.png","observed file is placed in the minecraft namespace","observed"
"resource","textures","minecraft:textures/trims/color_palettes/quartz.png","assets/minecraft/textures/trims/color_palettes/quartz.png","observed file is placed in the minecraft namespace","observed"
"resource","textures","minecraft:textures/trims/entity/humanoid/flow.png","assets/minecraft/textures/trims/entity/humanoid/flow.png","observed file is placed in the minecraft namespace","observed"
"resource","textures","minecraft:textures/trims/entity/humanoid/flow2.png","assets/minecraft/textures/trims/entity/humanoid/flow2.png","observed file is placed in the minecraft namespace","observed"
"resource","textures","minecraft:textures/trims/entity/humanoid/rib.png","assets/minecraft/textures/trims/entity/humanoid/rib.png","observed file is placed in the minecraft namespace","observed"
"resource","textures","minecraft:textures/trims/entity/humanoid_leggings/rib.png","assets/minecraft/textures/trims/entity/humanoid_leggings/rib.png","observed file is placed in the minecraft namespace","observed"
"resource","textures","minecraft:textures/unused/PixelMap.png","assets/minecraft/textures/unused/PixelMap.png","observed file is placed in the minecraft namespace","observed"
"resource","textures","minecraft:textures/unused/README.txt","assets/minecraft/textures/unused/README.txt","observed file is placed in the minecraft namespace","observed"
"resource","textures","minecraft:textures/unused/apple_pie.png","assets/minecraft/textures/unused/apple_pie.png","observed file is placed in the minecraft namespace","observed"
"resource","textures","minecraft:textures/unused/baked_appleALT.png","assets/minecraft/textures/unused/baked_appleALT.png","observed file is placed in the minecraft namespace","observed"
"resource","textures","minecraft:textures/unused/beef_pot_pie.png","assets/minecraft/textures/unused/beef_pot_pie.png","observed file is placed in the minecraft namespace","observed"
"resource","textures","minecraft:textures/unused/chicken_pot_pie.png","assets/minecraft/textures/unused/chicken_pot_pie.png","observed file is placed in the minecraft namespace","observed"
"resource","textures","minecraft:textures/unused/deepslate_ilmenite_ore.png","assets/minecraft/textures/unused/deepslate_ilmenite_ore.png","observed file is placed in the minecraft namespace","observed"
"resource","textures","minecraft:textures/unused/humanoid/titanium.png","assets/minecraft/textures/unused/humanoid/titanium.png","observed file is placed in the minecraft namespace","observed"
"resource","textures","minecraft:textures/unused/humanoid/titanium2.png","assets/minecraft/textures/unused/humanoid/titanium2.png","observed file is placed in the minecraft namespace","observed"
"resource","textures","minecraft:textures/unused/humanoid_leggings/titanium.png","assets/minecraft/textures/unused/humanoid_leggings/titanium.png","observed file is placed in the minecraft namespace","observed"
"resource","textures","minecraft:textures/unused/ilmenite_ore.png","assets/minecraft/textures/unused/ilmenite_ore.png","observed file is placed in the minecraft namespace","observed"
"resource","textures","minecraft:textures/unused/music_disc_amethyst_theme.png","assets/minecraft/textures/unused/music_disc_amethyst_theme.png","observed file is placed in the minecraft namespace","observed"
"resource","textures","minecraft:textures/unused/music_disc_swords.png","assets/minecraft/textures/unused/music_disc_swords.png","observed file is placed in the minecraft namespace","observed"
"resource","textures","minecraft:textures/unused/poisonous_carrot.png","assets/minecraft/textures/unused/poisonous_carrot.png","observed file is placed in the minecraft namespace","observed"
"resource","textures","minecraft:textures/unused/raw_titanium.png","assets/minecraft/textures/unused/raw_titanium.png","observed file is placed in the minecraft namespace","observed"
"resource","textures","minecraft:textures/unused/titanium.png","assets/minecraft/textures/unused/titanium.png","observed file is placed in the minecraft namespace","observed"
"resource","textures","minecraft:textures/unused/titanium_axe.png","assets/minecraft/textures/unused/titanium_axe.png","observed file is placed in the minecraft namespace","observed"
"resource","textures","minecraft:textures/unused/titanium_block.png","assets/minecraft/textures/unused/titanium_block.png","observed file is placed in the minecraft namespace","observed"
"resource","textures","minecraft:textures/unused/titanium_boots.png","assets/minecraft/textures/unused/titanium_boots.png","observed file is placed in the minecraft namespace","observed"
"resource","textures","minecraft:textures/unused/titanium_chestplate.png","assets/minecraft/textures/unused/titanium_chestplate.png","observed file is placed in the minecraft namespace","observed"
"resource","textures","minecraft:textures/unused/titanium_horse_armor.png","assets/minecraft/textures/unused/titanium_horse_armor.png","observed file is placed in the minecraft namespace","observed"
"resource","textures","minecraft:textures/unused/titanium_leggings.png","assets/minecraft/textures/unused/titanium_leggings.png","observed file is placed in the minecraft namespace","observed"
"resource","textures","minecraft:textures/unused/titanium_pickaxe.png","assets/minecraft/textures/unused/titanium_pickaxe.png","observed file is placed in the minecraft namespace","observed"
"resource","textures","minecraft:textures/unused/titanium_shovel.png","assets/minecraft/textures/unused/titanium_shovel.png","observed file is placed in the minecraft namespace","observed"
"resource","textures","minecraft:textures/unused/titanium_sickle.png","assets/minecraft/textures/unused/titanium_sickle.png","observed file is placed in the minecraft namespace","observed"
"resource","textures","minecraft:textures/unused/titanium_spear.png","assets/minecraft/textures/unused/titanium_spear.png","observed file is placed in the minecraft namespace","observed"
"resource","textures","minecraft:textures/unused/titanium_spear_in_hand.png","assets/minecraft/textures/unused/titanium_spear_in_hand.png","observed file is placed in the minecraft namespace","observed"
"resource","textures","minecraft:textures/unused/titanium_sword.png","assets/minecraft/textures/unused/titanium_sword.png","observed file is placed in the minecraft namespace","observed"
"resource","textures","minecraft:textures/unused/titanium_warpick.png","assets/minecraft/textures/unused/titanium_warpick.png","observed file is placed in the minecraft namespace","observed"
"resource","textures","minecraft:textures/unused/titantium_helmet.png","assets/minecraft/textures/unused/titantium_helmet.png","observed file is placed in the minecraft namespace","observed"
"data","dimension-type","minecraft:I_HATE_TRUE_DARKNESS.txt","data/minecraft/dimension_type/I_HATE_TRUE_DARKNESS.txt","observed file is placed in the minecraft namespace","observed"
"data","dimension-type","minecraft:overworld","data/minecraft/dimension_type/overworld.json","observed file is placed in the minecraft namespace","observed"
"data","dimension-type","minecraft:overworld_no_true_darkness.txt","data/minecraft/dimension_type/overworld_no_true_darkness.txt","observed file is placed in the minecraft namespace","observed"
"data","dimension-type","minecraft:the_nether","data/minecraft/dimension_type/the_nether.json","observed file is placed in the minecraft namespace","observed"
"data","registry-data","minecraft:looting","data/minecraft/enchantment/looting.json","observed file is placed in the minecraft namespace","observed"
"data","loot-tables","minecraft:advancement/custom/root","data/minecraft/loot_table/advancement/custom/root.json","observed file is placed in the minecraft namespace","observed"
"data","loot-tables","minecraft:archaeology/abbey/grave","data/minecraft/loot_table/archaeology/abbey/grave.json","observed file is placed in the minecraft namespace","observed"
"data","loot-tables","minecraft:archaeology/desert_well","data/minecraft/loot_table/archaeology/desert_well.json","observed file is placed in the minecraft namespace","observed"
"data","loot-tables","minecraft:archaeology/ocean_ruin_cold","data/minecraft/loot_table/archaeology/ocean_ruin_cold.json","observed file is placed in the minecraft namespace","observed"
"data","loot-tables","minecraft:archaeology/ocean_ruin_warm","data/minecraft/loot_table/archaeology/ocean_ruin_warm.json","observed file is placed in the minecraft namespace","observed"
"data","loot-tables","minecraft:archaeology/statues","data/minecraft/loot_table/archaeology/statues.json","observed file is placed in the minecraft namespace","observed"
"data","loot-tables","minecraft:archaeology/trail_ruins_common","data/minecraft/loot_table/archaeology/trail_ruins_common.json","observed file is placed in the minecraft namespace","observed"
"data","loot-tables","minecraft:archaeology/trail_ruins_rare","data/minecraft/loot_table/archaeology/trail_ruins_rare.json","observed file is placed in the minecraft namespace","observed"
"data","loot-tables","minecraft:archaeology/village_plains","data/minecraft/loot_table/archaeology/village_plains.json","observed file is placed in the minecraft namespace","observed"
"data","loot-tables","minecraft:blocks/acacia_leaves","data/minecraft/loot_table/blocks/acacia_leaves.json","observed file is placed in the minecraft namespace","observed"
"data","loot-tables","minecraft:blocks/azalea_leaves","data/minecraft/loot_table/blocks/azalea_leaves.json","observed file is placed in the minecraft namespace","observed"
"data","loot-tables","minecraft:blocks/beetroots","data/minecraft/loot_table/blocks/beetroots.json","observed file is placed in the minecraft namespace","observed"
"data","loot-tables","minecraft:blocks/birch_leaves","data/minecraft/loot_table/blocks/birch_leaves.json","observed file is placed in the minecraft namespace","observed"
"data","loot-tables","minecraft:blocks/bookshelf","data/minecraft/loot_table/blocks/bookshelf.json","observed file is placed in the minecraft namespace","observed"
"data","loot-tables","minecraft:blocks/bush","data/minecraft/loot_table/blocks/bush.json","observed file is placed in the minecraft namespace","observed"
"data","loot-tables","minecraft:blocks/calibrated_sculk_sensor","data/minecraft/loot_table/blocks/calibrated_sculk_sensor.json","observed file is placed in the minecraft namespace","observed"
"data","loot-tables","minecraft:blocks/campfire","data/minecraft/loot_table/blocks/campfire.json","observed file is placed in the minecraft namespace","observed"
"data","loot-tables","minecraft:blocks/carrots","data/minecraft/loot_table/blocks/carrots.json","observed file is placed in the minecraft namespace","observed"
"data","loot-tables","minecraft:blocks/cave_vines","data/minecraft/loot_table/blocks/cave_vines.json","observed file is placed in the minecraft namespace","observed"
"data","loot-tables","minecraft:blocks/cave_vines_plant","data/minecraft/loot_table/blocks/cave_vines_plant.json","observed file is placed in the minecraft namespace","observed"
"data","loot-tables","minecraft:blocks/cherry_leaves","data/minecraft/loot_table/blocks/cherry_leaves.json","observed file is placed in the minecraft namespace","observed"
"data","loot-tables","minecraft:blocks/chorus_plant","data/minecraft/loot_table/blocks/chorus_plant.json","observed file is placed in the minecraft namespace","observed"
"data","loot-tables","minecraft:blocks/coal_ore","data/minecraft/loot_table/blocks/coal_ore.json","observed file is placed in the minecraft namespace","observed"
"data","loot-tables","minecraft:blocks/copper_ore","data/minecraft/loot_table/blocks/copper_ore.json","observed file is placed in the minecraft namespace","observed"
"data","loot-tables","minecraft:blocks/dark_oak_leaves","data/minecraft/loot_table/blocks/dark_oak_leaves.json","observed file is placed in the minecraft namespace","observed"
"data","loot-tables","minecraft:blocks/dead_bush","data/minecraft/loot_table/blocks/dead_bush.json","observed file is placed in the minecraft namespace","observed"
"data","loot-tables","minecraft:blocks/deepslate_coal_ore","data/minecraft/loot_table/blocks/deepslate_coal_ore.json","observed file is placed in the minecraft namespace","observed"
"data","loot-tables","minecraft:blocks/deepslate_emerald_ore","data/minecraft/loot_table/blocks/deepslate_emerald_ore.json","observed file is placed in the minecraft namespace","observed"
"data","loot-tables","minecraft:blocks/deepslate_iron_ore","data/minecraft/loot_table/blocks/deepslate_iron_ore.json","observed file is placed in the minecraft namespace","observed"
"data","loot-tables","minecraft:blocks/deepslate_redstone_ore","data/minecraft/loot_table/blocks/deepslate_redstone_ore.json","observed file is placed in the minecraft namespace","observed"
"data","loot-tables","minecraft:blocks/emerald_ore","data/minecraft/loot_table/blocks/emerald_ore.json","observed file is placed in the minecraft namespace","observed"
"data","loot-tables","minecraft:blocks/enchanting_table","data/minecraft/loot_table/blocks/enchanting_table.json","observed file is placed in the minecraft namespace","observed"
"data","loot-tables","minecraft:blocks/fern","data/minecraft/loot_table/blocks/fern.json","observed file is placed in the minecraft namespace","observed"
"data","loot-tables","minecraft:blocks/flowering_azalea_leaves","data/minecraft/loot_table/blocks/flowering_azalea_leaves.json","observed file is placed in the minecraft namespace","observed"
"data","loot-tables","minecraft:blocks/glow_lichen","data/minecraft/loot_table/blocks/glow_lichen.json","observed file is placed in the minecraft namespace","observed"
"data","loot-tables","minecraft:blocks/gravel","data/minecraft/loot_table/blocks/gravel.json","observed file is placed in the minecraft namespace","observed"
"data","loot-tables","minecraft:blocks/jungle_leaves","data/minecraft/loot_table/blocks/jungle_leaves.json","observed file is placed in the minecraft namespace","observed"
"data","loot-tables","minecraft:blocks/lapis_ore","data/minecraft/loot_table/blocks/lapis_ore.json","observed file is placed in the minecraft namespace","observed"
"data","loot-tables","minecraft:blocks/large_fern","data/minecraft/loot_table/blocks/large_fern.json","observed file is placed in the minecraft namespace","observed"
"data","loot-tables","minecraft:blocks/mangrove_leaves","data/minecraft/loot_table/blocks/mangrove_leaves.json","observed file is placed in the minecraft namespace","observed"
"data","loot-tables","minecraft:blocks/melon","data/minecraft/loot_table/blocks/melon.json","observed file is placed in the minecraft namespace","observed"
"data","loot-tables","minecraft:blocks/nether_quartz_ore","data/minecraft/loot_table/blocks/nether_quartz_ore.json","observed file is placed in the minecraft namespace","observed"
"data","loot-tables","minecraft:blocks/oak_leaves","data/minecraft/loot_table/blocks/oak_leaves.json","observed file is placed in the minecraft namespace","observed"
"data","loot-tables","minecraft:blocks/pale_oak_leaves","data/minecraft/loot_table/blocks/pale_oak_leaves.json","observed file is placed in the minecraft namespace","observed"
"data","loot-tables","minecraft:blocks/redstone_ore","data/minecraft/loot_table/blocks/redstone_ore.json","observed file is placed in the minecraft namespace","observed"
"data","loot-tables","minecraft:blocks/sculk","data/minecraft/loot_table/blocks/sculk.json","observed file is placed in the minecraft namespace","observed"
"data","loot-tables","minecraft:blocks/sculk_sensor","data/minecraft/loot_table/blocks/sculk_sensor.json","observed file is placed in the minecraft namespace","observed"
"data","loot-tables","minecraft:blocks/sculk_shrieker","data/minecraft/loot_table/blocks/sculk_shrieker.json","observed file is placed in the minecraft namespace","observed"
"data","loot-tables","minecraft:blocks/sculk_vein","data/minecraft/loot_table/blocks/sculk_vein.json","observed file is placed in the minecraft namespace","observed"
"data","loot-tables","minecraft:blocks/sea_lantern","data/minecraft/loot_table/blocks/sea_lantern.json","observed file is placed in the minecraft namespace","observed"
"data","loot-tables","minecraft:blocks/short_dry_grass","data/minecraft/loot_table/blocks/short_dry_grass.json","observed file is placed in the minecraft namespace","observed"
"data","loot-tables","minecraft:blocks/short_grass","data/minecraft/loot_table/blocks/short_grass.json","observed file is placed in the minecraft namespace","observed"
"data","loot-tables","minecraft:blocks/snow","data/minecraft/loot_table/blocks/snow.json","observed file is placed in the minecraft namespace","observed"
"data","loot-tables","minecraft:blocks/snow_block","data/minecraft/loot_table/blocks/snow_block.json","observed file is placed in the minecraft namespace","observed"
"data","loot-tables","minecraft:blocks/spawner","data/minecraft/loot_table/blocks/spawner.json","observed file is placed in the minecraft namespace","observed"
"data","loot-tables","minecraft:blocks/spruce_leaves","data/minecraft/loot_table/blocks/spruce_leaves.json","observed file is placed in the minecraft namespace","observed"
"data","loot-tables","minecraft:blocks/sweet_berry_bush","data/minecraft/loot_table/blocks/sweet_berry_bush.json","observed file is placed in the minecraft namespace","observed"
"data","loot-tables","minecraft:blocks/tall_dry_grass","data/minecraft/loot_table/blocks/tall_dry_grass.json","observed file is placed in the minecraft namespace","observed"
"data","loot-tables","minecraft:blocks/tall_grass","data/minecraft/loot_table/blocks/tall_grass.json","observed file is placed in the minecraft namespace","observed"
"data","loot-tables","minecraft:blocks/vine","data/minecraft/loot_table/blocks/vine.json","observed file is placed in the minecraft namespace","observed"
"data","loot-tables","minecraft:blocks/wheat","data/minecraft/loot_table/blocks/wheat.json","observed file is placed in the minecraft namespace","observed"
"data","loot-tables","minecraft:chests/abandoned_mineshaft","data/minecraft/loot_table/chests/abandoned_mineshaft.json","observed file is placed in the minecraft namespace","observed"
"data","loot-tables","minecraft:chests/abbey/barracks","data/minecraft/loot_table/chests/abbey/barracks.json","observed file is placed in the minecraft namespace","observed"
"data","loot-tables","minecraft:chests/abbey/mausoleum_treasure","data/minecraft/loot_table/chests/abbey/mausoleum_treasure.json","observed file is placed in the minecraft namespace","observed"
"data","loot-tables","minecraft:chests/abbey/tower","data/minecraft/loot_table/chests/abbey/tower.json","observed file is placed in the minecraft namespace","observed"
"data","loot-tables","minecraft:chests/ancient_city","data/minecraft/loot_table/chests/ancient_city.json","observed file is placed in the minecraft namespace","observed"
"data","loot-tables","minecraft:chests/ancient_city_ice_box","data/minecraft/loot_table/chests/ancient_city_ice_box.json","observed file is placed in the minecraft namespace","observed"
"data","loot-tables","minecraft:chests/bastion_bridge","data/minecraft/loot_table/chests/bastion_bridge.json","observed file is placed in the minecraft namespace","observed"
"data","loot-tables","minecraft:chests/bastion_hoglin_stable","data/minecraft/loot_table/chests/bastion_hoglin_stable.json","observed file is placed in the minecraft namespace","observed"
"data","loot-tables","minecraft:chests/bastion_other","data/minecraft/loot_table/chests/bastion_other.json","observed file is placed in the minecraft namespace","observed"
"data","loot-tables","minecraft:chests/bastion_treasure","data/minecraft/loot_table/chests/bastion_treasure.json","observed file is placed in the minecraft namespace","observed"
"data","loot-tables","minecraft:chests/buried_treasure","data/minecraft/loot_table/chests/buried_treasure.json","observed file is placed in the minecraft namespace","observed"
"data","loot-tables","minecraft:chests/desert_pyramid","data/minecraft/loot_table/chests/desert_pyramid.json","observed file is placed in the minecraft namespace","observed"
"data","loot-tables","minecraft:chests/end_city_treasure","data/minecraft/loot_table/chests/end_city_treasure.json","observed file is placed in the minecraft namespace","observed"
"data","loot-tables","minecraft:chests/equipment/chainmail","data/minecraft/loot_table/chests/equipment/chainmail.json","observed file is placed in the minecraft namespace","observed"
"data","loot-tables","minecraft:chests/equipment/diamond","data/minecraft/loot_table/chests/equipment/diamond.json","observed file is placed in the minecraft namespace","observed"
"data","loot-tables","minecraft:chests/equipment/diamond_tools","data/minecraft/loot_table/chests/equipment/diamond_tools.json","observed file is placed in the minecraft namespace","observed"
"data","loot-tables","minecraft:chests/equipment/diamond_tools_damaged","data/minecraft/loot_table/chests/equipment/diamond_tools_damaged.json","observed file is placed in the minecraft namespace","observed"
"data","loot-tables","minecraft:chests/equipment/gold","data/minecraft/loot_table/chests/equipment/gold.json","observed file is placed in the minecraft namespace","observed"
"data","loot-tables","minecraft:chests/equipment/iron","data/minecraft/loot_table/chests/equipment/iron.json","observed file is placed in the minecraft namespace","observed"
"data","loot-tables","minecraft:chests/equipment/iron_tools","data/minecraft/loot_table/chests/equipment/iron_tools.json","observed file is placed in the minecraft namespace","observed"
"data","loot-tables","minecraft:chests/equipment/iron_tools_damaged","data/minecraft/loot_table/chests/equipment/iron_tools_damaged.json","observed file is placed in the minecraft namespace","observed"
"data","loot-tables","minecraft:chests/equipment/special_compass","data/minecraft/loot_table/chests/equipment/special_compass.json","observed file is placed in the minecraft namespace","observed"
"data","loot-tables","minecraft:chests/equipment/sturdy_leather","data/minecraft/loot_table/chests/equipment/sturdy_leather.json","observed file is placed in the minecraft namespace","observed"
"data","loot-tables","minecraft:chests/equipment/trident","data/minecraft/loot_table/chests/equipment/trident.json","observed file is placed in the minecraft namespace","observed"
"data","loot-tables","minecraft:chests/fishing_buried_treasure","data/minecraft/loot_table/chests/fishing_buried_treasure.json","observed file is placed in the minecraft namespace","observed"
"data","loot-tables","minecraft:chests/igloo_chest","data/minecraft/loot_table/chests/igloo_chest.json","observed file is placed in the minecraft namespace","observed"
"data","loot-tables","minecraft:chests/jungle_temple","data/minecraft/loot_table/chests/jungle_temple.json","observed file is placed in the minecraft namespace","observed"
"data","loot-tables","minecraft:chests/jungle_temple_dispenser","data/minecraft/loot_table/chests/jungle_temple_dispenser.json","observed file is placed in the minecraft namespace","observed"
"data","loot-tables","minecraft:chests/nether_bridge","data/minecraft/loot_table/chests/nether_bridge.json","observed file is placed in the minecraft namespace","observed"
"data","loot-tables","minecraft:chests/pillager_outpost","data/minecraft/loot_table/chests/pillager_outpost.json","observed file is placed in the minecraft namespace","observed"
"data","loot-tables","minecraft:chests/ruined_portal","data/minecraft/loot_table/chests/ruined_portal.json","observed file is placed in the minecraft namespace","observed"
"data","loot-tables","minecraft:chests/shipwreck_map","data/minecraft/loot_table/chests/shipwreck_map.json","observed file is placed in the minecraft namespace","observed"
"data","loot-tables","minecraft:chests/shipwreck_supply","data/minecraft/loot_table/chests/shipwreck_supply.json","observed file is placed in the minecraft namespace","observed"
"data","loot-tables","minecraft:chests/shipwreck_treasure","data/minecraft/loot_table/chests/shipwreck_treasure.json","observed file is placed in the minecraft namespace","observed"
"data","loot-tables","minecraft:chests/simple_dungeon","data/minecraft/loot_table/chests/simple_dungeon.json","observed file is placed in the minecraft namespace","observed"
"data","loot-tables","minecraft:chests/stronghold_corridor","data/minecraft/loot_table/chests/stronghold_corridor.json","observed file is placed in the minecraft namespace","observed"
"data","loot-tables","minecraft:chests/stronghold_crossing","data/minecraft/loot_table/chests/stronghold_crossing.json","observed file is placed in the minecraft namespace","observed"
"data","loot-tables","minecraft:chests/stronghold_library","data/minecraft/loot_table/chests/stronghold_library.json","observed file is placed in the minecraft namespace","observed"
"data","loot-tables","minecraft:chests/trial_chambers/corridor","data/minecraft/loot_table/chests/trial_chambers/corridor.json","observed file is placed in the minecraft namespace","observed"
"data","loot-tables","minecraft:chests/trial_chambers/entrance","data/minecraft/loot_table/chests/trial_chambers/entrance.json","observed file is placed in the minecraft namespace","observed"
"data","loot-tables","minecraft:chests/trial_chambers/intersection","data/minecraft/loot_table/chests/trial_chambers/intersection.json","observed file is placed in the minecraft namespace","observed"
"data","loot-tables","minecraft:chests/trial_chambers/intersection_barrel","data/minecraft/loot_table/chests/trial_chambers/intersection_barrel.json","observed file is placed in the minecraft namespace","observed"
"data","loot-tables","minecraft:chests/trial_chambers/reward_common","data/minecraft/loot_table/chests/trial_chambers/reward_common.json","observed file is placed in the minecraft namespace","observed"
"data","loot-tables","minecraft:chests/trial_chambers/reward_ominous_common","data/minecraft/loot_table/chests/trial_chambers/reward_ominous_common.json","observed file is placed in the minecraft namespace","observed"
"data","loot-tables","minecraft:chests/trial_chambers/reward_ominous_rare","data/minecraft/loot_table/chests/trial_chambers/reward_ominous_rare.json","observed file is placed in the minecraft namespace","observed"
"data","loot-tables","minecraft:chests/trial_chambers/reward_ominous_unique","data/minecraft/loot_table/chests/trial_chambers/reward_ominous_unique.json","observed file is placed in the minecraft namespace","observed"
"data","loot-tables","minecraft:chests/trial_chambers/reward_rare","data/minecraft/loot_table/chests/trial_chambers/reward_rare.json","observed file is placed in the minecraft namespace","observed"
"data","loot-tables","minecraft:chests/trial_chambers/reward_unique","data/minecraft/loot_table/chests/trial_chambers/reward_unique.json","observed file is placed in the minecraft namespace","observed"
"data","loot-tables","minecraft:chests/trial_chambers/supply","data/minecraft/loot_table/chests/trial_chambers/supply.json","observed file is placed in the minecraft namespace","observed"
"data","loot-tables","minecraft:chests/underwater_ruin_big","data/minecraft/loot_table/chests/underwater_ruin_big.json","observed file is placed in the minecraft namespace","observed"
"data","loot-tables","minecraft:chests/underwater_ruin_small","data/minecraft/loot_table/chests/underwater_ruin_small.json","observed file is placed in the minecraft namespace","observed"
"data","loot-tables","minecraft:chests/village/village_armorer","data/minecraft/loot_table/chests/village/village_armorer.json","observed file is placed in the minecraft namespace","observed"
"data","loot-tables","minecraft:chests/village/village_butcher","data/minecraft/loot_table/chests/village/village_butcher.json","observed file is placed in the minecraft namespace","observed"
"data","loot-tables","minecraft:chests/village/village_cartographer","data/minecraft/loot_table/chests/village/village_cartographer.json","observed file is placed in the minecraft namespace","observed"
"data","loot-tables","minecraft:chests/village/village_desert_house","data/minecraft/loot_table/chests/village/village_desert_house.json","observed file is placed in the minecraft namespace","observed"
"data","loot-tables","minecraft:chests/village/village_fisher","data/minecraft/loot_table/chests/village/village_fisher.json","observed file is placed in the minecraft namespace","observed"
"data","loot-tables","minecraft:chests/village/village_mason","data/minecraft/loot_table/chests/village/village_mason.json","observed file is placed in the minecraft namespace","observed"
"data","loot-tables","minecraft:chests/village/village_plains_house","data/minecraft/loot_table/chests/village/village_plains_house.json","observed file is placed in the minecraft namespace","observed"
"data","loot-tables","minecraft:chests/village/village_savanna_house","data/minecraft/loot_table/chests/village/village_savanna_house.json","observed file is placed in the minecraft namespace","observed"
"data","loot-tables","minecraft:chests/village/village_snowy_house","data/minecraft/loot_table/chests/village/village_snowy_house.json","observed file is placed in the minecraft namespace","observed"
"data","loot-tables","minecraft:chests/village/village_taiga_house","data/minecraft/loot_table/chests/village/village_taiga_house.json","observed file is placed in the minecraft namespace","observed"
"data","loot-tables","minecraft:chests/village/village_tannery","data/minecraft/loot_table/chests/village/village_tannery.json","observed file is placed in the minecraft namespace","observed"
"data","loot-tables","minecraft:chests/village/village_temple","data/minecraft/loot_table/chests/village/village_temple.json","observed file is placed in the minecraft namespace","observed"
"data","loot-tables","minecraft:chests/village/village_toolsmith","data/minecraft/loot_table/chests/village/village_toolsmith.json","observed file is placed in the minecraft namespace","observed"
"data","loot-tables","minecraft:chests/village/village_weaponsmith","data/minecraft/loot_table/chests/village/village_weaponsmith.json","observed file is placed in the minecraft namespace","observed"
"data","loot-tables","minecraft:chests/woodland_mansion","data/minecraft/loot_table/chests/woodland_mansion.json","observed file is placed in the minecraft namespace","observed"
"data","loot-tables","minecraft:entities/armadillo","data/minecraft/loot_table/entities/armadillo.json","observed file is placed in the minecraft namespace","observed"
"data","loot-tables","minecraft:entities/blaze","data/minecraft/loot_table/entities/blaze.json","observed file is placed in the minecraft namespace","observed"
"data","loot-tables","minecraft:entities/bogged","data/minecraft/loot_table/entities/bogged.json","observed file is placed in the minecraft namespace","observed"
"data","loot-tables","minecraft:entities/breeze","data/minecraft/loot_table/entities/breeze.json","observed file is placed in the minecraft namespace","observed"
"data","loot-tables","minecraft:entities/cat","data/minecraft/loot_table/entities/cat.json","observed file is placed in the minecraft namespace","observed"
"data","loot-tables","minecraft:entities/drowned","data/minecraft/loot_table/entities/drowned.json","observed file is placed in the minecraft namespace","observed"
"data","loot-tables","minecraft:entities/elder_guardian","data/minecraft/loot_table/entities/elder_guardian.json","observed file is placed in the minecraft namespace","observed"
"data","loot-tables","minecraft:entities/enderman","data/minecraft/loot_table/entities/enderman.json","observed file is placed in the minecraft namespace","observed"
"data","loot-tables","minecraft:entities/evoker","data/minecraft/loot_table/entities/evoker.json","observed file is placed in the minecraft namespace","observed"
"data","loot-tables","minecraft:entities/fox","data/minecraft/loot_table/entities/fox.json","observed file is placed in the minecraft namespace","observed"
"data","loot-tables","minecraft:entities/frog","data/minecraft/loot_table/entities/frog.json","observed file is placed in the minecraft namespace","observed"
"data","loot-tables","minecraft:entities/ghast","data/minecraft/loot_table/entities/ghast.json","observed file is placed in the minecraft namespace","observed"
"data","loot-tables","minecraft:entities/guardian","data/minecraft/loot_table/entities/guardian.json","observed file is placed in the minecraft namespace","observed"
"data","loot-tables","minecraft:entities/happy_ghast","data/minecraft/loot_table/entities/happy_ghast.json","observed file is placed in the minecraft namespace","observed"
"data","loot-tables","minecraft:entities/horse","data/minecraft/loot_table/entities/horse.json","observed file is placed in the minecraft namespace","observed"
"data","loot-tables","minecraft:entities/husk","data/minecraft/loot_table/entities/husk.json","observed file is placed in the minecraft namespace","observed"
"data","loot-tables","minecraft:entities/magma_cube","data/minecraft/loot_table/entities/magma_cube.json","observed file is placed in the minecraft namespace","observed"
"data","loot-tables","minecraft:entities/nautilus","data/minecraft/loot_table/entities/nautilus.json","observed file is placed in the minecraft namespace","observed"
"data","loot-tables","minecraft:entities/parrot","data/minecraft/loot_table/entities/parrot.json","observed file is placed in the minecraft namespace","observed"
"data","loot-tables","minecraft:entities/piglin_brute","data/minecraft/loot_table/entities/piglin_brute.json","observed file is placed in the minecraft namespace","observed"
"data","loot-tables","minecraft:entities/rabbit","data/minecraft/loot_table/entities/rabbit.json","observed file is placed in the minecraft namespace","observed"
"data","loot-tables","minecraft:entities/sheep","data/minecraft/loot_table/entities/sheep.json","observed file is placed in the minecraft namespace","observed"
"data","loot-tables","minecraft:entities/shulker","data/minecraft/loot_table/entities/shulker.json","observed file is placed in the minecraft namespace","observed"
"data","loot-tables","minecraft:entities/skeleton","data/minecraft/loot_table/entities/skeleton.json","observed file is placed in the minecraft namespace","observed"
"data","loot-tables","minecraft:entities/stray","data/minecraft/loot_table/entities/stray.json","observed file is placed in the minecraft namespace","observed"
"data","loot-tables","minecraft:entities/sulfur_cube","data/minecraft/loot_table/entities/sulfur_cube.json","observed file is placed in the minecraft namespace","observed"
"data","loot-tables","minecraft:entities/turtle","data/minecraft/loot_table/entities/turtle.json","observed file is placed in the minecraft namespace","observed"
"data","loot-tables","minecraft:entities/witch","data/minecraft/loot_table/entities/witch.json","observed file is placed in the minecraft namespace","observed"
"data","loot-tables","minecraft:entities/wither_skeleton","data/minecraft/loot_table/entities/wither_skeleton.json","observed file is placed in the minecraft namespace","observed"
"data","loot-tables","minecraft:entities/zombie","data/minecraft/loot_table/entities/zombie.json","observed file is placed in the minecraft namespace","observed"
"data","loot-tables","minecraft:entities/zombie_horse","data/minecraft/loot_table/entities/zombie_horse.json","observed file is placed in the minecraft namespace","observed"
"data","loot-tables","minecraft:entities/zombie_nautilus","data/minecraft/loot_table/entities/zombie_nautilus.json","observed file is placed in the minecraft namespace","observed"
"data","loot-tables","minecraft:entities/zombie_villager","data/minecraft/loot_table/entities/zombie_villager.json","observed file is placed in the minecraft namespace","observed"
"data","loot-tables","minecraft:entities/zombified_piglin","data/minecraft/loot_table/entities/zombified_piglin.json","observed file is placed in the minecraft namespace","observed"
"data","loot-tables","minecraft:equipment/trial_chamber","data/minecraft/loot_table/equipment/trial_chamber.json","observed file is placed in the minecraft namespace","observed"
"data","loot-tables","minecraft:equipment/trial_chamber_melee","data/minecraft/loot_table/equipment/trial_chamber_melee.json","observed file is placed in the minecraft namespace","observed"
"data","loot-tables","minecraft:equipment/trial_chamber_ranged","data/minecraft/loot_table/equipment/trial_chamber_ranged.json","observed file is placed in the minecraft namespace","observed"
"data","loot-tables","minecraft:food/apple","data/minecraft/loot_table/food/apple.json","observed file is placed in the minecraft namespace","observed"
"data","loot-tables","minecraft:food/apple_empanada","data/minecraft/loot_table/food/apple_empanada.json","observed file is placed in the minecraft namespace","observed"
"data","loot-tables","minecraft:food/baked_potato","data/minecraft/loot_table/food/baked_potato.json","observed file is placed in the minecraft namespace","observed"
"data","loot-tables","minecraft:food/bread","data/minecraft/loot_table/food/bread.json","observed file is placed in the minecraft namespace","observed"
"data","loot-tables","minecraft:food/bruschetta","data/minecraft/loot_table/food/bruschetta.json","observed file is placed in the minecraft namespace","observed"
"data","loot-tables","minecraft:food/carrot","data/minecraft/loot_table/food/carrot.json","observed file is placed in the minecraft namespace","observed"
"data","loot-tables","minecraft:food/enchanted_golden_apple","data/minecraft/loot_table/food/enchanted_golden_apple.json","observed file is placed in the minecraft namespace","observed"
"data","loot-tables","minecraft:food/glow_berries","data/minecraft/loot_table/food/glow_berries.json","observed file is placed in the minecraft namespace","observed"
"data","loot-tables","minecraft:food/glow_jam","data/minecraft/loot_table/food/glow_jam.json","observed file is placed in the minecraft namespace","observed"
"data","loot-tables","minecraft:food/golden_apple","data/minecraft/loot_table/food/golden_apple.json","observed file is placed in the minecraft namespace","observed"
"data","loot-tables","minecraft:food/golden_carrot","data/minecraft/loot_table/food/golden_carrot.json","observed file is placed in the minecraft namespace","observed"
"data","loot-tables","minecraft:food/mead","data/minecraft/loot_table/food/mead.json","observed file is placed in the minecraft namespace","observed"
"data","loot-tables","minecraft:food/milk_bottle","data/minecraft/loot_table/food/milk_bottle.json","observed file is placed in the minecraft namespace","observed"
"data","loot-tables","minecraft:food/pickled_carrots","data/minecraft/loot_table/food/pickled_carrots.json","observed file is placed in the minecraft namespace","observed"
"data","loot-tables","minecraft:food/pumpkin_empanada","data/minecraft/loot_table/food/pumpkin_empanada.json","observed file is placed in the minecraft namespace","observed"
"data","loot-tables","minecraft:food/sweet_berries","data/minecraft/loot_table/food/sweet_berries.json","observed file is placed in the minecraft namespace","observed"
"data","loot-tables","minecraft:gameplay/chicken_lay","data/minecraft/loot_table/gameplay/chicken_lay.json","observed file is placed in the minecraft namespace","observed"
"data","loot-tables","minecraft:gameplay/fishing","data/minecraft/loot_table/gameplay/fishing.json","observed file is placed in the minecraft namespace","observed"
"data","loot-tables","minecraft:gameplay/fishing/deep_dark","data/minecraft/loot_table/gameplay/fishing/deep_dark.json","observed file is placed in the minecraft namespace","observed"
"data","loot-tables","minecraft:gameplay/fishing/fish/alaska_blackfish","data/minecraft/loot_table/gameplay/fishing/fish/alaska_blackfish.json","observed file is placed in the minecraft namespace","observed"
"data","loot-tables","minecraft:gameplay/fishing/fish/anchovy","data/minecraft/loot_table/gameplay/fishing/fish/anchovy.json","observed file is placed in the minecraft namespace","observed"
"data","loot-tables","minecraft:gameplay/fishing/fish/arapaima","data/minecraft/loot_table/gameplay/fishing/fish/arapaima.json","observed file is placed in the minecraft namespace","observed"
"data","loot-tables","minecraft:gameplay/fishing/fish/armoured_catfish","data/minecraft/loot_table/gameplay/fishing/fish/armoured_catfish.json","observed file is placed in the minecraft namespace","observed"
"data","loot-tables","minecraft:gameplay/fishing/fish/axolotl","data/minecraft/loot_table/gameplay/fishing/fish/axolotl.json","observed file is placed in the minecraft namespace","observed"
"data","loot-tables","minecraft:gameplay/fishing/fish/bass","data/minecraft/loot_table/gameplay/fishing/fish/bass.json","observed file is placed in the minecraft namespace","observed"
"data","loot-tables","minecraft:gameplay/fishing/fish/black_seabass","data/minecraft/loot_table/gameplay/fishing/fish/black_seabass.json","observed file is placed in the minecraft namespace","observed"
"data","loot-tables","minecraft:gameplay/fishing/fish/blind_cave_fish","data/minecraft/loot_table/gameplay/fishing/fish/blind_cave_fish.json","observed file is placed in the minecraft namespace","observed"
"data","loot-tables","minecraft:gameplay/fishing/fish/blind_minnow","data/minecraft/loot_table/gameplay/fishing/fish/blind_minnow.json","observed file is placed in the minecraft namespace","observed"
"data","loot-tables","minecraft:gameplay/fishing/fish/bluegill","data/minecraft/loot_table/gameplay/fishing/fish/bluegill.json","observed file is placed in the minecraft namespace","observed"
"data","loot-tables","minecraft:gameplay/fishing/fish/bujurqui","data/minecraft/loot_table/gameplay/fishing/fish/bujurqui.json","observed file is placed in the minecraft namespace","observed"
"data","loot-tables","minecraft:gameplay/fishing/fish/carp","data/minecraft/loot_table/gameplay/fishing/fish/carp.json","observed file is placed in the minecraft namespace","observed"
"data","loot-tables","minecraft:gameplay/fishing/fish/catfish","data/minecraft/loot_table/gameplay/fishing/fish/catfish.json","observed file is placed in the minecraft namespace","observed"
"data","loot-tables","minecraft:gameplay/fishing/fish/cod","data/minecraft/loot_table/gameplay/fishing/fish/cod.json","observed file is placed in the minecraft namespace","observed"
"data","loot-tables","minecraft:gameplay/fishing/fish/crappie","data/minecraft/loot_table/gameplay/fishing/fish/crappie.json","observed file is placed in the minecraft namespace","observed"
"data","loot-tables","minecraft:gameplay/fishing/fish/echo_fish","data/minecraft/loot_table/gameplay/fishing/fish/echo_fish.json","observed file is placed in the minecraft namespace","observed"
"data","loot-tables","minecraft:gameplay/fishing/fish/european_eel","data/minecraft/loot_table/gameplay/fishing/fish/european_eel.json","observed file is placed in the minecraft namespace","observed"
"data","loot-tables","minecraft:gameplay/fishing/fish/flounder","data/minecraft/loot_table/gameplay/fishing/fish/flounder.json","observed file is placed in the minecraft namespace","observed"
"data","loot-tables","minecraft:gameplay/fishing/fish/flying_fish","data/minecraft/loot_table/gameplay/fishing/fish/flying_fish.json","observed file is placed in the minecraft namespace","observed"
"data","loot-tables","minecraft:gameplay/fishing/fish/freshwater_pufferfish","data/minecraft/loot_table/gameplay/fishing/fish/freshwater_pufferfish.json","observed file is placed in the minecraft namespace","observed"
"data","loot-tables","minecraft:gameplay/fishing/fish/gar","data/minecraft/loot_table/gameplay/fishing/fish/gar.json","observed file is placed in the minecraft namespace","observed"
"data","loot-tables","minecraft:gameplay/fishing/fish/guppy","data/minecraft/loot_table/gameplay/fishing/fish/guppy.json","observed file is placed in the minecraft namespace","observed"
"data","loot-tables","minecraft:gameplay/fishing/fish/gurnard","data/minecraft/loot_table/gameplay/fishing/fish/gurnard.json","observed file is placed in the minecraft namespace","observed"
"data","loot-tables","minecraft:gameplay/fishing/fish/herring","data/minecraft/loot_table/gameplay/fishing/fish/herring.json","observed file is placed in the minecraft namespace","observed"
"data","loot-tables","minecraft:gameplay/fishing/fish/humpback_whitefish","data/minecraft/loot_table/gameplay/fishing/fish/humpback_whitefish.json","observed file is placed in the minecraft namespace","observed"
"data","loot-tables","minecraft:gameplay/fishing/fish/lamprey","data/minecraft/loot_table/gameplay/fishing/fish/lamprey.json","observed file is placed in the minecraft namespace","observed"
"data","loot-tables","minecraft:gameplay/fishing/fish/mahi_mahi","data/minecraft/loot_table/gameplay/fishing/fish/mahi_mahi.json","observed file is placed in the minecraft namespace","observed"
"data","loot-tables","minecraft:gameplay/fishing/fish/mediterranean_killifish","data/minecraft/loot_table/gameplay/fishing/fish/mediterranean_killifish.json","observed file is placed in the minecraft namespace","observed"
"data","loot-tables","minecraft:gameplay/fishing/fish/monkfish","data/minecraft/loot_table/gameplay/fishing/fish/monkfish.json","observed file is placed in the minecraft namespace","observed"
"data","loot-tables","minecraft:gameplay/fishing/fish/muskellunge","data/minecraft/loot_table/gameplay/fishing/fish/muskellunge.json","observed file is placed in the minecraft namespace","observed"
"data","loot-tables","minecraft:gameplay/fishing/fish/northern_pike","data/minecraft/loot_table/gameplay/fishing/fish/northern_pike.json","observed file is placed in the minecraft namespace","observed"
"data","loot-tables","minecraft:gameplay/fishing/fish/oarfish","data/minecraft/loot_table/gameplay/fishing/fish/oarfish.json","observed file is placed in the minecraft namespace","observed"
"data","loot-tables","minecraft:gameplay/fishing/fish/opah","data/minecraft/loot_table/gameplay/fishing/fish/opah.json","observed file is placed in the minecraft namespace","observed"
"data","loot-tables","minecraft:gameplay/fishing/fish/painted_moray","data/minecraft/loot_table/gameplay/fishing/fish/painted_moray.json","observed file is placed in the minecraft namespace","observed"
"data","loot-tables","minecraft:gameplay/fishing/fish/pale_fish","data/minecraft/loot_table/gameplay/fishing/fish/pale_fish.json","observed file is placed in the minecraft namespace","observed"
"data","loot-tables","minecraft:gameplay/fishing/fish/piranha","data/minecraft/loot_table/gameplay/fishing/fish/piranha.json","observed file is placed in the minecraft namespace","observed"
"data","loot-tables","minecraft:gameplay/fishing/fish/pufferfish","data/minecraft/loot_table/gameplay/fishing/fish/pufferfish.json","observed file is placed in the minecraft namespace","observed"
"data","loot-tables","minecraft:gameplay/fishing/fish/rainbow_wrasse","data/minecraft/loot_table/gameplay/fishing/fish/rainbow_wrasse.json","observed file is placed in the minecraft namespace","observed"
"data","loot-tables","minecraft:gameplay/fishing/fish/salmon","data/minecraft/loot_table/gameplay/fishing/fish/salmon.json","observed file is placed in the minecraft namespace","observed"
"data","loot-tables","minecraft:gameplay/fishing/fish/shad","data/minecraft/loot_table/gameplay/fishing/fish/shad.json","observed file is placed in the minecraft namespace","observed"
"data","loot-tables","minecraft:gameplay/fishing/fish/siberian_sturgeon","data/minecraft/loot_table/gameplay/fishing/fish/siberian_sturgeon.json","observed file is placed in the minecraft namespace","observed"
"data","loot-tables","minecraft:gameplay/fishing/fish/skate","data/minecraft/loot_table/gameplay/fishing/fish/skate.json","observed file is placed in the minecraft namespace","observed"
"data","loot-tables","minecraft:gameplay/fishing/fish/spoonhead_sculpin","data/minecraft/loot_table/gameplay/fishing/fish/spoonhead_sculpin.json","observed file is placed in the minecraft namespace","observed"
"data","loot-tables","minecraft:gameplay/fishing/fish/striped_perch","data/minecraft/loot_table/gameplay/fishing/fish/striped_perch.json","observed file is placed in the minecraft namespace","observed"
"data","loot-tables","minecraft:gameplay/fishing/fish/sturgeon","data/minecraft/loot_table/gameplay/fishing/fish/sturgeon.json","observed file is placed in the minecraft namespace","observed"
"data","loot-tables","minecraft:gameplay/fishing/fish/swordfish","data/minecraft/loot_table/gameplay/fishing/fish/swordfish.json","observed file is placed in the minecraft namespace","observed"
"data","loot-tables","minecraft:gameplay/fishing/fish/tropical_fish","data/minecraft/loot_table/gameplay/fishing/fish/tropical_fish.json","observed file is placed in the minecraft namespace","observed"
"data","loot-tables","minecraft:gameplay/fishing/fish/tunisian_barb","data/minecraft/loot_table/gameplay/fishing/fish/tunisian_barb.json","observed file is placed in the minecraft namespace","observed"
"data","loot-tables","minecraft:gameplay/fishing/fish/walleye","data/minecraft/loot_table/gameplay/fishing/fish/walleye.json","observed file is placed in the minecraft namespace","observed"
"data","loot-tables","minecraft:gameplay/fishing/fish/wolffish","data/minecraft/loot_table/gameplay/fishing/fish/wolffish.json","observed file is placed in the minecraft namespace","observed"
"data","loot-tables","minecraft:gameplay/fishing/freshwater_cold","data/minecraft/loot_table/gameplay/fishing/freshwater_cold.json","observed file is placed in the minecraft namespace","observed"
"data","loot-tables","minecraft:gameplay/fishing/freshwater_cool","data/minecraft/loot_table/gameplay/fishing/freshwater_cool.json","observed file is placed in the minecraft namespace","observed"
"data","loot-tables","minecraft:gameplay/fishing/freshwater_hot_dry","data/minecraft/loot_table/gameplay/fishing/freshwater_hot_dry.json","observed file is placed in the minecraft namespace","observed"
"data","loot-tables","minecraft:gameplay/fishing/freshwater_hot_wet","data/minecraft/loot_table/gameplay/fishing/freshwater_hot_wet.json","observed file is placed in the minecraft namespace","observed"
"data","loot-tables","minecraft:gameplay/fishing/freshwater_temperate","data/minecraft/loot_table/gameplay/fishing/freshwater_temperate.json","observed file is placed in the minecraft namespace","observed"
"data","loot-tables","minecraft:gameplay/fishing/junk","data/minecraft/loot_table/gameplay/fishing/junk.json","observed file is placed in the minecraft namespace","observed"
"data","loot-tables","minecraft:gameplay/fishing/pale_garden","data/minecraft/loot_table/gameplay/fishing/pale_garden.json","observed file is placed in the minecraft namespace","observed"
"data","loot-tables","minecraft:gameplay/fishing/saltwater_cold","data/minecraft/loot_table/gameplay/fishing/saltwater_cold.json","observed file is placed in the minecraft namespace","observed"
"data","loot-tables","minecraft:gameplay/fishing/saltwater_cool","data/minecraft/loot_table/gameplay/fishing/saltwater_cool.json","observed file is placed in the minecraft namespace","observed"
"data","loot-tables","minecraft:gameplay/fishing/saltwater_hot","data/minecraft/loot_table/gameplay/fishing/saltwater_hot.json","observed file is placed in the minecraft namespace","observed"
"data","loot-tables","minecraft:gameplay/fishing/saltwater_temperate","data/minecraft/loot_table/gameplay/fishing/saltwater_temperate.json","observed file is placed in the minecraft namespace","observed"
"data","loot-tables","minecraft:gameplay/fishing/saltwater_warm","data/minecraft/loot_table/gameplay/fishing/saltwater_warm.json","observed file is placed in the minecraft namespace","observed"
"data","loot-tables","minecraft:gameplay/fishing/sulfur_caves","data/minecraft/loot_table/gameplay/fishing/sulfur_caves.json","observed file is placed in the minecraft namespace","observed"
"data","loot-tables","minecraft:gameplay/fishing/swamps","data/minecraft/loot_table/gameplay/fishing/swamps.json","observed file is placed in the minecraft namespace","observed"
"data","loot-tables","minecraft:gameplay/fishing/treasure","data/minecraft/loot_table/gameplay/fishing/treasure.json","observed file is placed in the minecraft namespace","observed"
"data","loot-tables","minecraft:gameplay/piglin_bartering","data/minecraft/loot_table/gameplay/piglin_bartering.json","observed file is placed in the minecraft namespace","observed"
"data","loot-tables","minecraft:gameplay/turtle_grow","data/minecraft/loot_table/gameplay/turtle_grow.json","observed file is placed in the minecraft namespace","observed"
"data","loot-tables","minecraft:harvest/beehive","data/minecraft/loot_table/harvest/beehive.json","observed file is placed in the minecraft namespace","observed"
"data","loot-tables","minecraft:harvest/cave_vine","data/minecraft/loot_table/harvest/cave_vine.json","observed file is placed in the minecraft namespace","observed"
"data","loot-tables","minecraft:harvest/sweet_berry_bush","data/minecraft/loot_table/harvest/sweet_berry_bush.json","observed file is placed in the minecraft namespace","observed"
"data","loot-tables","minecraft:kleis_items/amber","data/minecraft/loot_table/kleis_items/amber.json","observed file is placed in the minecraft namespace","observed"
"data","loot-tables","minecraft:kleis_items/avesta","data/minecraft/loot_table/kleis_items/avesta.json","observed file is placed in the minecraft namespace","observed"
"data","loot-tables","minecraft:kleis_items/crystal_heart","data/minecraft/loot_table/kleis_items/crystal_heart.json","observed file is placed in the minecraft namespace","observed"
"data","loot-tables","minecraft:kleis_items/divine_comedy","data/minecraft/loot_table/kleis_items/divine_comedy.json","observed file is placed in the minecraft namespace","observed"
"data","loot-tables","minecraft:kleis_items/divine_fragment","data/minecraft/loot_table/kleis_items/divine_fragment.json","observed file is placed in the minecraft namespace","observed"
"data","loot-tables","minecraft:kleis_items/divine_fragment_poly","data/minecraft/loot_table/kleis_items/divine_fragment_poly.json","observed file is placed in the minecraft namespace","observed"
"data","loot-tables","minecraft:kleis_items/enoch","data/minecraft/loot_table/kleis_items/enoch.json","observed file is placed in the minecraft namespace","observed"
"data","loot-tables","minecraft:kleis_items/gnocchi_recipe","data/minecraft/loot_table/kleis_items/gnocchi_recipe.json","observed file is placed in the minecraft namespace","observed"
"data","loot-tables","minecraft:kleis_items/opal","data/minecraft/loot_table/kleis_items/opal.json","observed file is placed in the minecraft namespace","observed"
"data","loot-tables","minecraft:kleis_items/paradise_lost","data/minecraft/loot_table/kleis_items/paradise_lost.json","observed file is placed in the minecraft namespace","observed"
"data","loot-tables","minecraft:kleis_items/quran","data/minecraft/loot_table/kleis_items/quran.json","observed file is placed in the minecraft namespace","observed"
"data","loot-tables","minecraft:kleis_items/ruby","data/minecraft/loot_table/kleis_items/ruby.json","observed file is placed in the minecraft namespace","observed"
"data","loot-tables","minecraft:kleis_items/solomon","data/minecraft/loot_table/kleis_items/solomon.json","observed file is placed in the minecraft namespace","observed"
"data","loot-tables","minecraft:kleis_items/tanakh","data/minecraft/loot_table/kleis_items/tanakh.json","observed file is placed in the minecraft namespace","observed"
"data","loot-tables","minecraft:kleis_items/topaz","data/minecraft/loot_table/kleis_items/topaz.json","observed file is placed in the minecraft namespace","observed"
"data","loot-tables","minecraft:pots/abbey/common","data/minecraft/loot_table/pots/abbey/common.json","observed file is placed in the minecraft namespace","observed"
"data","loot-tables","minecraft:pots/trial_chambers/corridor","data/minecraft/loot_table/pots/trial_chambers/corridor.json","observed file is placed in the minecraft namespace","observed"
"data","loot-tables","minecraft:shearing/bogged","data/minecraft/loot_table/shearing/bogged.json","observed file is placed in the minecraft namespace","observed"
"data","loot-tables","minecraft:shearing/mooshroom/brown","data/minecraft/loot_table/shearing/mooshroom/brown.json","observed file is placed in the minecraft namespace","observed"
"data","loot-tables","minecraft:shearing/mooshroom/red","data/minecraft/loot_table/shearing/mooshroom/red.json","observed file is placed in the minecraft namespace","observed"
"data","loot-tables","minecraft:shearing/sheep/black","data/minecraft/loot_table/shearing/sheep/black.json","observed file is placed in the minecraft namespace","observed"
"data","loot-tables","minecraft:shearing/sheep/blue","data/minecraft/loot_table/shearing/sheep/blue.json","observed file is placed in the minecraft namespace","observed"
"data","loot-tables","minecraft:shearing/sheep/brown","data/minecraft/loot_table/shearing/sheep/brown.json","observed file is placed in the minecraft namespace","observed"
"data","loot-tables","minecraft:shearing/sheep/cyan","data/minecraft/loot_table/shearing/sheep/cyan.json","observed file is placed in the minecraft namespace","observed"
"data","loot-tables","minecraft:shearing/sheep/gray","data/minecraft/loot_table/shearing/sheep/gray.json","observed file is placed in the minecraft namespace","observed"
"data","loot-tables","minecraft:shearing/sheep/green","data/minecraft/loot_table/shearing/sheep/green.json","observed file is placed in the minecraft namespace","observed"
"data","loot-tables","minecraft:shearing/sheep/light_blue","data/minecraft/loot_table/shearing/sheep/light_blue.json","observed file is placed in the minecraft namespace","observed"
"data","loot-tables","minecraft:shearing/sheep/light_gray","data/minecraft/loot_table/shearing/sheep/light_gray.json","observed file is placed in the minecraft namespace","observed"
"data","loot-tables","minecraft:shearing/sheep/lime","data/minecraft/loot_table/shearing/sheep/lime.json","observed file is placed in the minecraft namespace","observed"
"data","loot-tables","minecraft:shearing/sheep/magenta","data/minecraft/loot_table/shearing/sheep/magenta.json","observed file is placed in the minecraft namespace","observed"
"data","loot-tables","minecraft:shearing/sheep/orange","data/minecraft/loot_table/shearing/sheep/orange.json","observed file is placed in the minecraft namespace","observed"
"data","loot-tables","minecraft:shearing/sheep/pink","data/minecraft/loot_table/shearing/sheep/pink.json","observed file is placed in the minecraft namespace","observed"
"data","loot-tables","minecraft:shearing/sheep/purple","data/minecraft/loot_table/shearing/sheep/purple.json","observed file is placed in the minecraft namespace","observed"
"data","loot-tables","minecraft:shearing/sheep/red","data/minecraft/loot_table/shearing/sheep/red.json","observed file is placed in the minecraft namespace","observed"
"data","loot-tables","minecraft:shearing/sheep/white","data/minecraft/loot_table/shearing/sheep/white.json","observed file is placed in the minecraft namespace","observed"
"data","loot-tables","minecraft:shearing/sheep/yellow","data/minecraft/loot_table/shearing/sheep/yellow.json","observed file is placed in the minecraft namespace","observed"
"data","loot-tables","minecraft:spawners/ominous/trial_chamber/consumables","data/minecraft/loot_table/spawners/ominous/trial_chamber/consumables.json","observed file is placed in the minecraft namespace","observed"
"data","loot-tables","minecraft:spawners/ominous/trial_chamber/key","data/minecraft/loot_table/spawners/ominous/trial_chamber/key.json","observed file is placed in the minecraft namespace","observed"
"data","loot-tables","minecraft:spawners/trial_chamber/consumables","data/minecraft/loot_table/spawners/trial_chamber/consumables.json","observed file is placed in the minecraft namespace","observed"
"data","loot-tables","minecraft:spawners/trial_chamber/key","data/minecraft/loot_table/spawners/trial_chamber/key.json","observed file is placed in the minecraft namespace","observed"
"data","structures","minecraft:abbey/default/entrances/entrance_0","data/minecraft/structure/abbey/default/entrances/entrance_0.nbt","observed file is placed in the minecraft namespace","observed"
"data","structures","minecraft:abbey/default/entrances/tutorial","data/minecraft/structure/abbey/default/entrances/tutorial.nbt","observed file is placed in the minecraft namespace","observed"
"data","structures","minecraft:abbey/default/rooms/bath","data/minecraft/structure/abbey/default/rooms/bath.nbt","observed file is placed in the minecraft namespace","observed"
"data","structures","minecraft:abbey/default/rooms/boon_checkpoint","data/minecraft/structure/abbey/default/rooms/boon_checkpoint.nbt","observed file is placed in the minecraft namespace","observed"
"data","structures","minecraft:abbey/default/rooms/boon_heart","data/minecraft/structure/abbey/default/rooms/boon_heart.nbt","observed file is placed in the minecraft namespace","observed"
"data","structures","minecraft:abbey/default/rooms/boon_vault","data/minecraft/structure/abbey/default/rooms/boon_vault.nbt","observed file is placed in the minecraft namespace","observed"
"data","structures","minecraft:abbey/default/rooms/decision_puzzle","data/minecraft/structure/abbey/default/rooms/decision_puzzle.nbt","observed file is placed in the minecraft namespace","observed"
"data","structures","minecraft:abbey/default/rooms/drawbridge","data/minecraft/structure/abbey/default/rooms/drawbridge.nbt","observed file is placed in the minecraft namespace","observed"
"data","structures","minecraft:abbey/default/rooms/hallway_pitfall","data/minecraft/structure/abbey/default/rooms/hallway_pitfall.nbt","observed file is placed in the minecraft namespace","observed"
"data","structures","minecraft:abbey/default/rooms/jump_puzzle","data/minecraft/structure/abbey/default/rooms/jump_puzzle.nbt","observed file is placed in the minecraft namespace","observed"
"data","structures","minecraft:abbey/default/rooms/lantern_drop","data/minecraft/structure/abbey/default/rooms/lantern_drop.nbt","observed file is placed in the minecraft namespace","observed"
"data","structures","minecraft:abbey/default/rooms/quad_spawn_walkways","data/minecraft/structure/abbey/default/rooms/quad_spawn_walkways.nbt","observed file is placed in the minecraft namespace","observed"
"data","structures","minecraft:abbey/default/rooms/spider_triple_walkway","data/minecraft/structure/abbey/default/rooms/spider_triple_walkway.nbt","observed file is placed in the minecraft namespace","observed"
"data","structures","minecraft:abbey/default/rooms/water_and_lava","data/minecraft/structure/abbey/default/rooms/water_and_lava.nbt","observed file is placed in the minecraft namespace","observed"
"data","structures","minecraft:abbey/default/rooms/waterfall","data/minecraft/structure/abbey/default/rooms/waterfall.nbt","observed file is placed in the minecraft namespace","observed"
"data","structures","minecraft:abbey/overgrown/tower","data/minecraft/structure/abbey/overgrown/tower.nbt","observed file is placed in the minecraft namespace","observed"
"data","structures","minecraft:igloo/bottom","data/minecraft/structure/igloo/bottom.nbt","observed file is placed in the minecraft namespace","observed"
"data","structures","minecraft:pillager_outpost/feature_cage1","data/minecraft/structure/pillager_outpost/feature_cage1.nbt","observed file is placed in the minecraft namespace","observed"
"data","structures","minecraft:pillager_outpost/feature_cage2","data/minecraft/structure/pillager_outpost/feature_cage2.nbt","observed file is placed in the minecraft namespace","observed"
"data","structures","minecraft:pillager_outpost/feature_cage_with_allays","data/minecraft/structure/pillager_outpost/feature_cage_with_allays.nbt","observed file is placed in the minecraft namespace","observed"
"data","structures","minecraft:pillager_outpost/feature_logs","data/minecraft/structure/pillager_outpost/feature_logs.nbt","observed file is placed in the minecraft namespace","observed"
"data","structures","minecraft:pillager_outpost/feature_plate","data/minecraft/structure/pillager_outpost/feature_plate.nbt","observed file is placed in the minecraft namespace","observed"
"data","structures","minecraft:pillager_outpost/feature_targets","data/minecraft/structure/pillager_outpost/feature_targets.nbt","observed file is placed in the minecraft namespace","observed"
"data","structures","minecraft:pillager_outpost/feature_tent1","data/minecraft/structure/pillager_outpost/feature_tent1.nbt","observed file is placed in the minecraft namespace","observed"
"data","structures","minecraft:pillager_outpost/feature_tent2","data/minecraft/structure/pillager_outpost/feature_tent2.nbt","observed file is placed in the minecraft namespace","observed"
"data","structures","minecraft:pillager_outpost/watchtower","data/minecraft/structure/pillager_outpost/watchtower.nbt","observed file is placed in the minecraft namespace","observed"
"data","structures","minecraft:pillager_outpost/watchtower_overgrown","data/minecraft/structure/pillager_outpost/watchtower_overgrown.nbt","observed file is placed in the minecraft namespace","observed"
"data","structures","minecraft:village_beta/buildings/extra_large_1","data/minecraft/structure/village_beta/buildings/extra_large_1.nbt","observed file is placed in the minecraft namespace","observed"
"data","structures","minecraft:village_beta/buildings/extra_large_2","data/minecraft/structure/village_beta/buildings/extra_large_2.nbt","observed file is placed in the minecraft namespace","observed"
"data","structures","minecraft:village_beta/buildings/extra_large_3","data/minecraft/structure/village_beta/buildings/extra_large_3.nbt","observed file is placed in the minecraft namespace","observed"
"data","structures","minecraft:village_beta/buildings/extra_large_4","data/minecraft/structure/village_beta/buildings/extra_large_4.nbt","observed file is placed in the minecraft namespace","observed"
"data","structures","minecraft:village_beta/buildings/extra_large_5","data/minecraft/structure/village_beta/buildings/extra_large_5.nbt","observed file is placed in the minecraft namespace","observed"
"data","structures","minecraft:village_beta/buildings/indev_mossy","data/minecraft/structure/village_beta/buildings/indev_mossy.nbt","observed file is placed in the minecraft namespace","observed"
"data","structures","minecraft:village_beta/buildings/indev_normal","data/minecraft/structure/village_beta/buildings/indev_normal.nbt","observed file is placed in the minecraft namespace","observed"
"data","structures","minecraft:village_beta/buildings/large_1","data/minecraft/structure/village_beta/buildings/large_1.nbt","observed file is placed in the minecraft namespace","observed"
"data","structures","minecraft:village_beta/buildings/medium_1","data/minecraft/structure/village_beta/buildings/medium_1.nbt","observed file is placed in the minecraft namespace","observed"
"data","structures","minecraft:village_beta/buildings/medium_2","data/minecraft/structure/village_beta/buildings/medium_2.nbt","observed file is placed in the minecraft namespace","observed"
"data","structures","minecraft:village_beta/buildings/small_1","data/minecraft/structure/village_beta/buildings/small_1.nbt","observed file is placed in the minecraft namespace","observed"
"data","structures","minecraft:village_beta/roads/end","data/minecraft/structure/village_beta/roads/end.nbt","observed file is placed in the minecraft namespace","observed"
"data","structures","minecraft:village_beta/roads/joint_l","data/minecraft/structure/village_beta/roads/joint_l.nbt","observed file is placed in the minecraft namespace","observed"
"data","structures","minecraft:village_beta/roads/joint_t","data/minecraft/structure/village_beta/roads/joint_t.nbt","observed file is placed in the minecraft namespace","observed"
"data","structures","minecraft:village_beta/roads/straight","data/minecraft/structure/village_beta/roads/straight.nbt","observed file is placed in the minecraft namespace","observed"
"data","structures","minecraft:village_beta/town_centers/well","data/minecraft/structure/village_beta/town_centers/well.nbt","observed file is placed in the minecraft namespace","observed"
"data","tags","minecraft:banner_pattern/no_item_required","data/minecraft/tags/banner_pattern/no_item_required.json","observed file is placed in the minecraft namespace","observed"
"data","tags","minecraft:block/mineable/axe","data/minecraft/tags/block/mineable/axe.json","observed file is placed in the minecraft namespace","observed"
"data","tags","minecraft:block/mineable/hoe","data/minecraft/tags/block/mineable/hoe.json","observed file is placed in the minecraft namespace","observed"
"data","tags","minecraft:block/mineable/pickaxe","data/minecraft/tags/block/mineable/pickaxe.json","observed file is placed in the minecraft namespace","observed"
"data","tags","minecraft:block/mineable/shovel","data/minecraft/tags/block/mineable/shovel.json","observed file is placed in the minecraft namespace","observed"
"data","tags","minecraft:block/supports_vegetation","data/minecraft/tags/block/supports_vegetation.json","observed file is placed in the minecraft namespace","observed"
"data","tags","minecraft:damage_type/is_magic","data/minecraft/tags/damage_type/is_magic.json","observed file is placed in the minecraft namespace","observed"
"data","tags","minecraft:enchantment/in_enchanting_table","data/minecraft/tags/enchantment/in_enchanting_table.json","observed file is placed in the minecraft namespace","observed"
"data","tags","minecraft:function/load","data/minecraft/tags/function/load.json","observed file is placed in the minecraft namespace","observed"
"data","tags","minecraft:function/tick","data/minecraft/tags/function/tick.json","observed file is placed in the minecraft namespace","observed"
"data","tags","minecraft:item/enchantable/head_armor","data/minecraft/tags/item/enchantable/head_armor.json","observed file is placed in the minecraft namespace","observed"
"data","tags","minecraft:item/enchantable/looting_compatible","data/minecraft/tags/item/enchantable/looting_compatible.json","observed file is placed in the minecraft namespace","observed"
"data","tags","minecraft:villager_trade/armorer/custom_level_1","data/minecraft/tags/villager_trade/armorer/custom_level_1.json","observed file is placed in the minecraft namespace","observed"
"data","tags","minecraft:villager_trade/armorer/custom_level_2","data/minecraft/tags/villager_trade/armorer/custom_level_2.json","observed file is placed in the minecraft namespace","observed"
"data","tags","minecraft:villager_trade/armorer/custom_level_3","data/minecraft/tags/villager_trade/armorer/custom_level_3.json","observed file is placed in the minecraft namespace","observed"
"data","tags","minecraft:villager_trade/armorer/custom_level_4","data/minecraft/tags/villager_trade/armorer/custom_level_4.json","observed file is placed in the minecraft namespace","observed"
"data","tags","minecraft:villager_trade/armorer/custom_level_5","data/minecraft/tags/villager_trade/armorer/custom_level_5.json","observed file is placed in the minecraft namespace","observed"
"data","tags","minecraft:villager_trade/butcher/custom_level_1","data/minecraft/tags/villager_trade/butcher/custom_level_1.json","observed file is placed in the minecraft namespace","observed"
"data","tags","minecraft:villager_trade/butcher/custom_level_2","data/minecraft/tags/villager_trade/butcher/custom_level_2.json","observed file is placed in the minecraft namespace","observed"
"data","tags","minecraft:villager_trade/butcher/custom_level_3","data/minecraft/tags/villager_trade/butcher/custom_level_3.json","observed file is placed in the minecraft namespace","observed"
"data","tags","minecraft:villager_trade/butcher/custom_level_4","data/minecraft/tags/villager_trade/butcher/custom_level_4.json","observed file is placed in the minecraft namespace","observed"
"data","tags","minecraft:villager_trade/butcher/custom_level_5","data/minecraft/tags/villager_trade/butcher/custom_level_5.json","observed file is placed in the minecraft namespace","observed"
"data","tags","minecraft:villager_trade/cartographer/custom_level_1","data/minecraft/tags/villager_trade/cartographer/custom_level_1.json","observed file is placed in the minecraft namespace","observed"
"data","tags","minecraft:villager_trade/cartographer/custom_level_2","data/minecraft/tags/villager_trade/cartographer/custom_level_2.json","observed file is placed in the minecraft namespace","observed"
"data","tags","minecraft:villager_trade/cartographer/custom_level_3","data/minecraft/tags/villager_trade/cartographer/custom_level_3.json","observed file is placed in the minecraft namespace","observed"
"data","tags","minecraft:villager_trade/cartographer/custom_level_4","data/minecraft/tags/villager_trade/cartographer/custom_level_4.json","observed file is placed in the minecraft namespace","observed"
"data","tags","minecraft:villager_trade/cartographer/custom_level_5","data/minecraft/tags/villager_trade/cartographer/custom_level_5.json","observed file is placed in the minecraft namespace","observed"
"data","tags","minecraft:villager_trade/cleric/custom_level_1","data/minecraft/tags/villager_trade/cleric/custom_level_1.json","observed file is placed in the minecraft namespace","observed"
"data","tags","minecraft:villager_trade/cleric/custom_level_2","data/minecraft/tags/villager_trade/cleric/custom_level_2.json","observed file is placed in the minecraft namespace","observed"
"data","tags","minecraft:villager_trade/cleric/custom_level_3","data/minecraft/tags/villager_trade/cleric/custom_level_3.json","observed file is placed in the minecraft namespace","observed"
"data","tags","minecraft:villager_trade/cleric/custom_level_4","data/minecraft/tags/villager_trade/cleric/custom_level_4.json","observed file is placed in the minecraft namespace","observed"
"data","tags","minecraft:villager_trade/cleric/custom_level_5","data/minecraft/tags/villager_trade/cleric/custom_level_5.json","observed file is placed in the minecraft namespace","observed"
"data","tags","minecraft:villager_trade/farmer/custom_level_1","data/minecraft/tags/villager_trade/farmer/custom_level_1.json","observed file is placed in the minecraft namespace","observed"
"data","tags","minecraft:villager_trade/farmer/custom_level_2","data/minecraft/tags/villager_trade/farmer/custom_level_2.json","observed file is placed in the minecraft namespace","observed"
"data","tags","minecraft:villager_trade/farmer/custom_level_3","data/minecraft/tags/villager_trade/farmer/custom_level_3.json","observed file is placed in the minecraft namespace","observed"
"data","tags","minecraft:villager_trade/farmer/custom_level_4","data/minecraft/tags/villager_trade/farmer/custom_level_4.json","observed file is placed in the minecraft namespace","observed"
"data","tags","minecraft:villager_trade/farmer/custom_level_5","data/minecraft/tags/villager_trade/farmer/custom_level_5.json","observed file is placed in the minecraft namespace","observed"
"data","tags","minecraft:villager_trade/fisherman/custom_level_1","data/minecraft/tags/villager_trade/fisherman/custom_level_1.json","observed file is placed in the minecraft namespace","observed"
"data","tags","minecraft:villager_trade/fisherman/custom_level_2","data/minecraft/tags/villager_trade/fisherman/custom_level_2.json","observed file is placed in the minecraft namespace","observed"
"data","tags","minecraft:villager_trade/fisherman/custom_level_3","data/minecraft/tags/villager_trade/fisherman/custom_level_3.json","observed file is placed in the minecraft namespace","observed"
"data","tags","minecraft:villager_trade/fisherman/custom_level_4","data/minecraft/tags/villager_trade/fisherman/custom_level_4.json","observed file is placed in the minecraft namespace","observed"
"data","tags","minecraft:villager_trade/fisherman/custom_level_5","data/minecraft/tags/villager_trade/fisherman/custom_level_5.json","observed file is placed in the minecraft namespace","observed"
"data","tags","minecraft:villager_trade/fletcher/custom_level_1","data/minecraft/tags/villager_trade/fletcher/custom_level_1.json","observed file is placed in the minecraft namespace","observed"
"data","tags","minecraft:villager_trade/fletcher/custom_level_2","data/minecraft/tags/villager_trade/fletcher/custom_level_2.json","observed file is placed in the minecraft namespace","observed"
"data","tags","minecraft:villager_trade/fletcher/custom_level_3","data/minecraft/tags/villager_trade/fletcher/custom_level_3.json","observed file is placed in the minecraft namespace","observed"
"data","tags","minecraft:villager_trade/fletcher/custom_level_4","data/minecraft/tags/villager_trade/fletcher/custom_level_4.json","observed file is placed in the minecraft namespace","observed"
"data","tags","minecraft:villager_trade/fletcher/custom_level_5","data/minecraft/tags/villager_trade/fletcher/custom_level_5.json","observed file is placed in the minecraft namespace","observed"
"data","tags","minecraft:villager_trade/leatherworker/custom_level_1","data/minecraft/tags/villager_trade/leatherworker/custom_level_1.json","observed file is placed in the minecraft namespace","observed"
"data","tags","minecraft:villager_trade/leatherworker/custom_level_2","data/minecraft/tags/villager_trade/leatherworker/custom_level_2.json","observed file is placed in the minecraft namespace","observed"
"data","tags","minecraft:villager_trade/leatherworker/custom_level_3","data/minecraft/tags/villager_trade/leatherworker/custom_level_3.json","observed file is placed in the minecraft namespace","observed"
"data","tags","minecraft:villager_trade/leatherworker/custom_level_4","data/minecraft/tags/villager_trade/leatherworker/custom_level_4.json","observed file is placed in the minecraft namespace","observed"
"data","tags","minecraft:villager_trade/leatherworker/custom_level_5","data/minecraft/tags/villager_trade/leatherworker/custom_level_5.json","observed file is placed in the minecraft namespace","observed"
"data","tags","minecraft:villager_trade/librarian/custom_level_1","data/minecraft/tags/villager_trade/librarian/custom_level_1.json","observed file is placed in the minecraft namespace","observed"
"data","tags","minecraft:villager_trade/librarian/custom_level_2","data/minecraft/tags/villager_trade/librarian/custom_level_2.json","observed file is placed in the minecraft namespace","observed"
"data","tags","minecraft:villager_trade/librarian/custom_level_3","data/minecraft/tags/villager_trade/librarian/custom_level_3.json","observed file is placed in the minecraft namespace","observed"
"data","tags","minecraft:villager_trade/librarian/custom_level_4","data/minecraft/tags/villager_trade/librarian/custom_level_4.json","observed file is placed in the minecraft namespace","observed"
"data","tags","minecraft:villager_trade/librarian/custom_level_5","data/minecraft/tags/villager_trade/librarian/custom_level_5.json","observed file is placed in the minecraft namespace","observed"
"data","tags","minecraft:villager_trade/mason/custom_level_1","data/minecraft/tags/villager_trade/mason/custom_level_1.json","observed file is placed in the minecraft namespace","observed"
"data","tags","minecraft:villager_trade/mason/custom_level_2","data/minecraft/tags/villager_trade/mason/custom_level_2.json","observed file is placed in the minecraft namespace","observed"
"data","tags","minecraft:villager_trade/mason/custom_level_3","data/minecraft/tags/villager_trade/mason/custom_level_3.json","observed file is placed in the minecraft namespace","observed"
"data","tags","minecraft:villager_trade/mason/custom_level_4","data/minecraft/tags/villager_trade/mason/custom_level_4.json","observed file is placed in the minecraft namespace","observed"
"data","tags","minecraft:villager_trade/mason/custom_level_5","data/minecraft/tags/villager_trade/mason/custom_level_5.json","observed file is placed in the minecraft namespace","observed"
"data","tags","minecraft:villager_trade/shepherd/custom_level_1","data/minecraft/tags/villager_trade/shepherd/custom_level_1.json","observed file is placed in the minecraft namespace","observed"
"data","tags","minecraft:villager_trade/shepherd/custom_level_2","data/minecraft/tags/villager_trade/shepherd/custom_level_2.json","observed file is placed in the minecraft namespace","observed"
"data","tags","minecraft:villager_trade/shepherd/custom_level_3","data/minecraft/tags/villager_trade/shepherd/custom_level_3.json","observed file is placed in the minecraft namespace","observed"
"data","tags","minecraft:villager_trade/shepherd/custom_level_4","data/minecraft/tags/villager_trade/shepherd/custom_level_4.json","observed file is placed in the minecraft namespace","observed"
"data","tags","minecraft:villager_trade/shepherd/custom_level_5","data/minecraft/tags/villager_trade/shepherd/custom_level_5.json","observed file is placed in the minecraft namespace","observed"
"data","tags","minecraft:villager_trade/toolsmith/custom_level_1","data/minecraft/tags/villager_trade/toolsmith/custom_level_1.json","observed file is placed in the minecraft namespace","observed"
"data","tags","minecraft:villager_trade/toolsmith/custom_level_2","data/minecraft/tags/villager_trade/toolsmith/custom_level_2.json","observed file is placed in the minecraft namespace","observed"
"data","tags","minecraft:villager_trade/toolsmith/custom_level_3","data/minecraft/tags/villager_trade/toolsmith/custom_level_3.json","observed file is placed in the minecraft namespace","observed"
"data","tags","minecraft:villager_trade/toolsmith/custom_level_4","data/minecraft/tags/villager_trade/toolsmith/custom_level_4.json","observed file is placed in the minecraft namespace","observed"
"data","tags","minecraft:villager_trade/toolsmith/custom_level_5","data/minecraft/tags/villager_trade/toolsmith/custom_level_5.json","observed file is placed in the minecraft namespace","observed"
"data","tags","minecraft:villager_trade/wandering_trader/asylum_seekers","data/minecraft/tags/villager_trade/wandering_trader/asylum_seekers.json","observed file is placed in the minecraft namespace","observed"
"data","tags","minecraft:villager_trade/wandering_trader/buying_discs","data/minecraft/tags/villager_trade/wandering_trader/buying_discs.json","observed file is placed in the minecraft namespace","observed"
"data","tags","minecraft:villager_trade/wandering_trader/maps","data/minecraft/tags/villager_trade/wandering_trader/maps.json","observed file is placed in the minecraft namespace","observed"
"data","tags","minecraft:villager_trade/weaponsmith/custom_level_1","data/minecraft/tags/villager_trade/weaponsmith/custom_level_1.json","observed file is placed in the minecraft namespace","observed"
"data","tags","minecraft:villager_trade/weaponsmith/custom_level_2","data/minecraft/tags/villager_trade/weaponsmith/custom_level_2.json","observed file is placed in the minecraft namespace","observed"
"data","tags","minecraft:villager_trade/weaponsmith/custom_level_3","data/minecraft/tags/villager_trade/weaponsmith/custom_level_3.json","observed file is placed in the minecraft namespace","observed"
"data","tags","minecraft:villager_trade/weaponsmith/custom_level_4","data/minecraft/tags/villager_trade/weaponsmith/custom_level_4.json","observed file is placed in the minecraft namespace","observed"
"data","tags","minecraft:villager_trade/weaponsmith/custom_level_5","data/minecraft/tags/villager_trade/weaponsmith/custom_level_5.json","observed file is placed in the minecraft namespace","observed"
"data","tags","minecraft:worldgen/biome/freshwater_cold","data/minecraft/tags/worldgen/biome/freshwater_cold.json","observed file is placed in the minecraft namespace","observed"
"data","tags","minecraft:worldgen/biome/freshwater_cool","data/minecraft/tags/worldgen/biome/freshwater_cool.json","observed file is placed in the minecraft namespace","observed"
"data","tags","minecraft:worldgen/biome/freshwater_hot_dry","data/minecraft/tags/worldgen/biome/freshwater_hot_dry.json","observed file is placed in the minecraft namespace","observed"
"data","tags","minecraft:worldgen/biome/freshwater_hot_wet","data/minecraft/tags/worldgen/biome/freshwater_hot_wet.json","observed file is placed in the minecraft namespace","observed"
"data","tags","minecraft:worldgen/biome/freshwater_temperate","data/minecraft/tags/worldgen/biome/freshwater_temperate.json","observed file is placed in the minecraft namespace","observed"
"data","tags","minecraft:worldgen/biome/has_structure/abbey_overgrown","data/minecraft/tags/worldgen/biome/has_structure/abbey_overgrown.json","observed file is placed in the minecraft namespace","observed"
"data","tags","minecraft:worldgen/biome/is_frozen","data/minecraft/tags/worldgen/biome/is_frozen.json","observed file is placed in the minecraft namespace","observed"
"data","tags","minecraft:worldgen/biome/saltwater_cold","data/minecraft/tags/worldgen/biome/saltwater_cold.json","observed file is placed in the minecraft namespace","observed"
"data","tags","minecraft:worldgen/biome/saltwater_cool","data/minecraft/tags/worldgen/biome/saltwater_cool.json","observed file is placed in the minecraft namespace","observed"
"data","tags","minecraft:worldgen/biome/saltwater_hot","data/minecraft/tags/worldgen/biome/saltwater_hot.json","observed file is placed in the minecraft namespace","observed"
"data","tags","minecraft:worldgen/biome/saltwater_temperate","data/minecraft/tags/worldgen/biome/saltwater_temperate.json","observed file is placed in the minecraft namespace","observed"
"data","tags","minecraft:worldgen/biome/saltwater_warm","data/minecraft/tags/worldgen/biome/saltwater_warm.json","observed file is placed in the minecraft namespace","observed"
"data","tags","minecraft:worldgen/biome/spawns_temperate_variant_farm_animals","data/minecraft/tags/worldgen/biome/spawns_temperate_variant_farm_animals.json","observed file is placed in the minecraft namespace","observed"
"data","tags","minecraft:worldgen/biome/swamps","data/minecraft/tags/worldgen/biome/swamps.json","observed file is placed in the minecraft namespace","observed"
"data","tags","minecraft:worldgen/biome/unused","data/minecraft/tags/worldgen/biome/unused.json","observed file is placed in the minecraft namespace","observed"
"data","tags","minecraft:worldgen/structure/on_abbey_explorer_maps","data/minecraft/tags/worldgen/structure/on_abbey_explorer_maps.json","observed file is placed in the minecraft namespace","observed"
"data","tags","minecraft:worldgen/structure/on_ancient_city_explorer_maps","data/minecraft/tags/worldgen/structure/on_ancient_city_explorer_maps.json","observed file is placed in the minecraft namespace","observed"
"data","tags","minecraft:worldgen/structure/on_desert_explorer_maps","data/minecraft/tags/worldgen/structure/on_desert_explorer_maps.json","observed file is placed in the minecraft namespace","observed"
"data","tags","minecraft:worldgen/structure/on_mineshaft_explorer_maps","data/minecraft/tags/worldgen/structure/on_mineshaft_explorer_maps.json","observed file is placed in the minecraft namespace","observed"
"data","tags","minecraft:worldgen/structure/on_papal_outpost_explorer_maps","data/minecraft/tags/worldgen/structure/on_papal_outpost_explorer_maps.json","observed file is placed in the minecraft namespace","observed"
"data","tags","minecraft:worldgen/structure/on_trail_explorer_maps","data/minecraft/tags/worldgen/structure/on_trail_explorer_maps.json","observed file is placed in the minecraft namespace","observed"
"data","tags","minecraft:worldgen/structure/on_warm_ocean_ruin_explorer_maps","data/minecraft/tags/worldgen/structure/on_warm_ocean_ruin_explorer_maps.json","observed file is placed in the minecraft namespace","observed"
"data","unknown","minecraft:day","data/minecraft/timeline/day.json","observed file is placed in the minecraft namespace","observed"
"data","unknown","minecraft:moon","data/minecraft/timeline/moon.json","observed file is placed in the minecraft namespace","observed"
"data","unknown","minecraft:armorer/level_1","data/minecraft/trade_set/armorer/level_1.json","observed file is placed in the minecraft namespace","observed"
"data","unknown","minecraft:armorer/level_2","data/minecraft/trade_set/armorer/level_2.json","observed file is placed in the minecraft namespace","observed"
"data","unknown","minecraft:armorer/level_3","data/minecraft/trade_set/armorer/level_3.json","observed file is placed in the minecraft namespace","observed"
"data","unknown","minecraft:armorer/level_4","data/minecraft/trade_set/armorer/level_4.json","observed file is placed in the minecraft namespace","observed"
"data","unknown","minecraft:armorer/level_5","data/minecraft/trade_set/armorer/level_5.json","observed file is placed in the minecraft namespace","observed"
"data","unknown","minecraft:butcher/level_1","data/minecraft/trade_set/butcher/level_1.json","observed file is placed in the minecraft namespace","observed"
"data","unknown","minecraft:butcher/level_2","data/minecraft/trade_set/butcher/level_2.json","observed file is placed in the minecraft namespace","observed"
"data","unknown","minecraft:butcher/level_3","data/minecraft/trade_set/butcher/level_3.json","observed file is placed in the minecraft namespace","observed"
"data","unknown","minecraft:butcher/level_4","data/minecraft/trade_set/butcher/level_4.json","observed file is placed in the minecraft namespace","observed"
"data","unknown","minecraft:butcher/level_5","data/minecraft/trade_set/butcher/level_5.json","observed file is placed in the minecraft namespace","observed"
"data","unknown","minecraft:cartographer/level_1","data/minecraft/trade_set/cartographer/level_1.json","observed file is placed in the minecraft namespace","observed"
"data","unknown","minecraft:cartographer/level_2","data/minecraft/trade_set/cartographer/level_2.json","observed file is placed in the minecraft namespace","observed"
"data","unknown","minecraft:cartographer/level_3","data/minecraft/trade_set/cartographer/level_3.json","observed file is placed in the minecraft namespace","observed"
"data","unknown","minecraft:cartographer/level_4","data/minecraft/trade_set/cartographer/level_4.json","observed file is placed in the minecraft namespace","observed"
"data","unknown","minecraft:cartographer/level_5","data/minecraft/trade_set/cartographer/level_5.json","observed file is placed in the minecraft namespace","observed"
"data","unknown","minecraft:cleric/level_1","data/minecraft/trade_set/cleric/level_1.json","observed file is placed in the minecraft namespace","observed"
"data","unknown","minecraft:cleric/level_2","data/minecraft/trade_set/cleric/level_2.json","observed file is placed in the minecraft namespace","observed"
"data","unknown","minecraft:cleric/level_3","data/minecraft/trade_set/cleric/level_3.json","observed file is placed in the minecraft namespace","observed"
"data","unknown","minecraft:cleric/level_4","data/minecraft/trade_set/cleric/level_4.json","observed file is placed in the minecraft namespace","observed"
"data","unknown","minecraft:cleric/level_5","data/minecraft/trade_set/cleric/level_5.json","observed file is placed in the minecraft namespace","observed"
"data","unknown","minecraft:farmer/level_1","data/minecraft/trade_set/farmer/level_1.json","observed file is placed in the minecraft namespace","observed"
"data","unknown","minecraft:farmer/level_2","data/minecraft/trade_set/farmer/level_2.json","observed file is placed in the minecraft namespace","observed"
"data","unknown","minecraft:farmer/level_3","data/minecraft/trade_set/farmer/level_3.json","observed file is placed in the minecraft namespace","observed"
"data","unknown","minecraft:farmer/level_4","data/minecraft/trade_set/farmer/level_4.json","observed file is placed in the minecraft namespace","observed"
"data","unknown","minecraft:farmer/level_5","data/minecraft/trade_set/farmer/level_5.json","observed file is placed in the minecraft namespace","observed"
"data","unknown","minecraft:fisherman/level_1","data/minecraft/trade_set/fisherman/level_1.json","observed file is placed in the minecraft namespace","observed"
"data","unknown","minecraft:fisherman/level_2","data/minecraft/trade_set/fisherman/level_2.json","observed file is placed in the minecraft namespace","observed"
"data","unknown","minecraft:fisherman/level_3","data/minecraft/trade_set/fisherman/level_3.json","observed file is placed in the minecraft namespace","observed"
"data","unknown","minecraft:fisherman/level_4","data/minecraft/trade_set/fisherman/level_4.json","observed file is placed in the minecraft namespace","observed"
"data","unknown","minecraft:fisherman/level_5","data/minecraft/trade_set/fisherman/level_5.json","observed file is placed in the minecraft namespace","observed"
"data","unknown","minecraft:fletcher/level_1","data/minecraft/trade_set/fletcher/level_1.json","observed file is placed in the minecraft namespace","observed"
"data","unknown","minecraft:fletcher/level_2","data/minecraft/trade_set/fletcher/level_2.json","observed file is placed in the minecraft namespace","observed"
"data","unknown","minecraft:fletcher/level_3","data/minecraft/trade_set/fletcher/level_3.json","observed file is placed in the minecraft namespace","observed"
"data","unknown","minecraft:fletcher/level_4","data/minecraft/trade_set/fletcher/level_4.json","observed file is placed in the minecraft namespace","observed"
"data","unknown","minecraft:fletcher/level_5","data/minecraft/trade_set/fletcher/level_5.json","observed file is placed in the minecraft namespace","observed"
"data","unknown","minecraft:leatherworker/level_1","data/minecraft/trade_set/leatherworker/level_1.json","observed file is placed in the minecraft namespace","observed"
"data","unknown","minecraft:leatherworker/level_2","data/minecraft/trade_set/leatherworker/level_2.json","observed file is placed in the minecraft namespace","observed"
"data","unknown","minecraft:leatherworker/level_3","data/minecraft/trade_set/leatherworker/level_3.json","observed file is placed in the minecraft namespace","observed"
"data","unknown","minecraft:leatherworker/level_4","data/minecraft/trade_set/leatherworker/level_4.json","observed file is placed in the minecraft namespace","observed"
"data","unknown","minecraft:leatherworker/level_5","data/minecraft/trade_set/leatherworker/level_5.json","observed file is placed in the minecraft namespace","observed"
"data","unknown","minecraft:librarian/level_1","data/minecraft/trade_set/librarian/level_1.json","observed file is placed in the minecraft namespace","observed"
"data","unknown","minecraft:librarian/level_2","data/minecraft/trade_set/librarian/level_2.json","observed file is placed in the minecraft namespace","observed"
"data","unknown","minecraft:librarian/level_3","data/minecraft/trade_set/librarian/level_3.json","observed file is placed in the minecraft namespace","observed"
"data","unknown","minecraft:librarian/level_4","data/minecraft/trade_set/librarian/level_4.json","observed file is placed in the minecraft namespace","observed"
"data","unknown","minecraft:librarian/level_5","data/minecraft/trade_set/librarian/level_5.json","observed file is placed in the minecraft namespace","observed"
"data","unknown","minecraft:mason/level_1","data/minecraft/trade_set/mason/level_1.json","observed file is placed in the minecraft namespace","observed"
"data","unknown","minecraft:mason/level_2","data/minecraft/trade_set/mason/level_2.json","observed file is placed in the minecraft namespace","observed"
"data","unknown","minecraft:mason/level_3","data/minecraft/trade_set/mason/level_3.json","observed file is placed in the minecraft namespace","observed"
"data","unknown","minecraft:mason/level_4","data/minecraft/trade_set/mason/level_4.json","observed file is placed in the minecraft namespace","observed"
"data","unknown","minecraft:mason/level_5","data/minecraft/trade_set/mason/level_5.json","observed file is placed in the minecraft namespace","observed"
"data","unknown","minecraft:shepherd/level_1","data/minecraft/trade_set/shepherd/level_1.json","observed file is placed in the minecraft namespace","observed"
"data","unknown","minecraft:shepherd/level_2","data/minecraft/trade_set/shepherd/level_2.json","observed file is placed in the minecraft namespace","observed"
"data","unknown","minecraft:shepherd/level_3","data/minecraft/trade_set/shepherd/level_3.json","observed file is placed in the minecraft namespace","observed"
"data","unknown","minecraft:shepherd/level_4","data/minecraft/trade_set/shepherd/level_4.json","observed file is placed in the minecraft namespace","observed"
"data","unknown","minecraft:shepherd/level_5","data/minecraft/trade_set/shepherd/level_5.json","observed file is placed in the minecraft namespace","observed"
"data","unknown","minecraft:toolsmith/level_1","data/minecraft/trade_set/toolsmith/level_1.json","observed file is placed in the minecraft namespace","observed"
"data","unknown","minecraft:toolsmith/level_2","data/minecraft/trade_set/toolsmith/level_2.json","observed file is placed in the minecraft namespace","observed"
"data","unknown","minecraft:toolsmith/level_3","data/minecraft/trade_set/toolsmith/level_3.json","observed file is placed in the minecraft namespace","observed"
"data","unknown","minecraft:toolsmith/level_4","data/minecraft/trade_set/toolsmith/level_4.json","observed file is placed in the minecraft namespace","observed"
"data","unknown","minecraft:toolsmith/level_5","data/minecraft/trade_set/toolsmith/level_5.json","observed file is placed in the minecraft namespace","observed"
"data","unknown","minecraft:wandering_trader/buying","data/minecraft/trade_set/wandering_trader/buying.json","observed file is placed in the minecraft namespace","observed"
"data","unknown","minecraft:wandering_trader/common","data/minecraft/trade_set/wandering_trader/common.json","observed file is placed in the minecraft namespace","observed"
"data","unknown","minecraft:wandering_trader/uncommon","data/minecraft/trade_set/wandering_trader/uncommon.json","observed file is placed in the minecraft namespace","observed"
"data","unknown","minecraft:weaponsmith/level_1","data/minecraft/trade_set/weaponsmith/level_1.json","observed file is placed in the minecraft namespace","observed"
"data","unknown","minecraft:weaponsmith/level_2","data/minecraft/trade_set/weaponsmith/level_2.json","observed file is placed in the minecraft namespace","observed"
"data","unknown","minecraft:weaponsmith/level_3","data/minecraft/trade_set/weaponsmith/level_3.json","observed file is placed in the minecraft namespace","observed"
"data","unknown","minecraft:weaponsmith/level_4","data/minecraft/trade_set/weaponsmith/level_4.json","observed file is placed in the minecraft namespace","observed"
"data","unknown","minecraft:weaponsmith/level_5","data/minecraft/trade_set/weaponsmith/level_5.json","observed file is placed in the minecraft namespace","observed"
"data","registry-data","minecraft:armorer/1/comparator","data/minecraft/villager_trade/armorer/1/comparator.json","observed file is placed in the minecraft namespace","observed"
"data","registry-data","minecraft:armorer/1/composter","data/minecraft/villager_trade/armorer/1/composter.json","observed file is placed in the minecraft namespace","observed"
"data","registry-data","minecraft:armorer/1/noteblock","data/minecraft/villager_trade/armorer/1/noteblock.json","observed file is placed in the minecraft namespace","observed"
"data","registry-data","minecraft:armorer/1/redstone_block","data/minecraft/villager_trade/armorer/1/redstone_block.json","observed file is placed in the minecraft namespace","observed"
"data","registry-data","minecraft:armorer/1/repeater","data/minecraft/villager_trade/armorer/1/repeater.json","observed file is placed in the minecraft namespace","observed"
"data","registry-data","minecraft:armorer/2/redstone_lamp","data/minecraft/villager_trade/armorer/2/redstone_lamp.json","observed file is placed in the minecraft namespace","observed"
"data","registry-data","minecraft:armorer/2/target","data/minecraft/villager_trade/armorer/2/target.json","observed file is placed in the minecraft namespace","observed"
"data","registry-data","minecraft:armorer/2/waxed_copper_bulb","data/minecraft/villager_trade/armorer/2/waxed_copper_bulb.json","observed file is placed in the minecraft namespace","observed"
"data","registry-data","minecraft:armorer/3/dispenser","data/minecraft/villager_trade/armorer/3/dispenser.json","observed file is placed in the minecraft namespace","observed"
"data","registry-data","minecraft:armorer/3/dropper","data/minecraft/villager_trade/armorer/3/dropper.json","observed file is placed in the minecraft namespace","observed"
"data","registry-data","minecraft:armorer/3/hopper","data/minecraft/villager_trade/armorer/3/hopper.json","observed file is placed in the minecraft namespace","observed"
"data","registry-data","minecraft:armorer/3/observer","data/minecraft/villager_trade/armorer/3/observer.json","observed file is placed in the minecraft namespace","observed"
"data","registry-data","minecraft:armorer/4/crafter","data/minecraft/villager_trade/armorer/4/crafter.json","observed file is placed in the minecraft namespace","observed"
"data","registry-data","minecraft:armorer/4/piston","data/minecraft/villager_trade/armorer/4/piston.json","observed file is placed in the minecraft namespace","observed"
"data","registry-data","minecraft:armorer/4/sticky_piston","data/minecraft/villager_trade/armorer/4/sticky_piston.json","observed file is placed in the minecraft namespace","observed"
"data","registry-data","minecraft:armorer/5/lava_kit","data/minecraft/villager_trade/armorer/5/lava_kit.json","observed file is placed in the minecraft namespace","observed"
"data","registry-data","minecraft:butcher/1/sweet_berry_toast","data/minecraft/villager_trade/butcher/1/sweet_berry_toast.json","observed file is placed in the minecraft namespace","observed"
"data","registry-data","minecraft:butcher/1/sweet_berry_toast_recipe","data/minecraft/villager_trade/butcher/1/sweet_berry_toast_recipe.json","observed file is placed in the minecraft namespace","observed"
"data","registry-data","minecraft:butcher/2/warped_stroganoff","data/minecraft/villager_trade/butcher/2/warped_stroganoff.json","observed file is placed in the minecraft namespace","observed"
"data","registry-data","minecraft:butcher/2/warped_stroganoff_recipe","data/minecraft/villager_trade/butcher/2/warped_stroganoff_recipe.json","observed file is placed in the minecraft namespace","observed"
"data","registry-data","minecraft:butcher/3/chorus_mochi","data/minecraft/villager_trade/butcher/3/chorus_mochi.json","observed file is placed in the minecraft namespace","observed"
"data","registry-data","minecraft:butcher/3/chorus_mochi_recipe","data/minecraft/villager_trade/butcher/3/chorus_mochi_recipe.json","observed file is placed in the minecraft namespace","observed"
"data","registry-data","minecraft:butcher/4/butcher_knife","data/minecraft/villager_trade/butcher/4/butcher_knife.json","observed file is placed in the minecraft namespace","observed"
"data","registry-data","minecraft:butcher/5/filler","data/minecraft/villager_trade/butcher/5/filler.json","observed file is placed in the minecraft namespace","observed"
"data","registry-data","minecraft:cartographer/1/mineshaft","data/minecraft/villager_trade/cartographer/1/mineshaft.json","observed file is placed in the minecraft namespace","observed"
"data","registry-data","minecraft:cartographer/1/papal_outpost","data/minecraft/villager_trade/cartographer/1/papal_outpost.json","observed file is placed in the minecraft namespace","observed"
"data","registry-data","minecraft:cartographer/1/sheaf_pottery_sherd","data/minecraft/villager_trade/cartographer/1/sheaf_pottery_sherd.json","observed file is placed in the minecraft namespace","observed"
"data","registry-data","minecraft:cartographer/1/witch_hut","data/minecraft/villager_trade/cartographer/1/witch_hut.json","observed file is placed in the minecraft namespace","observed"
"data","registry-data","minecraft:cartographer/2/brush","data/minecraft/villager_trade/cartographer/2/brush.json","observed file is placed in the minecraft namespace","observed"
"data","registry-data","minecraft:cartographer/2/desert_temple","data/minecraft/villager_trade/cartographer/2/desert_temple.json","observed file is placed in the minecraft namespace","observed"
"data","registry-data","minecraft:cartographer/2/howl_pottery_sherd","data/minecraft/villager_trade/cartographer/2/howl_pottery_sherd.json","observed file is placed in the minecraft namespace","observed"
"data","registry-data","minecraft:cartographer/2/jungle_ruin","data/minecraft/villager_trade/cartographer/2/jungle_ruin.json","observed file is placed in the minecraft namespace","observed"
"data","registry-data","minecraft:cartographer/2/trail_ruin","data/minecraft/villager_trade/cartographer/2/trail_ruin.json","observed file is placed in the minecraft namespace","observed"
"data","registry-data","minecraft:cartographer/3/abbey","data/minecraft/villager_trade/cartographer/3/abbey.json","observed file is placed in the minecraft namespace","observed"
"data","registry-data","minecraft:cartographer/3/ocean_monument","data/minecraft/villager_trade/cartographer/3/ocean_monument.json","observed file is placed in the minecraft namespace","observed"
"data","registry-data","minecraft:cartographer/3/snort_pottery_sherd","data/minecraft/villager_trade/cartographer/3/snort_pottery_sherd.json","observed file is placed in the minecraft namespace","observed"
"data","registry-data","minecraft:cartographer/3/trial_chamber","data/minecraft/villager_trade/cartographer/3/trial_chamber.json","observed file is placed in the minecraft namespace","observed"
"data","registry-data","minecraft:cartographer/3/warm_ocean_ruin","data/minecraft/villager_trade/cartographer/3/warm_ocean_ruin.json","observed file is placed in the minecraft namespace","observed"
"data","registry-data","minecraft:cartographer/4/ancient_city","data/minecraft/villager_trade/cartographer/4/ancient_city.json","observed file is placed in the minecraft namespace","observed"
"data","registry-data","minecraft:cartographer/4/mourner_pottery_sherd","data/minecraft/villager_trade/cartographer/4/mourner_pottery_sherd.json","observed file is placed in the minecraft namespace","observed"
"data","registry-data","minecraft:cartographer/5/arms_up_pottery_sherd","data/minecraft/villager_trade/cartographer/5/arms_up_pottery_sherd.json","observed file is placed in the minecraft namespace","observed"
"data","registry-data","minecraft:cartographer/5/cheerful_clay_statue","data/minecraft/villager_trade/cartographer/5/cheerful_clay_statue.json","observed file is placed in the minecraft namespace","observed"
"data","registry-data","minecraft:cartographer/5/mournful_clay_statue","data/minecraft/villager_trade/cartographer/5/mournful_clay_statue.json","observed file is placed in the minecraft namespace","observed"
"data","registry-data","minecraft:cartographer/5/woodland_mansion","data/minecraft/villager_trade/cartographer/5/woodland_mansion.json","observed file is placed in the minecraft namespace","observed"
"data","registry-data","minecraft:cleric/1/splash_infested","data/minecraft/villager_trade/cleric/1/splash_infested.json","observed file is placed in the minecraft namespace","observed"
"data","registry-data","minecraft:cleric/1/splash_invisibility","data/minecraft/villager_trade/cleric/1/splash_invisibility.json","observed file is placed in the minecraft namespace","observed"
"data","registry-data","minecraft:cleric/1/splash_oozing","data/minecraft/villager_trade/cleric/1/splash_oozing.json","observed file is placed in the minecraft namespace","observed"
"data","registry-data","minecraft:cleric/1/splash_pitch","data/minecraft/villager_trade/cleric/1/splash_pitch.json","observed file is placed in the minecraft namespace","observed"
"data","registry-data","minecraft:cleric/1/splash_poison","data/minecraft/villager_trade/cleric/1/splash_poison.json","observed file is placed in the minecraft namespace","observed"
"data","registry-data","minecraft:cleric/1/splash_slowness","data/minecraft/villager_trade/cleric/1/splash_slowness.json","observed file is placed in the minecraft namespace","observed"
"data","registry-data","minecraft:cleric/1/splash_weakness","data/minecraft/villager_trade/cleric/1/splash_weakness.json","observed file is placed in the minecraft namespace","observed"
"data","registry-data","minecraft:cleric/1/splash_weaving","data/minecraft/villager_trade/cleric/1/splash_weaving.json","observed file is placed in the minecraft namespace","observed"
"data","registry-data","minecraft:cleric/1/splash_wind_charged","data/minecraft/villager_trade/cleric/1/splash_wind_charged.json","observed file is placed in the minecraft namespace","observed"
"data","registry-data","minecraft:cleric/1/splash_wither","data/minecraft/villager_trade/cleric/1/splash_wither.json","observed file is placed in the minecraft namespace","observed"
"data","registry-data","minecraft:cleric/2/filler","data/minecraft/villager_trade/cleric/2/filler.json","observed file is placed in the minecraft namespace","observed"
"data","registry-data","minecraft:cleric/3/filler","data/minecraft/villager_trade/cleric/3/filler.json","observed file is placed in the minecraft namespace","observed"
"data","registry-data","minecraft:cleric/4/filler","data/minecraft/villager_trade/cleric/4/filler.json","observed file is placed in the minecraft namespace","observed"
"data","registry-data","minecraft:cleric/5/filler","data/minecraft/villager_trade/cleric/5/filler.json","observed file is placed in the minecraft namespace","observed"
"data","registry-data","minecraft:farmer/1/bonemeal","data/minecraft/villager_trade/farmer/1/bonemeal.json","observed file is placed in the minecraft namespace","observed"
"data","registry-data","minecraft:farmer/1/exotic_seed_bundle","data/minecraft/villager_trade/farmer/1/exotic_seed_bundle.json","observed file is placed in the minecraft namespace","observed"
"data","registry-data","minecraft:farmer/1/floral_bundle","data/minecraft/villager_trade/farmer/1/floral_bundle.json","observed file is placed in the minecraft namespace","observed"
"data","registry-data","minecraft:farmer/1/mushy_bundle","data/minecraft/villager_trade/farmer/1/mushy_bundle.json","observed file is placed in the minecraft namespace","observed"
"data","registry-data","minecraft:farmer/1/seed_bundle","data/minecraft/villager_trade/farmer/1/seed_bundle.json","observed file is placed in the minecraft namespace","observed"
"data","registry-data","minecraft:farmer/2/blue_egg","data/minecraft/villager_trade/farmer/2/blue_egg.json","observed file is placed in the minecraft namespace","observed"
"data","registry-data","minecraft:farmer/2/brown_egg","data/minecraft/villager_trade/farmer/2/brown_egg.json","observed file is placed in the minecraft namespace","observed"
"data","registry-data","minecraft:farmer/2/white_egg","data/minecraft/villager_trade/farmer/2/white_egg.json","observed file is placed in the minecraft namespace","observed"
"data","registry-data","minecraft:farmer/3/baby_cold_cow","data/minecraft/villager_trade/farmer/3/baby_cold_cow.json","observed file is placed in the minecraft namespace","observed"
"data","registry-data","minecraft:farmer/3/baby_cold_pig","data/minecraft/villager_trade/farmer/3/baby_cold_pig.json","observed file is placed in the minecraft namespace","observed"
"data","registry-data","minecraft:farmer/3/baby_temperate_cow","data/minecraft/villager_trade/farmer/3/baby_temperate_cow.json","observed file is placed in the minecraft namespace","observed"
"data","registry-data","minecraft:farmer/3/baby_temperate_pig","data/minecraft/villager_trade/farmer/3/baby_temperate_pig.json","observed file is placed in the minecraft namespace","observed"
"data","registry-data","minecraft:farmer/3/baby_warm_cow","data/minecraft/villager_trade/farmer/3/baby_warm_cow.json","observed file is placed in the minecraft namespace","observed"
"data","registry-data","minecraft:farmer/3/baby_warm_pig","data/minecraft/villager_trade/farmer/3/baby_warm_pig.json","observed file is placed in the minecraft namespace","observed"
"data","registry-data","minecraft:farmer/4/filler","data/minecraft/villager_trade/farmer/4/filler.json","observed file is placed in the minecraft namespace","observed"
"data","registry-data","minecraft:farmer/5/filler","data/minecraft/villager_trade/farmer/5/filler.json","observed file is placed in the minecraft namespace","observed"
"data","registry-data","minecraft:fisherman/1/alaska_blackfish","data/minecraft/villager_trade/fisherman/1/alaska_blackfish.json","observed file is placed in the minecraft namespace","observed"
"data","registry-data","minecraft:fisherman/1/anchovy","data/minecraft/villager_trade/fisherman/1/anchovy.json","observed file is placed in the minecraft namespace","observed"
"data","registry-data","minecraft:fisherman/1/bluegill","data/minecraft/villager_trade/fisherman/1/bluegill.json","observed file is placed in the minecraft namespace","observed"
"data","registry-data","minecraft:fisherman/1/bujurqui","data/minecraft/villager_trade/fisherman/1/bujurqui.json","observed file is placed in the minecraft namespace","observed"
"data","registry-data","minecraft:fisherman/1/cod","data/minecraft/villager_trade/fisherman/1/cod.json","observed file is placed in the minecraft namespace","observed"
"data","registry-data","minecraft:fisherman/1/crappie","data/minecraft/villager_trade/fisherman/1/crappie.json","observed file is placed in the minecraft namespace","observed"
"data","registry-data","minecraft:fisherman/1/freshwater_pufferfish","data/minecraft/villager_trade/fisherman/1/freshwater_pufferfish.json","observed file is placed in the minecraft namespace","observed"
"data","registry-data","minecraft:fisherman/1/guppy","data/minecraft/villager_trade/fisherman/1/guppy.json","observed file is placed in the minecraft namespace","observed"
"data","registry-data","minecraft:fisherman/1/humpback_whitefish","data/minecraft/villager_trade/fisherman/1/humpback_whitefish.json","observed file is placed in the minecraft namespace","observed"
"data","registry-data","minecraft:fisherman/1/mediterranean_killifish","data/minecraft/villager_trade/fisherman/1/mediterranean_killifish.json","observed file is placed in the minecraft namespace","observed"
"data","registry-data","minecraft:fisherman/1/pufferfish","data/minecraft/villager_trade/fisherman/1/pufferfish.json","observed file is placed in the minecraft namespace","observed"
"data","registry-data","minecraft:fisherman/1/rainbow_wrasse","data/minecraft/villager_trade/fisherman/1/rainbow_wrasse.json","observed file is placed in the minecraft namespace","observed"
"data","registry-data","minecraft:fisherman/1/salmon","data/minecraft/villager_trade/fisherman/1/salmon.json","observed file is placed in the minecraft namespace","observed"
"data","registry-data","minecraft:fisherman/1/shad","data/minecraft/villager_trade/fisherman/1/shad.json","observed file is placed in the minecraft namespace","observed"
"data","registry-data","minecraft:fisherman/1/striped_perch","data/minecraft/villager_trade/fisherman/1/striped_perch.json","observed file is placed in the minecraft namespace","observed"
"data","registry-data","minecraft:fisherman/1/tropical_fish","data/minecraft/villager_trade/fisherman/1/tropical_fish.json","observed file is placed in the minecraft namespace","observed"
"data","registry-data","minecraft:fisherman/2/black_seabass","data/minecraft/villager_trade/fisherman/2/black_seabass.json","observed file is placed in the minecraft namespace","observed"
"data","registry-data","minecraft:fisherman/2/carp","data/minecraft/villager_trade/fisherman/2/carp.json","observed file is placed in the minecraft namespace","observed"
"data","registry-data","minecraft:fisherman/2/flying_fish","data/minecraft/villager_trade/fisherman/2/flying_fish.json","observed file is placed in the minecraft namespace","observed"
"data","registry-data","minecraft:fisherman/2/gurnard","data/minecraft/villager_trade/fisherman/2/gurnard.json","observed file is placed in the minecraft namespace","observed"
"data","registry-data","minecraft:fisherman/2/herring","data/minecraft/villager_trade/fisherman/2/herring.json","observed file is placed in the minecraft namespace","observed"
"data","registry-data","minecraft:fisherman/2/lamprey","data/minecraft/villager_trade/fisherman/2/lamprey.json","observed file is placed in the minecraft namespace","observed"
"data","registry-data","minecraft:fisherman/2/mahi_mahi","data/minecraft/villager_trade/fisherman/2/mahi_mahi.json","observed file is placed in the minecraft namespace","observed"
"data","registry-data","minecraft:fisherman/2/piranha","data/minecraft/villager_trade/fisherman/2/piranha.json","observed file is placed in the minecraft namespace","observed"
"data","registry-data","minecraft:fisherman/2/spoonhead_sculpin","data/minecraft/villager_trade/fisherman/2/spoonhead_sculpin.json","observed file is placed in the minecraft namespace","observed"
"data","registry-data","minecraft:fisherman/2/walleye","data/minecraft/villager_trade/fisherman/2/walleye.json","observed file is placed in the minecraft namespace","observed"
"data","registry-data","minecraft:fisherman/3/armoured_catfish","data/minecraft/villager_trade/fisherman/3/armoured_catfish.json","observed file is placed in the minecraft namespace","observed"
"data","registry-data","minecraft:fisherman/3/catfish","data/minecraft/villager_trade/fisherman/3/catfish.json","observed file is placed in the minecraft namespace","observed"
"data","registry-data","minecraft:fisherman/3/flounder","data/minecraft/villager_trade/fisherman/3/flounder.json","observed file is placed in the minecraft namespace","observed"
"data","registry-data","minecraft:fisherman/3/gar","data/minecraft/villager_trade/fisherman/3/gar.json","observed file is placed in the minecraft namespace","observed"
"data","registry-data","minecraft:fisherman/3/monkfish","data/minecraft/villager_trade/fisherman/3/monkfish.json","observed file is placed in the minecraft namespace","observed"
"data","registry-data","minecraft:fisherman/3/northern_pike","data/minecraft/villager_trade/fisherman/3/northern_pike.json","observed file is placed in the minecraft namespace","observed"
"data","registry-data","minecraft:fisherman/3/painted_moray","data/minecraft/villager_trade/fisherman/3/painted_moray.json","observed file is placed in the minecraft namespace","observed"
"data","registry-data","minecraft:fisherman/3/sturgeon","data/minecraft/villager_trade/fisherman/3/sturgeon.json","observed file is placed in the minecraft namespace","observed"
"data","registry-data","minecraft:fisherman/3/tunisian_barb","data/minecraft/villager_trade/fisherman/3/tunisian_barb.json","observed file is placed in the minecraft namespace","observed"
"data","registry-data","minecraft:fisherman/3/wolffish","data/minecraft/villager_trade/fisherman/3/wolffish.json","observed file is placed in the minecraft namespace","observed"
"data","registry-data","minecraft:fisherman/4/arapaima","data/minecraft/villager_trade/fisherman/4/arapaima.json","observed file is placed in the minecraft namespace","observed"
"data","registry-data","minecraft:fisherman/4/bass","data/minecraft/villager_trade/fisherman/4/bass.json","observed file is placed in the minecraft namespace","observed"
"data","registry-data","minecraft:fisherman/4/echo_fish","data/minecraft/villager_trade/fisherman/4/echo_fish.json","observed file is placed in the minecraft namespace","observed"
"data","registry-data","minecraft:fisherman/4/european_eel","data/minecraft/villager_trade/fisherman/4/european_eel.json","observed file is placed in the minecraft namespace","observed"
"data","registry-data","minecraft:fisherman/4/muskellunge","data/minecraft/villager_trade/fisherman/4/muskellunge.json","observed file is placed in the minecraft namespace","observed"
"data","registry-data","minecraft:fisherman/4/oarfish","data/minecraft/villager_trade/fisherman/4/oarfish.json","observed file is placed in the minecraft namespace","observed"
"data","registry-data","minecraft:fisherman/4/opah","data/minecraft/villager_trade/fisherman/4/opah.json","observed file is placed in the minecraft namespace","observed"
"data","registry-data","minecraft:fisherman/4/pale_fish","data/minecraft/villager_trade/fisherman/4/pale_fish.json","observed file is placed in the minecraft namespace","observed"
"data","registry-data","minecraft:fisherman/4/siberian_sturgeon","data/minecraft/villager_trade/fisherman/4/siberian_sturgeon.json","observed file is placed in the minecraft namespace","observed"
"data","registry-data","minecraft:fisherman/4/skate","data/minecraft/villager_trade/fisherman/4/skate.json","observed file is placed in the minecraft namespace","observed"
"data","registry-data","minecraft:fisherman/4/swordfish","data/minecraft/villager_trade/fisherman/4/swordfish.json","observed file is placed in the minecraft namespace","observed"
"data","registry-data","minecraft:fisherman/5/filler","data/minecraft/villager_trade/fisherman/5/filler.json","observed file is placed in the minecraft namespace","observed"
"data","registry-data","minecraft:fletcher/1/apotropaic_arrow","data/minecraft/villager_trade/fletcher/1/apotropaic_arrow.json","observed file is placed in the minecraft namespace","observed"
"data","registry-data","minecraft:fletcher/1/arrow","data/minecraft/villager_trade/fletcher/1/arrow.json","observed file is placed in the minecraft namespace","observed"
"data","registry-data","minecraft:fletcher/1/nightshade_arrow","data/minecraft/villager_trade/fletcher/1/nightshade_arrow.json","observed file is placed in the minecraft namespace","observed"
"data","registry-data","minecraft:fletcher/2/spectral_arrow","data/minecraft/villager_trade/fletcher/2/spectral_arrow.json","observed file is placed in the minecraft namespace","observed"
"data","registry-data","minecraft:fletcher/3/compound_bow","data/minecraft/villager_trade/fletcher/3/compound_bow.json","observed file is placed in the minecraft namespace","observed"
"data","registry-data","minecraft:fletcher/4/filler","data/minecraft/villager_trade/fletcher/4/filler.json","observed file is placed in the minecraft namespace","observed"
"data","registry-data","minecraft:fletcher/5/filler","data/minecraft/villager_trade/fletcher/5/filler.json","observed file is placed in the minecraft namespace","observed"
"data","registry-data","minecraft:leatherworker/1/birch_log","data/minecraft/villager_trade/leatherworker/1/birch_log.json","observed file is placed in the minecraft namespace","observed"
"data","registry-data","minecraft:leatherworker/1/oak_log","data/minecraft/villager_trade/leatherworker/1/oak_log.json","observed file is placed in the minecraft namespace","observed"
"data","registry-data","minecraft:leatherworker/1/spruce_log","data/minecraft/villager_trade/leatherworker/1/spruce_log.json","observed file is placed in the minecraft namespace","observed"
"data","registry-data","minecraft:leatherworker/2/acacia_log","data/minecraft/villager_trade/leatherworker/2/acacia_log.json","observed file is placed in the minecraft namespace","observed"
"data","registry-data","minecraft:leatherworker/2/cherry_log","data/minecraft/villager_trade/leatherworker/2/cherry_log.json","observed file is placed in the minecraft namespace","observed"
"data","registry-data","minecraft:leatherworker/2/dark_oak_log","data/minecraft/villager_trade/leatherworker/2/dark_oak_log.json","observed file is placed in the minecraft namespace","observed"
"data","registry-data","minecraft:leatherworker/2/jungle_log","data/minecraft/villager_trade/leatherworker/2/jungle_log.json","observed file is placed in the minecraft namespace","observed"
"data","registry-data","minecraft:leatherworker/2/mangrove_log","data/minecraft/villager_trade/leatherworker/2/mangrove_log.json","observed file is placed in the minecraft namespace","observed"
"data","registry-data","minecraft:leatherworker/3/crimson_log","data/minecraft/villager_trade/leatherworker/3/crimson_log.json","observed file is placed in the minecraft namespace","observed"
"data","registry-data","minecraft:leatherworker/3/mushroom_stem","data/minecraft/villager_trade/leatherworker/3/mushroom_stem.json","observed file is placed in the minecraft namespace","observed"
"data","registry-data","minecraft:leatherworker/3/pale_oak_log","data/minecraft/villager_trade/leatherworker/3/pale_oak_log.json","observed file is placed in the minecraft namespace","observed"
"data","registry-data","minecraft:leatherworker/3/warped_log","data/minecraft/villager_trade/leatherworker/3/warped_log.json","observed file is placed in the minecraft namespace","observed"
"data","registry-data","minecraft:leatherworker/4/hatchet","data/minecraft/villager_trade/leatherworker/4/hatchet.json","observed file is placed in the minecraft namespace","observed"
"data","registry-data","minecraft:leatherworker/5/filler","data/minecraft/villager_trade/leatherworker/5/filler.json","observed file is placed in the minecraft namespace","observed"
"data","registry-data","minecraft:librarian/1/divine_comedy","data/minecraft/villager_trade/librarian/1/divine_comedy.json","observed file is placed in the minecraft namespace","observed"
"data","registry-data","minecraft:librarian/1/ender_pearl","data/minecraft/villager_trade/librarian/1/ender_pearl.json","observed file is placed in the minecraft namespace","observed"
"data","registry-data","minecraft:librarian/1/paradise_lost","data/minecraft/villager_trade/librarian/1/paradise_lost.json","observed file is placed in the minecraft namespace","observed"
"data","registry-data","minecraft:librarian/2/avesta","data/minecraft/villager_trade/librarian/2/avesta.json","observed file is placed in the minecraft namespace","observed"
"data","registry-data","minecraft:librarian/2/quran","data/minecraft/villager_trade/librarian/2/quran.json","observed file is placed in the minecraft namespace","observed"
"data","registry-data","minecraft:librarian/2/tanakh","data/minecraft/villager_trade/librarian/2/tanakh.json","observed file is placed in the minecraft namespace","observed"
"data","registry-data","minecraft:librarian/3/enoch","data/minecraft/villager_trade/librarian/3/enoch.json","observed file is placed in the minecraft namespace","observed"
"data","registry-data","minecraft:librarian/4/solomon","data/minecraft/villager_trade/librarian/4/solomon.json","observed file is placed in the minecraft namespace","observed"
"data","registry-data","minecraft:librarian/5/filler","data/minecraft/villager_trade/librarian/5/filler.json","observed file is placed in the minecraft namespace","observed"
"data","registry-data","minecraft:mason/1/andesite","data/minecraft/villager_trade/mason/1/andesite.json","observed file is placed in the minecraft namespace","observed"
"data","registry-data","minecraft:mason/1/diorite","data/minecraft/villager_trade/mason/1/diorite.json","observed file is placed in the minecraft namespace","observed"
"data","registry-data","minecraft:mason/1/granite","data/minecraft/villager_trade/mason/1/granite.json","observed file is placed in the minecraft namespace","observed"
"data","registry-data","minecraft:mason/1/stone","data/minecraft/villager_trade/mason/1/stone.json","observed file is placed in the minecraft namespace","observed"
"data","registry-data","minecraft:mason/2/deepslate","data/minecraft/villager_trade/mason/2/deepslate.json","observed file is placed in the minecraft namespace","observed"
"data","registry-data","minecraft:mason/2/glass","data/minecraft/villager_trade/mason/2/glass.json","observed file is placed in the minecraft namespace","observed"
"data","registry-data","minecraft:mason/2/smooth_red_sandstone","data/minecraft/villager_trade/mason/2/smooth_red_sandstone.json","observed file is placed in the minecraft namespace","observed"
"data","registry-data","minecraft:mason/2/smooth_sandstone","data/minecraft/villager_trade/mason/2/smooth_sandstone.json","observed file is placed in the minecraft namespace","observed"
"data","registry-data","minecraft:mason/2/terracotta","data/minecraft/villager_trade/mason/2/terracotta.json","observed file is placed in the minecraft namespace","observed"
"data","registry-data","minecraft:mason/2/tuff","data/minecraft/villager_trade/mason/2/tuff.json","observed file is placed in the minecraft namespace","observed"
"data","registry-data","minecraft:mason/3/calcite","data/minecraft/villager_trade/mason/3/calcite.json","observed file is placed in the minecraft namespace","observed"
"data","registry-data","minecraft:mason/3/flowstone","data/minecraft/villager_trade/mason/3/flowstone.json","observed file is placed in the minecraft namespace","observed"
"data","registry-data","minecraft:mason/3/malachite","data/minecraft/villager_trade/mason/3/malachite.json","observed file is placed in the minecraft namespace","observed"
"data","registry-data","minecraft:mason/4/blackstone","data/minecraft/villager_trade/mason/4/blackstone.json","observed file is placed in the minecraft namespace","observed"
"data","registry-data","minecraft:mason/4/quartz_emerald","data/minecraft/villager_trade/mason/4/quartz_emerald.json","observed file is placed in the minecraft namespace","observed"
"data","registry-data","minecraft:mason/4/smooth_basalt","data/minecraft/villager_trade/mason/4/smooth_basalt.json","observed file is placed in the minecraft namespace","observed"
"data","registry-data","minecraft:mason/4/smooth_quartz","data/minecraft/villager_trade/mason/4/smooth_quartz.json","observed file is placed in the minecraft namespace","observed"
"data","registry-data","minecraft:mason/5/filler","data/minecraft/villager_trade/mason/5/filler.json","observed file is placed in the minecraft namespace","observed"
"data","registry-data","minecraft:shepherd/1/black_wool","data/minecraft/villager_trade/shepherd/1/black_wool.json","observed file is placed in the minecraft namespace","observed"
"data","registry-data","minecraft:shepherd/1/blue_wool","data/minecraft/villager_trade/shepherd/1/blue_wool.json","observed file is placed in the minecraft namespace","observed"
"data","registry-data","minecraft:shepherd/1/brown_wool","data/minecraft/villager_trade/shepherd/1/brown_wool.json","observed file is placed in the minecraft namespace","observed"
"data","registry-data","minecraft:shepherd/1/cyan_wool","data/minecraft/villager_trade/shepherd/1/cyan_wool.json","observed file is placed in the minecraft namespace","observed"
"data","registry-data","minecraft:shepherd/1/gray_wool","data/minecraft/villager_trade/shepherd/1/gray_wool.json","observed file is placed in the minecraft namespace","observed"
"data","registry-data","minecraft:shepherd/1/green_wool","data/minecraft/villager_trade/shepherd/1/green_wool.json","observed file is placed in the minecraft namespace","observed"
"data","registry-data","minecraft:shepherd/1/light_blue_wool","data/minecraft/villager_trade/shepherd/1/light_blue_wool.json","observed file is placed in the minecraft namespace","observed"
"data","registry-data","minecraft:shepherd/1/light_gray_wool","data/minecraft/villager_trade/shepherd/1/light_gray_wool.json","observed file is placed in the minecraft namespace","observed"
"data","registry-data","minecraft:shepherd/1/lime_wool","data/minecraft/villager_trade/shepherd/1/lime_wool.json","observed file is placed in the minecraft namespace","observed"
"data","registry-data","minecraft:shepherd/1/magenta_wool","data/minecraft/villager_trade/shepherd/1/magenta_wool.json","observed file is placed in the minecraft namespace","observed"
"data","registry-data","minecraft:shepherd/1/orange_wool","data/minecraft/villager_trade/shepherd/1/orange_wool.json","observed file is placed in the minecraft namespace","observed"
"data","registry-data","minecraft:shepherd/1/pink_wool","data/minecraft/villager_trade/shepherd/1/pink_wool.json","observed file is placed in the minecraft namespace","observed"
"data","registry-data","minecraft:shepherd/1/purple_wool","data/minecraft/villager_trade/shepherd/1/purple_wool.json","observed file is placed in the minecraft namespace","observed"
"data","registry-data","minecraft:shepherd/1/red_wool","data/minecraft/villager_trade/shepherd/1/red_wool.json","observed file is placed in the minecraft namespace","observed"
"data","registry-data","minecraft:shepherd/1/white_wool","data/minecraft/villager_trade/shepherd/1/white_wool.json","observed file is placed in the minecraft namespace","observed"
"data","registry-data","minecraft:shepherd/1/yellow_wool","data/minecraft/villager_trade/shepherd/1/yellow_wool.json","observed file is placed in the minecraft namespace","observed"
"data","registry-data","minecraft:shepherd/2/baby_cold_sheep","data/minecraft/villager_trade/shepherd/2/baby_cold_sheep.json","observed file is placed in the minecraft namespace","observed"
"data","registry-data","minecraft:shepherd/2/baby_temperate_sheep","data/minecraft/villager_trade/shepherd/2/baby_temperate_sheep.json","observed file is placed in the minecraft namespace","observed"
"data","registry-data","minecraft:shepherd/2/baby_warm_sheep","data/minecraft/villager_trade/shepherd/2/baby_warm_sheep.json","observed file is placed in the minecraft namespace","observed"
"data","registry-data","minecraft:shepherd/2/shepherds_shears","data/minecraft/villager_trade/shepherd/2/shepherds_shears.json","observed file is placed in the minecraft namespace","observed"
"data","registry-data","minecraft:shepherd/3/crook","data/minecraft/villager_trade/shepherd/3/crook.json","observed file is placed in the minecraft namespace","observed"
"data","registry-data","minecraft:shepherd/4/filler","data/minecraft/villager_trade/shepherd/4/filler.json","observed file is placed in the minecraft namespace","observed"
"data","registry-data","minecraft:shepherd/5/filler","data/minecraft/villager_trade/shepherd/5/filler.json","observed file is placed in the minecraft namespace","observed"
"data","registry-data","minecraft:toolsmith/1/opal_earrings","data/minecraft/villager_trade/toolsmith/1/opal_earrings.json","observed file is placed in the minecraft namespace","observed"
"data","registry-data","minecraft:toolsmith/2/ruby_circlet","data/minecraft/villager_trade/toolsmith/2/ruby_circlet.json","observed file is placed in the minecraft namespace","observed"
"data","registry-data","minecraft:toolsmith/3/amber_earrings","data/minecraft/villager_trade/toolsmith/3/amber_earrings.json","observed file is placed in the minecraft namespace","observed"
"data","registry-data","minecraft:toolsmith/4/bronze_laurel","data/minecraft/villager_trade/toolsmith/4/bronze_laurel.json","observed file is placed in the minecraft namespace","observed"
"data","registry-data","minecraft:toolsmith/4/topaz_earrings","data/minecraft/villager_trade/toolsmith/4/topaz_earrings.json","observed file is placed in the minecraft namespace","observed"
"data","registry-data","minecraft:toolsmith/5/sell_amber","data/minecraft/villager_trade/toolsmith/5/sell_amber.json","observed file is placed in the minecraft namespace","observed"
"data","registry-data","minecraft:toolsmith/5/sell_opal","data/minecraft/villager_trade/toolsmith/5/sell_opal.json","observed file is placed in the minecraft namespace","observed"
"data","registry-data","minecraft:toolsmith/5/sell_ruby","data/minecraft/villager_trade/toolsmith/5/sell_ruby.json","observed file is placed in the minecraft namespace","observed"
"data","registry-data","minecraft:toolsmith/5/sell_topaz","data/minecraft/villager_trade/toolsmith/5/sell_topaz.json","observed file is placed in the minecraft namespace","observed"
"data","registry-data","minecraft:wandering_trader/adult_asylum_seeker_1","data/minecraft/villager_trade/wandering_trader/adult_asylum_seeker_1.json","observed file is placed in the minecraft namespace","observed"
"data","registry-data","minecraft:wandering_trader/adult_asylum_seeker_2","data/minecraft/villager_trade/wandering_trader/adult_asylum_seeker_2.json","observed file is placed in the minecraft namespace","observed"
"data","registry-data","minecraft:wandering_trader/adult_asylum_seeker_3","data/minecraft/villager_trade/wandering_trader/adult_asylum_seeker_3.json","observed file is placed in the minecraft namespace","observed"
"data","registry-data","minecraft:wandering_trader/adult_asylum_seeker_4","data/minecraft/villager_trade/wandering_trader/adult_asylum_seeker_4.json","observed file is placed in the minecraft namespace","observed"
"data","registry-data","minecraft:wandering_trader/adult_asylum_seeker_5","data/minecraft/villager_trade/wandering_trader/adult_asylum_seeker_5.json","observed file is placed in the minecraft namespace","observed"
"data","registry-data","minecraft:wandering_trader/adult_asylum_seeker_6","data/minecraft/villager_trade/wandering_trader/adult_asylum_seeker_6.json","observed file is placed in the minecraft namespace","observed"
"data","registry-data","minecraft:wandering_trader/adult_asylum_seeker_7","data/minecraft/villager_trade/wandering_trader/adult_asylum_seeker_7.json","observed file is placed in the minecraft namespace","observed"
"data","registry-data","minecraft:wandering_trader/child_asylum_seeker","data/minecraft/villager_trade/wandering_trader/child_asylum_seeker.json","observed file is placed in the minecraft namespace","observed"
"data","registry-data","minecraft:wandering_trader/child_asylum_seeker_2","data/minecraft/villager_trade/wandering_trader/child_asylum_seeker_2.json","observed file is placed in the minecraft namespace","observed"
"data","registry-data","minecraft:wandering_trader/music_disc_11","data/minecraft/villager_trade/wandering_trader/music_disc_11.json","observed file is placed in the minecraft namespace","observed"
"data","registry-data","minecraft:wandering_trader/music_disc_13","data/minecraft/villager_trade/wandering_trader/music_disc_13.json","observed file is placed in the minecraft namespace","observed"
"data","registry-data","minecraft:wandering_trader/music_disc_5","data/minecraft/villager_trade/wandering_trader/music_disc_5.json","observed file is placed in the minecraft namespace","observed"
"data","registry-data","minecraft:wandering_trader/music_disc_blocks","data/minecraft/villager_trade/wandering_trader/music_disc_blocks.json","observed file is placed in the minecraft namespace","observed"
"data","registry-data","minecraft:wandering_trader/music_disc_cat","data/minecraft/villager_trade/wandering_trader/music_disc_cat.json","observed file is placed in the minecraft namespace","observed"
"data","registry-data","minecraft:wandering_trader/music_disc_chirp","data/minecraft/villager_trade/wandering_trader/music_disc_chirp.json","observed file is placed in the minecraft namespace","observed"
"data","registry-data","minecraft:wandering_trader/music_disc_creator","data/minecraft/villager_trade/wandering_trader/music_disc_creator.json","observed file is placed in the minecraft namespace","observed"
"data","registry-data","minecraft:wandering_trader/music_disc_creator_music_box","data/minecraft/villager_trade/wandering_trader/music_disc_creator_music_box.json","observed file is placed in the minecraft namespace","observed"
"data","registry-data","minecraft:wandering_trader/music_disc_far","data/minecraft/villager_trade/wandering_trader/music_disc_far.json","observed file is placed in the minecraft namespace","observed"
"data","registry-data","minecraft:wandering_trader/music_disc_lava_chicken","data/minecraft/villager_trade/wandering_trader/music_disc_lava_chicken.json","observed file is placed in the minecraft namespace","observed"
"data","registry-data","minecraft:wandering_trader/music_disc_mall","data/minecraft/villager_trade/wandering_trader/music_disc_mall.json","observed file is placed in the minecraft namespace","observed"
"data","registry-data","minecraft:wandering_trader/music_disc_mellohi","data/minecraft/villager_trade/wandering_trader/music_disc_mellohi.json","observed file is placed in the minecraft namespace","observed"
"data","registry-data","minecraft:wandering_trader/music_disc_otherside","data/minecraft/villager_trade/wandering_trader/music_disc_otherside.json","observed file is placed in the minecraft namespace","observed"
"data","registry-data","minecraft:wandering_trader/music_disc_pigstep","data/minecraft/villager_trade/wandering_trader/music_disc_pigstep.json","observed file is placed in the minecraft namespace","observed"
"data","registry-data","minecraft:wandering_trader/music_disc_precipice","data/minecraft/villager_trade/wandering_trader/music_disc_precipice.json","observed file is placed in the minecraft namespace","observed"
"data","registry-data","minecraft:wandering_trader/music_disc_relic","data/minecraft/villager_trade/wandering_trader/music_disc_relic.json","observed file is placed in the minecraft namespace","observed"
"data","registry-data","minecraft:wandering_trader/music_disc_stal","data/minecraft/villager_trade/wandering_trader/music_disc_stal.json","observed file is placed in the minecraft namespace","observed"
"data","registry-data","minecraft:wandering_trader/music_disc_strad","data/minecraft/villager_trade/wandering_trader/music_disc_strad.json","observed file is placed in the minecraft namespace","observed"
"data","registry-data","minecraft:wandering_trader/music_disc_tears","data/minecraft/villager_trade/wandering_trader/music_disc_tears.json","observed file is placed in the minecraft namespace","observed"
"data","registry-data","minecraft:wandering_trader/music_disc_wait","data/minecraft/villager_trade/wandering_trader/music_disc_wait.json","observed file is placed in the minecraft namespace","observed"
"data","registry-data","minecraft:wandering_trader/music_disc_ward","data/minecraft/villager_trade/wandering_trader/music_disc_ward.json","observed file is placed in the minecraft namespace","observed"
"data","registry-data","minecraft:wandering_trader/village_desert","data/minecraft/villager_trade/wandering_trader/village_desert.json","observed file is placed in the minecraft namespace","observed"
"data","registry-data","minecraft:wandering_trader/village_plains","data/minecraft/villager_trade/wandering_trader/village_plains.json","observed file is placed in the minecraft namespace","observed"
"data","registry-data","minecraft:wandering_trader/village_savanna","data/minecraft/villager_trade/wandering_trader/village_savanna.json","observed file is placed in the minecraft namespace","observed"
"data","registry-data","minecraft:wandering_trader/village_snowy","data/minecraft/villager_trade/wandering_trader/village_snowy.json","observed file is placed in the minecraft namespace","observed"
"data","registry-data","minecraft:wandering_trader/village_taiga","data/minecraft/villager_trade/wandering_trader/village_taiga.json","observed file is placed in the minecraft namespace","observed"
"data","registry-data","minecraft:wandering_trader/witch_hut","data/minecraft/villager_trade/wandering_trader/witch_hut.json","observed file is placed in the minecraft namespace","observed"
"data","registry-data","minecraft:weaponsmith/1/bronze_axe","data/minecraft/villager_trade/weaponsmith/1/bronze_axe.json","observed file is placed in the minecraft namespace","observed"
"data","registry-data","minecraft:weaponsmith/1/bronze_boots","data/minecraft/villager_trade/weaponsmith/1/bronze_boots.json","observed file is placed in the minecraft namespace","observed"
"data","registry-data","minecraft:weaponsmith/1/bronze_chestplate","data/minecraft/villager_trade/weaponsmith/1/bronze_chestplate.json","observed file is placed in the minecraft namespace","observed"
"data","registry-data","minecraft:weaponsmith/1/bronze_dolabra","data/minecraft/villager_trade/weaponsmith/1/bronze_dolabra.json","observed file is placed in the minecraft namespace","observed"
"data","registry-data","minecraft:weaponsmith/1/bronze_helmet","data/minecraft/villager_trade/weaponsmith/1/bronze_helmet.json","observed file is placed in the minecraft namespace","observed"
"data","registry-data","minecraft:weaponsmith/1/bronze_hoe","data/minecraft/villager_trade/weaponsmith/1/bronze_hoe.json","observed file is placed in the minecraft namespace","observed"
"data","registry-data","minecraft:weaponsmith/1/bronze_leggings","data/minecraft/villager_trade/weaponsmith/1/bronze_leggings.json","observed file is placed in the minecraft namespace","observed"
"data","registry-data","minecraft:weaponsmith/1/bronze_mattock","data/minecraft/villager_trade/weaponsmith/1/bronze_mattock.json","observed file is placed in the minecraft namespace","observed"
"data","registry-data","minecraft:weaponsmith/1/bronze_pickaxe","data/minecraft/villager_trade/weaponsmith/1/bronze_pickaxe.json","observed file is placed in the minecraft namespace","observed"
"data","registry-data","minecraft:weaponsmith/1/bronze_shovel","data/minecraft/villager_trade/weaponsmith/1/bronze_shovel.json","observed file is placed in the minecraft namespace","observed"
"data","registry-data","minecraft:weaponsmith/1/bronze_spear","data/minecraft/villager_trade/weaponsmith/1/bronze_spear.json","observed file is placed in the minecraft namespace","observed"
"data","registry-data","minecraft:weaponsmith/1/bronze_sword","data/minecraft/villager_trade/weaponsmith/1/bronze_sword.json","observed file is placed in the minecraft namespace","observed"
"data","registry-data","minecraft:weaponsmith/1/electrum_axe","data/minecraft/villager_trade/weaponsmith/1/electrum_axe.json","observed file is placed in the minecraft namespace","observed"
"data","registry-data","minecraft:weaponsmith/1/electrum_boots","data/minecraft/villager_trade/weaponsmith/1/electrum_boots.json","observed file is placed in the minecraft namespace","observed"
"data","registry-data","minecraft:weaponsmith/1/electrum_chestplate","data/minecraft/villager_trade/weaponsmith/1/electrum_chestplate.json","observed file is placed in the minecraft namespace","observed"
"data","registry-data","minecraft:weaponsmith/1/electrum_dolabra","data/minecraft/villager_trade/weaponsmith/1/electrum_dolabra.json","observed file is placed in the minecraft namespace","observed"
"data","registry-data","minecraft:weaponsmith/1/electrum_helmet","data/minecraft/villager_trade/weaponsmith/1/electrum_helmet.json","observed file is placed in the minecraft namespace","observed"
"data","registry-data","minecraft:weaponsmith/1/electrum_hoe","data/minecraft/villager_trade/weaponsmith/1/electrum_hoe.json","observed file is placed in the minecraft namespace","observed"
"data","registry-data","minecraft:weaponsmith/1/electrum_leggings","data/minecraft/villager_trade/weaponsmith/1/electrum_leggings.json","observed file is placed in the minecraft namespace","observed"
"data","registry-data","minecraft:weaponsmith/1/electrum_mattock","data/minecraft/villager_trade/weaponsmith/1/electrum_mattock.json","observed file is placed in the minecraft namespace","observed"
"data","registry-data","minecraft:weaponsmith/1/electrum_pickaxe","data/minecraft/villager_trade/weaponsmith/1/electrum_pickaxe.json","observed file is placed in the minecraft namespace","observed"
"data","registry-data","minecraft:weaponsmith/1/electrum_shovel","data/minecraft/villager_trade/weaponsmith/1/electrum_shovel.json","observed file is placed in the minecraft namespace","observed"
"data","registry-data","minecraft:weaponsmith/1/electrum_spear","data/minecraft/villager_trade/weaponsmith/1/electrum_spear.json","observed file is placed in the minecraft namespace","observed"
"data","registry-data","minecraft:weaponsmith/1/electrum_sword","data/minecraft/villager_trade/weaponsmith/1/electrum_sword.json","observed file is placed in the minecraft namespace","observed"
"data","registry-data","minecraft:weaponsmith/1/netherite_axe","data/minecraft/villager_trade/weaponsmith/1/netherite_axe.json","observed file is placed in the minecraft namespace","observed"
"data","registry-data","minecraft:weaponsmith/1/netherite_boots","data/minecraft/villager_trade/weaponsmith/1/netherite_boots.json","observed file is placed in the minecraft namespace","observed"
"data","registry-data","minecraft:weaponsmith/1/netherite_chestplate","data/minecraft/villager_trade/weaponsmith/1/netherite_chestplate.json","observed file is placed in the minecraft namespace","observed"
"data","registry-data","minecraft:weaponsmith/1/netherite_dolabra","data/minecraft/villager_trade/weaponsmith/1/netherite_dolabra.json","observed file is placed in the minecraft namespace","observed"
"data","registry-data","minecraft:weaponsmith/1/netherite_helmet","data/minecraft/villager_trade/weaponsmith/1/netherite_helmet.json","observed file is placed in the minecraft namespace","observed"
"data","registry-data","minecraft:weaponsmith/1/netherite_hoe","data/minecraft/villager_trade/weaponsmith/1/netherite_hoe.json","observed file is placed in the minecraft namespace","observed"
"data","registry-data","minecraft:weaponsmith/1/netherite_leggings","data/minecraft/villager_trade/weaponsmith/1/netherite_leggings.json","observed file is placed in the minecraft namespace","observed"
"data","registry-data","minecraft:weaponsmith/1/netherite_mattock","data/minecraft/villager_trade/weaponsmith/1/netherite_mattock.json","observed file is placed in the minecraft namespace","observed"
"data","registry-data","minecraft:weaponsmith/1/netherite_pickaxe","data/minecraft/villager_trade/weaponsmith/1/netherite_pickaxe.json","observed file is placed in the minecraft namespace","observed"
"data","registry-data","minecraft:weaponsmith/1/netherite_shovel","data/minecraft/villager_trade/weaponsmith/1/netherite_shovel.json","observed file is placed in the minecraft namespace","observed"
"data","registry-data","minecraft:weaponsmith/1/netherite_spear","data/minecraft/villager_trade/weaponsmith/1/netherite_spear.json","observed file is placed in the minecraft namespace","observed"
"data","registry-data","minecraft:weaponsmith/1/netherite_sword","data/minecraft/villager_trade/weaponsmith/1/netherite_sword.json","observed file is placed in the minecraft namespace","observed"
"data","registry-data","minecraft:weaponsmith/1/shakudo_axe","data/minecraft/villager_trade/weaponsmith/1/shakudo_axe.json","observed file is placed in the minecraft namespace","observed"
"data","registry-data","minecraft:weaponsmith/1/shakudo_boots","data/minecraft/villager_trade/weaponsmith/1/shakudo_boots.json","observed file is placed in the minecraft namespace","observed"
"data","registry-data","minecraft:weaponsmith/1/shakudo_chestplate","data/minecraft/villager_trade/weaponsmith/1/shakudo_chestplate.json","observed file is placed in the minecraft namespace","observed"
"data","registry-data","minecraft:weaponsmith/1/shakudo_dolabra","data/minecraft/villager_trade/weaponsmith/1/shakudo_dolabra.json","observed file is placed in the minecraft namespace","observed"
"data","registry-data","minecraft:weaponsmith/1/shakudo_helmet","data/minecraft/villager_trade/weaponsmith/1/shakudo_helmet.json","observed file is placed in the minecraft namespace","observed"
"data","registry-data","minecraft:weaponsmith/1/shakudo_hoe","data/minecraft/villager_trade/weaponsmith/1/shakudo_hoe.json","observed file is placed in the minecraft namespace","observed"
"data","registry-data","minecraft:weaponsmith/1/shakudo_leggings","data/minecraft/villager_trade/weaponsmith/1/shakudo_leggings.json","observed file is placed in the minecraft namespace","observed"
"data","registry-data","minecraft:weaponsmith/1/shakudo_mattock","data/minecraft/villager_trade/weaponsmith/1/shakudo_mattock.json","observed file is placed in the minecraft namespace","observed"
"data","registry-data","minecraft:weaponsmith/1/shakudo_pickaxe","data/minecraft/villager_trade/weaponsmith/1/shakudo_pickaxe.json","observed file is placed in the minecraft namespace","observed"
"data","registry-data","minecraft:weaponsmith/1/shakudo_shovel","data/minecraft/villager_trade/weaponsmith/1/shakudo_shovel.json","observed file is placed in the minecraft namespace","observed"
"data","registry-data","minecraft:weaponsmith/1/shakudo_spear","data/minecraft/villager_trade/weaponsmith/1/shakudo_spear.json","observed file is placed in the minecraft namespace","observed"
"data","registry-data","minecraft:weaponsmith/1/shakudo_sword","data/minecraft/villager_trade/weaponsmith/1/shakudo_sword.json","observed file is placed in the minecraft namespace","observed"
"data","registry-data","minecraft:weaponsmith/2/filler","data/minecraft/villager_trade/weaponsmith/2/filler.json","observed file is placed in the minecraft namespace","observed"
"data","registry-data","minecraft:weaponsmith/3/filler","data/minecraft/villager_trade/weaponsmith/3/filler.json","observed file is placed in the minecraft namespace","observed"
"data","registry-data","minecraft:weaponsmith/4/filler","data/minecraft/villager_trade/weaponsmith/4/filler.json","observed file is placed in the minecraft namespace","observed"
"data","registry-data","minecraft:weaponsmith/5/filler","data/minecraft/villager_trade/weaponsmith/5/filler.json","observed file is placed in the minecraft namespace","observed"
"data","worldgen","minecraft:biome/badlands","data/minecraft/worldgen/biome/badlands.json","observed file is placed in the minecraft namespace","observed"
"data","worldgen","minecraft:biome/bamboo_jungle","data/minecraft/worldgen/biome/bamboo_jungle.json","observed file is placed in the minecraft namespace","observed"
"data","worldgen","minecraft:biome/basalt_deltas","data/minecraft/worldgen/biome/basalt_deltas.json","observed file is placed in the minecraft namespace","observed"
"data","worldgen","minecraft:biome/beach","data/minecraft/worldgen/biome/beach.json","observed file is placed in the minecraft namespace","observed"
"data","worldgen","minecraft:biome/birch_forest","data/minecraft/worldgen/biome/birch_forest.json","observed file is placed in the minecraft namespace","observed"
"data","worldgen","minecraft:biome/cherry_grove","data/minecraft/worldgen/biome/cherry_grove.json","observed file is placed in the minecraft namespace","observed"
"data","worldgen","minecraft:biome/cold_ocean","data/minecraft/worldgen/biome/cold_ocean.json","observed file is placed in the minecraft namespace","observed"
"data","worldgen","minecraft:biome/crimson_forest","data/minecraft/worldgen/biome/crimson_forest.json","observed file is placed in the minecraft namespace","observed"
"data","worldgen","minecraft:biome/dark_forest","data/minecraft/worldgen/biome/dark_forest.json","observed file is placed in the minecraft namespace","observed"
"data","worldgen","minecraft:biome/deep_cold_ocean","data/minecraft/worldgen/biome/deep_cold_ocean.json","observed file is placed in the minecraft namespace","observed"
"data","worldgen","minecraft:biome/deep_dark","data/minecraft/worldgen/biome/deep_dark.json","observed file is placed in the minecraft namespace","observed"
"data","worldgen","minecraft:biome/deep_frozen_ocean","data/minecraft/worldgen/biome/deep_frozen_ocean.json","observed file is placed in the minecraft namespace","observed"
"data","worldgen","minecraft:biome/deep_lukewarm_ocean","data/minecraft/worldgen/biome/deep_lukewarm_ocean.json","observed file is placed in the minecraft namespace","observed"
"data","worldgen","minecraft:biome/deep_ocean","data/minecraft/worldgen/biome/deep_ocean.json","observed file is placed in the minecraft namespace","observed"
"data","worldgen","minecraft:biome/desert","data/minecraft/worldgen/biome/desert.json","observed file is placed in the minecraft namespace","observed"
"data","worldgen","minecraft:biome/dripstone_caves","data/minecraft/worldgen/biome/dripstone_caves.json","observed file is placed in the minecraft namespace","observed"
"data","worldgen","minecraft:biome/end_barrens","data/minecraft/worldgen/biome/end_barrens.json","observed file is placed in the minecraft namespace","observed"
"data","worldgen","minecraft:biome/end_highlands","data/minecraft/worldgen/biome/end_highlands.json","observed file is placed in the minecraft namespace","observed"
"data","worldgen","minecraft:biome/end_midlands","data/minecraft/worldgen/biome/end_midlands.json","observed file is placed in the minecraft namespace","observed"
"data","worldgen","minecraft:biome/eroded_badlands","data/minecraft/worldgen/biome/eroded_badlands.json","observed file is placed in the minecraft namespace","observed"
"data","worldgen","minecraft:biome/flower_forest","data/minecraft/worldgen/biome/flower_forest.json","observed file is placed in the minecraft namespace","observed"
"data","worldgen","minecraft:biome/forest","data/minecraft/worldgen/biome/forest.json","observed file is placed in the minecraft namespace","observed"
"data","worldgen","minecraft:biome/frozen_ocean","data/minecraft/worldgen/biome/frozen_ocean.json","observed file is placed in the minecraft namespace","observed"
"data","worldgen","minecraft:biome/frozen_peaks","data/minecraft/worldgen/biome/frozen_peaks.json","observed file is placed in the minecraft namespace","observed"
"data","worldgen","minecraft:biome/frozen_river","data/minecraft/worldgen/biome/frozen_river.json","observed file is placed in the minecraft namespace","observed"
"data","worldgen","minecraft:biome/grove","data/minecraft/worldgen/biome/grove.json","observed file is placed in the minecraft namespace","observed"
"data","worldgen","minecraft:biome/ice_spikes","data/minecraft/worldgen/biome/ice_spikes.json","observed file is placed in the minecraft namespace","observed"
"data","worldgen","minecraft:biome/jagged_peaks","data/minecraft/worldgen/biome/jagged_peaks.json","observed file is placed in the minecraft namespace","observed"
"data","worldgen","minecraft:biome/jungle","data/minecraft/worldgen/biome/jungle.json","observed file is placed in the minecraft namespace","observed"
"data","worldgen","minecraft:biome/lukewarm_ocean","data/minecraft/worldgen/biome/lukewarm_ocean.json","observed file is placed in the minecraft namespace","observed"
"data","worldgen","minecraft:biome/lush_caves","data/minecraft/worldgen/biome/lush_caves.json","observed file is placed in the minecraft namespace","observed"
"data","worldgen","minecraft:biome/mangrove_swamp","data/minecraft/worldgen/biome/mangrove_swamp.json","observed file is placed in the minecraft namespace","observed"
"data","worldgen","minecraft:biome/meadow","data/minecraft/worldgen/biome/meadow.json","observed file is placed in the minecraft namespace","observed"
"data","worldgen","minecraft:biome/mushroom_fields","data/minecraft/worldgen/biome/mushroom_fields.json","observed file is placed in the minecraft namespace","observed"
"data","worldgen","minecraft:biome/nether_wastes","data/minecraft/worldgen/biome/nether_wastes.json","observed file is placed in the minecraft namespace","observed"
"data","worldgen","minecraft:biome/ocean","data/minecraft/worldgen/biome/ocean.json","observed file is placed in the minecraft namespace","observed"
"data","worldgen","minecraft:biome/old_growth_birch_forest","data/minecraft/worldgen/biome/old_growth_birch_forest.json","observed file is placed in the minecraft namespace","observed"
"data","worldgen","minecraft:biome/old_growth_pine_taiga","data/minecraft/worldgen/biome/old_growth_pine_taiga.json","observed file is placed in the minecraft namespace","observed"
"data","worldgen","minecraft:biome/old_growth_spruce_taiga","data/minecraft/worldgen/biome/old_growth_spruce_taiga.json","observed file is placed in the minecraft namespace","observed"
"data","worldgen","minecraft:biome/pale_garden","data/minecraft/worldgen/biome/pale_garden.json","observed file is placed in the minecraft namespace","observed"
"data","worldgen","minecraft:biome/plains","data/minecraft/worldgen/biome/plains.json","observed file is placed in the minecraft namespace","observed"
"data","worldgen","minecraft:biome/river","data/minecraft/worldgen/biome/river.json","observed file is placed in the minecraft namespace","observed"
"data","worldgen","minecraft:biome/savanna","data/minecraft/worldgen/biome/savanna.json","observed file is placed in the minecraft namespace","observed"
"data","worldgen","minecraft:biome/savanna_plateau","data/minecraft/worldgen/biome/savanna_plateau.json","observed file is placed in the minecraft namespace","observed"
"data","worldgen","minecraft:biome/small_end_islands","data/minecraft/worldgen/biome/small_end_islands.json","observed file is placed in the minecraft namespace","observed"
"data","worldgen","minecraft:biome/snowy_beach","data/minecraft/worldgen/biome/snowy_beach.json","observed file is placed in the minecraft namespace","observed"
"data","worldgen","minecraft:biome/snowy_plains","data/minecraft/worldgen/biome/snowy_plains.json","observed file is placed in the minecraft namespace","observed"
"data","worldgen","minecraft:biome/snowy_slopes","data/minecraft/worldgen/biome/snowy_slopes.json","observed file is placed in the minecraft namespace","observed"
"data","worldgen","minecraft:biome/snowy_taiga","data/minecraft/worldgen/biome/snowy_taiga.json","observed file is placed in the minecraft namespace","observed"
"data","worldgen","minecraft:biome/soul_sand_valley","data/minecraft/worldgen/biome/soul_sand_valley.json","observed file is placed in the minecraft namespace","observed"
"data","worldgen","minecraft:biome/sparse_jungle","data/minecraft/worldgen/biome/sparse_jungle.json","observed file is placed in the minecraft namespace","observed"
"data","worldgen","minecraft:biome/stony_peaks","data/minecraft/worldgen/biome/stony_peaks.json","observed file is placed in the minecraft namespace","observed"
"data","worldgen","minecraft:biome/stony_shore","data/minecraft/worldgen/biome/stony_shore.json","observed file is placed in the minecraft namespace","observed"
"data","worldgen","minecraft:biome/sunflower_plains","data/minecraft/worldgen/biome/sunflower_plains.json","observed file is placed in the minecraft namespace","observed"
"data","worldgen","minecraft:biome/swamp","data/minecraft/worldgen/biome/swamp.json","observed file is placed in the minecraft namespace","observed"
"data","worldgen","minecraft:biome/taiga","data/minecraft/worldgen/biome/taiga.json","observed file is placed in the minecraft namespace","observed"
"data","worldgen","minecraft:biome/the_end","data/minecraft/worldgen/biome/the_end.json","observed file is placed in the minecraft namespace","observed"
"data","worldgen","minecraft:biome/the_void","data/minecraft/worldgen/biome/the_void.json","observed file is placed in the minecraft namespace","observed"
"data","worldgen","minecraft:biome/warm_ocean","data/minecraft/worldgen/biome/warm_ocean.json","observed file is placed in the minecraft namespace","observed"
"data","worldgen","minecraft:biome/warped_forest","data/minecraft/worldgen/biome/warped_forest.json","observed file is placed in the minecraft namespace","observed"
"data","worldgen","minecraft:biome/windswept_forest","data/minecraft/worldgen/biome/windswept_forest.json","observed file is placed in the minecraft namespace","observed"
"data","worldgen","minecraft:biome/windswept_gravelly_hills","data/minecraft/worldgen/biome/windswept_gravelly_hills.json","observed file is placed in the minecraft namespace","observed"
"data","worldgen","minecraft:biome/windswept_hills","data/minecraft/worldgen/biome/windswept_hills.json","observed file is placed in the minecraft namespace","observed"
"data","worldgen","minecraft:biome/windswept_savanna","data/minecraft/worldgen/biome/windswept_savanna.json","observed file is placed in the minecraft namespace","observed"
"data","worldgen","minecraft:biome/wooded_badlands","data/minecraft/worldgen/biome/wooded_badlands.json","observed file is placed in the minecraft namespace","observed"
"data","worldgen","minecraft:placed_feature/monster_room","data/minecraft/worldgen/placed_feature/monster_room.json","observed file is placed in the minecraft namespace","observed"
"data","worldgen","minecraft:placed_feature/monster_room_deep","data/minecraft/worldgen/placed_feature/monster_room_deep.json","observed file is placed in the minecraft namespace","observed"
"data","worldgen","minecraft:processor_list/abbey_dungeon","data/minecraft/worldgen/processor_list/abbey_dungeon.json","observed file is placed in the minecraft namespace","observed"
"data","worldgen","minecraft:processor_list/abbey_tower","data/minecraft/worldgen/processor_list/abbey_tower.json","observed file is placed in the minecraft namespace","observed"
"data","worldgen","minecraft:processor_list/cobwebs","data/minecraft/worldgen/processor_list/cobwebs.json","observed file is placed in the minecraft namespace","observed"
"data","worldgen","minecraft:processor_list/outpost_rot","data/minecraft/worldgen/processor_list/outpost_rot.json","observed file is placed in the minecraft namespace","observed"
"data","worldgen","minecraft:structure/abbey_overgrown","data/minecraft/worldgen/structure/abbey_overgrown.json","observed file is placed in the minecraft namespace","observed"
"data","worldgen","minecraft:structure/pillager_outpost","data/minecraft/worldgen/structure/pillager_outpost.json","observed file is placed in the minecraft namespace","observed"
"data","worldgen","minecraft:structure/village_desert","data/minecraft/worldgen/structure/village_desert.json","observed file is placed in the minecraft namespace","observed"
"data","worldgen","minecraft:structure/village_plains","data/minecraft/worldgen/structure/village_plains.json","observed file is placed in the minecraft namespace","observed"
"data","worldgen","minecraft:structure/village_savanna","data/minecraft/worldgen/structure/village_savanna.json","observed file is placed in the minecraft namespace","observed"
"data","worldgen","minecraft:structure/village_snowy","data/minecraft/worldgen/structure/village_snowy.json","observed file is placed in the minecraft namespace","observed"
"data","worldgen","minecraft:structure/village_taiga","data/minecraft/worldgen/structure/village_taiga.json","observed file is placed in the minecraft namespace","observed"
"data","worldgen","minecraft:structure_set/abbey","data/minecraft/worldgen/structure_set/abbey.json","observed file is placed in the minecraft namespace","observed"
"data","worldgen","minecraft:structure_set/villages","data/minecraft/worldgen/structure_set/villages.json","observed file is placed in the minecraft namespace","observed"
"data","worldgen","minecraft:template_pool/abbey/default/boon_rooms","data/minecraft/worldgen/template_pool/abbey/default/boon_rooms.json","observed file is placed in the minecraft namespace","observed"
"data","worldgen","minecraft:template_pool/abbey/default/default_rooms","data/minecraft/worldgen/template_pool/abbey/default/default_rooms.json","observed file is placed in the minecraft namespace","observed"
"data","worldgen","minecraft:template_pool/abbey/default/dungeon_rooms","data/minecraft/worldgen/template_pool/abbey/default/dungeon_rooms.json","observed file is placed in the minecraft namespace","observed"
"data","worldgen","minecraft:template_pool/abbey/default/entrance_rooms","data/minecraft/worldgen/template_pool/abbey/default/entrance_rooms.json","observed file is placed in the minecraft namespace","observed"
"data","worldgen","minecraft:template_pool/abbey/default/entrances","data/minecraft/worldgen/template_pool/abbey/default/entrances.json","observed file is placed in the minecraft namespace","observed"
"data","worldgen","minecraft:template_pool/abbey/default/puzzle_rooms","data/minecraft/worldgen/template_pool/abbey/default/puzzle_rooms.json","observed file is placed in the minecraft namespace","observed"
"data","worldgen","minecraft:template_pool/abbey/default/rooms","data/minecraft/worldgen/template_pool/abbey/default/rooms.json","observed file is placed in the minecraft namespace","observed"
"data","worldgen","minecraft:template_pool/abbey/overgrown/tower","data/minecraft/worldgen/template_pool/abbey/overgrown/tower.json","observed file is placed in the minecraft namespace","observed"
"data","worldgen","minecraft:template_pool/pillager_outpost/features","data/minecraft/worldgen/template_pool/pillager_outpost/features.json","observed file is placed in the minecraft namespace","observed"
"data","worldgen","minecraft:template_pool/pillager_outpost/towers","data/minecraft/worldgen/template_pool/pillager_outpost/towers.json","observed file is placed in the minecraft namespace","observed"
"data","worldgen","minecraft:template_pool/village_beta/buildings","data/minecraft/worldgen/template_pool/village_beta/buildings.json","observed file is placed in the minecraft namespace","observed"
"data","worldgen","minecraft:template_pool/village_beta/main_roads","data/minecraft/worldgen/template_pool/village_beta/main_roads.json","observed file is placed in the minecraft namespace","observed"
"data","worldgen","minecraft:template_pool/village_beta/roads","data/minecraft/worldgen/template_pool/village_beta/roads.json","observed file is placed in the minecraft namespace","observed"
"data","worldgen","minecraft:template_pool/village_beta/town_centers","data/minecraft/worldgen/template_pool/village_beta/town_centers.json","observed file is placed in the minecraft namespace","observed"
